ISO-10303-21;
HEADER;
/* Generated by software containing ST-Developer
 * from STEP Tools, Inc. (www.steptools.com) 
 */
/* OPTION: using custom renumber hook */

FILE_DESCRIPTION(
/* description */ ('STEP AP242 Edition 2',
'CAx-IF Rec.Pracs.---Representation and Presentation of Product Manufa
cturing Information (PMI)---4.0---2014-10-13',
'CAx-IF Rec.Pracs.---3D Tessellated Geometry---0.4---2014-09-14','2;1',
'CAx-IF Rec.Pracs.---User Defined Attributes---1.5---2016-08-15'),
/* implementation_level */ '2;1');

FILE_NAME(
/* name */ 'Part Studio 1 - Keyboard Case',
/* time_stamp */ '2026-08-06T02:40:24Z',
/* author */ (''),
/* organization */ (''),
/* preprocessor_version */ 'ST-DEVELOPER v20',
/* originating_system */ 'ONSHAPE BY PTC INC, 1.218',
/* authorisation */ '  ');

FILE_SCHEMA (('AP242_MANAGED_MODEL_BASED_3D_ENGINEERING_MIM_LF { 1 0 10303 442 3 1 4 }'));
ENDSEC;

DATA;
#10=SHAPE_REPRESENTATION_RELATIONSHIP('','',#3216,#11);
#11=ADVANCED_BREP_SHAPE_REPRESENTATION('',(#3214),#5736);
#12=B_SPLINE_SURFACE_WITH_KNOTS('',3,1,((#4495,#4496),(#4497,#4498),(#4499,
#4500),(#4501,#4502)),.SURF_OF_LINEAR_EXTRUSION.,.F.,.F.,.F.,(4,4),(2,2),
(0.375419228724036,1.),(0.,1.),.PIECEWISE_BEZIER_KNOTS.);
#13=B_SPLINE_SURFACE_WITH_KNOTS('',3,1,((#4510,#4511),(#4512,#4513),(#4514,
#4515),(#4516,#4517)),.SURF_OF_LINEAR_EXTRUSION.,.F.,.F.,.F.,(4,4),(2,2),
(0.,0.375419228724036),(0.,1.),.PIECEWISE_BEZIER_KNOTS.);
#14=B_SPLINE_SURFACE_WITH_KNOTS('',3,1,((#4523,#4524),(#4525,#4526),(#4527,
#4528),(#4529,#4530)),.SURF_OF_LINEAR_EXTRUSION.,.F.,.F.,.F.,(4,4),(2,2),
(0.719550921233496,1.),(0.,1.),.PIECEWISE_BEZIER_KNOTS.);
#15=B_SPLINE_SURFACE_WITH_KNOTS('',3,1,((#4536,#4537),(#4538,#4539),(#4540,
#4541),(#4542,#4543)),.SURF_OF_LINEAR_EXTRUSION.,.F.,.F.,.F.,(4,4),(2,2),
(0.,0.719550921233496),(0.,1.),.PIECEWISE_BEZIER_KNOTS.);
#16=B_SPLINE_SURFACE_WITH_KNOTS('',3,1,((#4553,#4554),(#4555,#4556),(#4557,
#4558),(#4559,#4560)),.SURF_OF_LINEAR_EXTRUSION.,.F.,.F.,.F.,(4,4),(2,2),
(0.,1.),(0.,1.),.PIECEWISE_BEZIER_KNOTS.);
#17=B_SPLINE_SURFACE_WITH_KNOTS('',3,1,((#4566,#4567),(#4568,#4569),(#4570,
#4571),(#4572,#4573)),.SURF_OF_LINEAR_EXTRUSION.,.F.,.F.,.F.,(4,4),(2,2),
(0.,1.),(0.,1.),.PIECEWISE_BEZIER_KNOTS.);
#18=B_SPLINE_SURFACE_WITH_KNOTS('',3,1,((#4579,#4580),(#4581,#4582),(#4583,
#4584),(#4585,#4586)),.SURF_OF_LINEAR_EXTRUSION.,.F.,.F.,.F.,(4,4),(2,2),
(0.,1.),(0.,1.),.PIECEWISE_BEZIER_KNOTS.);
#19=B_SPLINE_SURFACE_WITH_KNOTS('',3,1,((#4592,#4593),(#4594,#4595),(#4596,
#4597),(#4598,#4599)),.SURF_OF_LINEAR_EXTRUSION.,.F.,.F.,.F.,(4,4),(2,2),
(0.,1.),(0.,1.),.PIECEWISE_BEZIER_KNOTS.);
#20=B_SPLINE_SURFACE_WITH_KNOTS('',3,1,((#4613,#4614),(#4615,#4616),(#4617,
#4618),(#4619,#4620)),.SURF_OF_LINEAR_EXTRUSION.,.F.,.F.,.F.,(4,4),(2,2),
(0.,1.),(0.,1.),.PIECEWISE_BEZIER_KNOTS.);
#21=B_SPLINE_SURFACE_WITH_KNOTS('',3,1,((#4626,#4627),(#4628,#4629),(#4630,
#4631),(#4632,#4633)),.SURF_OF_LINEAR_EXTRUSION.,.F.,.F.,.F.,(4,4),(2,2),
(0.,1.),(0.,1.),.PIECEWISE_BEZIER_KNOTS.);
#22=B_SPLINE_SURFACE_WITH_KNOTS('',3,1,((#4639,#4640),(#4641,#4642),(#4643,
#4644),(#4645,#4646)),.SURF_OF_LINEAR_EXTRUSION.,.F.,.F.,.F.,(4,4),(2,2),
(0.,1.),(0.,1.),.PIECEWISE_BEZIER_KNOTS.);
#23=B_SPLINE_SURFACE_WITH_KNOTS('',3,1,((#4652,#4653),(#4654,#4655),(#4656,
#4657),(#4658,#4659)),.SURF_OF_LINEAR_EXTRUSION.,.F.,.F.,.F.,(4,4),(2,2),
(0.,1.),(0.,1.),.PIECEWISE_BEZIER_KNOTS.);
#24=B_SPLINE_SURFACE_WITH_KNOTS('',3,1,((#4678,#4679),(#4680,#4681),(#4682,
#4683),(#4684,#4685)),.SURF_OF_LINEAR_EXTRUSION.,.F.,.F.,.F.,(4,4),(2,2),
(0.,1.),(0.,1.),.PIECEWISE_BEZIER_KNOTS.);
#25=B_SPLINE_SURFACE_WITH_KNOTS('',3,1,((#4695,#4696),(#4697,#4698),(#4699,
#4700),(#4701,#4702)),.SURF_OF_LINEAR_EXTRUSION.,.F.,.F.,.F.,(4,4),(2,2),
(0.,1.),(0.,1.),.PIECEWISE_BEZIER_KNOTS.);
#26=B_SPLINE_SURFACE_WITH_KNOTS('',3,1,((#4712,#4713),(#4714,#4715),(#4716,
#4717),(#4718,#4719)),.SURF_OF_LINEAR_EXTRUSION.,.F.,.F.,.F.,(4,4),(2,2),
(0.,1.),(0.,1.),.PIECEWISE_BEZIER_KNOTS.);
#27=B_SPLINE_SURFACE_WITH_KNOTS('',3,1,((#4726,#4727),(#4728,#4729),(#4730,
#4731),(#4732,#4733)),.SURF_OF_LINEAR_EXTRUSION.,.F.,.F.,.F.,(4,4),(2,2),
(0.,1.),(0.,1.),.PIECEWISE_BEZIER_KNOTS.);
#28=B_SPLINE_SURFACE_WITH_KNOTS('',3,1,((#4739,#4740),(#4741,#4742),(#4743,
#4744),(#4745,#4746)),.SURF_OF_LINEAR_EXTRUSION.,.F.,.F.,.F.,(4,4),(2,2),
(0.255488064770378,1.),(0.,1.),.PIECEWISE_BEZIER_KNOTS.);
#29=B_SPLINE_SURFACE_WITH_KNOTS('',3,1,((#4754,#4755),(#4756,#4757),(#4758,
#4759),(#4760,#4761)),.SURF_OF_LINEAR_EXTRUSION.,.F.,.F.,.F.,(4,4),(2,2),
(0.,0.255488064770378),(0.,1.),.PIECEWISE_BEZIER_KNOTS.);
#30=B_SPLINE_SURFACE_WITH_KNOTS('',3,1,((#4779,#4780),(#4781,#4782),(#4783,
#4784),(#4785,#4786)),.SURF_OF_LINEAR_EXTRUSION.,.F.,.F.,.F.,(4,4),(2,2),
(0.,1.),(0.,1.),.PIECEWISE_BEZIER_KNOTS.);
#31=B_SPLINE_SURFACE_WITH_KNOTS('',3,1,((#4792,#4793),(#4794,#4795),(#4796,
#4797),(#4798,#4799)),.SURF_OF_LINEAR_EXTRUSION.,.F.,.F.,.F.,(4,4),(2,2),
(0.,1.),(0.,1.),.PIECEWISE_BEZIER_KNOTS.);
#32=B_SPLINE_SURFACE_WITH_KNOTS('',3,1,((#4805,#4806),(#4807,#4808),(#4809,
#4810),(#4811,#4812)),.SURF_OF_LINEAR_EXTRUSION.,.F.,.F.,.F.,(4,4),(2,2),
(0.,1.),(0.,1.),.PIECEWISE_BEZIER_KNOTS.);
#33=B_SPLINE_SURFACE_WITH_KNOTS('',3,1,((#4861,#4862),(#4863,#4864),(#4865,
#4866),(#4867,#4868)),.SURF_OF_LINEAR_EXTRUSION.,.F.,.F.,.F.,(4,4),(2,2),
(0.434769357777938,1.),(0.,1.),.PIECEWISE_BEZIER_KNOTS.);
#34=B_SPLINE_SURFACE_WITH_KNOTS('',3,1,((#4888,#4889),(#4890,#4891),(#4892,
#4893),(#4894,#4895)),.SURF_OF_LINEAR_EXTRUSION.,.F.,.F.,.F.,(4,4),(2,2),
(0.,1.),(0.,1.),.PIECEWISE_BEZIER_KNOTS.);
#35=B_SPLINE_SURFACE_WITH_KNOTS('',3,1,((#4901,#4902),(#4903,#4904),(#4905,
#4906),(#4907,#4908)),.SURF_OF_LINEAR_EXTRUSION.,.F.,.F.,.F.,(4,4),(2,2),
(0.,1.),(0.,1.),.PIECEWISE_BEZIER_KNOTS.);
#36=B_SPLINE_SURFACE_WITH_KNOTS('',3,1,((#4914,#4915),(#4916,#4917),(#4918,
#4919),(#4920,#4921)),.SURF_OF_LINEAR_EXTRUSION.,.F.,.F.,.F.,(4,4),(2,2),
(0.,1.),(0.,1.),.PIECEWISE_BEZIER_KNOTS.);
#37=B_SPLINE_SURFACE_WITH_KNOTS('',3,1,((#4931,#4932),(#4933,#4934),(#4935,
#4936),(#4937,#4938)),.SURF_OF_LINEAR_EXTRUSION.,.F.,.F.,.F.,(4,4),(2,2),
(0.,1.),(0.,1.),.PIECEWISE_BEZIER_KNOTS.);
#38=B_SPLINE_SURFACE_WITH_KNOTS('',3,1,((#4944,#4945),(#4946,#4947),(#4948,
#4949),(#4950,#4951)),.SURF_OF_LINEAR_EXTRUSION.,.F.,.F.,.F.,(4,4),(2,2),
(0.,1.),(0.,1.),.PIECEWISE_BEZIER_KNOTS.);
#39=B_SPLINE_SURFACE_WITH_KNOTS('',3,1,((#4957,#4958),(#4959,#4960),(#4961,
#4962),(#4963,#4964)),.SURF_OF_LINEAR_EXTRUSION.,.F.,.F.,.F.,(4,4),(2,2),
(0.,1.),(0.,1.),.PIECEWISE_BEZIER_KNOTS.);
#40=B_SPLINE_SURFACE_WITH_KNOTS('',3,1,((#4974,#4975),(#4976,#4977),(#4978,
#4979),(#4980,#4981)),.SURF_OF_LINEAR_EXTRUSION.,.F.,.F.,.F.,(4,4),(2,2),
(0.,1.),(0.,1.),.PIECEWISE_BEZIER_KNOTS.);
#41=B_SPLINE_SURFACE_WITH_KNOTS('',3,1,((#4987,#4988),(#4989,#4990),(#4991,
#4992),(#4993,#4994)),.SURF_OF_LINEAR_EXTRUSION.,.F.,.F.,.F.,(4,4),(2,2),
(0.,1.),(0.,1.),.PIECEWISE_BEZIER_KNOTS.);
#42=B_SPLINE_SURFACE_WITH_KNOTS('',3,1,((#5000,#5001),(#5002,#5003),(#5004,
#5005),(#5006,#5007)),.SURF_OF_LINEAR_EXTRUSION.,.F.,.F.,.F.,(4,4),(2,2),
(0.,1.),(0.,1.),.PIECEWISE_BEZIER_KNOTS.);
#43=B_SPLINE_SURFACE_WITH_KNOTS('',3,1,((#5013,#5014),(#5015,#5016),(#5017,
#5018),(#5019,#5020)),.SURF_OF_LINEAR_EXTRUSION.,.F.,.F.,.F.,(4,4),(2,2),
(0.,1.),(0.,1.),.PIECEWISE_BEZIER_KNOTS.);
#44=B_SPLINE_SURFACE_WITH_KNOTS('',3,1,((#5034,#5035),(#5036,#5037),(#5038,
#5039),(#5040,#5041)),.SURF_OF_LINEAR_EXTRUSION.,.F.,.F.,.F.,(4,4),(2,2),
(0.,1.),(0.,1.),.PIECEWISE_BEZIER_KNOTS.);
#45=B_SPLINE_SURFACE_WITH_KNOTS('',3,1,((#5047,#5048),(#5049,#5050),(#5051,
#5052),(#5053,#5054)),.SURF_OF_LINEAR_EXTRUSION.,.F.,.F.,.F.,(4,4),(2,2),
(0.,1.),(0.,1.),.PIECEWISE_BEZIER_KNOTS.);
#46=B_SPLINE_SURFACE_WITH_KNOTS('',3,1,((#5060,#5061),(#5062,#5063),(#5064,
#5065),(#5066,#5067)),.SURF_OF_LINEAR_EXTRUSION.,.F.,.F.,.F.,(4,4),(2,2),
(0.,1.),(0.,1.),.PIECEWISE_BEZIER_KNOTS.);
#47=B_SPLINE_SURFACE_WITH_KNOTS('',3,1,((#5073,#5074),(#5075,#5076),(#5077,
#5078),(#5079,#5080)),.SURF_OF_LINEAR_EXTRUSION.,.F.,.F.,.F.,(4,4),(2,2),
(0.483942911326742,1.),(0.,1.),.PIECEWISE_BEZIER_KNOTS.);
#48=B_SPLINE_SURFACE_WITH_KNOTS('',3,1,((#5086,#5087),(#5088,#5089),(#5090,
#5091),(#5092,#5093)),.SURF_OF_LINEAR_EXTRUSION.,.F.,.F.,.F.,(4,4),(2,2),
(0.,0.483942911326742),(0.,1.),.PIECEWISE_BEZIER_KNOTS.);
#49=B_SPLINE_SURFACE_WITH_KNOTS('',3,1,((#5099,#5100),(#5101,#5102),(#5103,
#5104),(#5105,#5106)),.SURF_OF_LINEAR_EXTRUSION.,.F.,.F.,.F.,(4,4),(2,2),
(0.374456758092694,1.),(0.,1.),.PIECEWISE_BEZIER_KNOTS.);
#50=B_SPLINE_SURFACE_WITH_KNOTS('',3,1,((#5116,#5117),(#5118,#5119),(#5120,
#5121),(#5122,#5123)),.SURF_OF_LINEAR_EXTRUSION.,.F.,.F.,.F.,(4,4),(2,2),
(0.,1.),(0.,1.),.PIECEWISE_BEZIER_KNOTS.);
#51=B_SPLINE_SURFACE_WITH_KNOTS('',3,1,((#5133,#5134),(#5135,#5136),(#5137,
#5138),(#5139,#5140)),.SURF_OF_LINEAR_EXTRUSION.,.F.,.F.,.F.,(4,4),(2,2),
(0.,1.),(0.,1.),.PIECEWISE_BEZIER_KNOTS.);
#52=B_SPLINE_SURFACE_WITH_KNOTS('',3,1,((#5153,#5154),(#5155,#5156),(#5157,
#5158),(#5159,#5160)),.SURF_OF_LINEAR_EXTRUSION.,.F.,.F.,.F.,(4,4),(2,2),
(0.,1.),(0.,1.),.PIECEWISE_BEZIER_KNOTS.);
#53=B_SPLINE_SURFACE_WITH_KNOTS('',3,1,((#5170,#5171),(#5172,#5173),(#5174,
#5175),(#5176,#5177)),.SURF_OF_LINEAR_EXTRUSION.,.F.,.F.,.F.,(4,4),(2,2),
(0.,1.),(0.,1.),.PIECEWISE_BEZIER_KNOTS.);
#54=B_SPLINE_SURFACE_WITH_KNOTS('',3,1,((#5187,#5188),(#5189,#5190),(#5191,
#5192),(#5193,#5194)),.SURF_OF_LINEAR_EXTRUSION.,.F.,.F.,.F.,(4,4),(2,2),
(0.,1.),(0.,1.),.PIECEWISE_BEZIER_KNOTS.);
#55=B_SPLINE_SURFACE_WITH_KNOTS('',3,1,((#5204,#5205),(#5206,#5207),(#5208,
#5209),(#5210,#5211)),.SURF_OF_LINEAR_EXTRUSION.,.F.,.F.,.F.,(4,4),(2,2),
(0.,1.),(0.,1.),.PIECEWISE_BEZIER_KNOTS.);
#56=B_SPLINE_SURFACE_WITH_KNOTS('',3,1,((#5221,#5222),(#5223,#5224),(#5225,
#5226),(#5227,#5228)),.SURF_OF_LINEAR_EXTRUSION.,.F.,.F.,.F.,(4,4),(2,2),
(0.,1.),(0.,1.),.PIECEWISE_BEZIER_KNOTS.);
#57=B_SPLINE_SURFACE_WITH_KNOTS('',3,1,((#5250,#5251),(#5252,#5253),(#5254,
#5255),(#5256,#5257)),.SURF_OF_LINEAR_EXTRUSION.,.F.,.F.,.F.,(4,4),(2,2),
(0.,1.),(0.,1.),.PIECEWISE_BEZIER_KNOTS.);
#58=B_SPLINE_SURFACE_WITH_KNOTS('',3,1,((#5267,#5268),(#5269,#5270),(#5271,
#5272),(#5273,#5274)),.SURF_OF_LINEAR_EXTRUSION.,.F.,.F.,.F.,(4,4),(2,2),
(0.,1.),(0.,1.),.PIECEWISE_BEZIER_KNOTS.);
#59=B_SPLINE_SURFACE_WITH_KNOTS('',3,1,((#5281,#5282),(#5283,#5284),(#5285,
#5286),(#5287,#5288)),.SURF_OF_LINEAR_EXTRUSION.,.F.,.F.,.F.,(4,4),(2,2),
(0.,1.),(0.,1.),.PIECEWISE_BEZIER_KNOTS.);
#60=B_SPLINE_SURFACE_WITH_KNOTS('',3,1,((#5311,#5312),(#5313,#5314),(#5315,
#5316),(#5317,#5318)),.SURF_OF_LINEAR_EXTRUSION.,.F.,.F.,.F.,(4,4),(2,2),
(0.566017501217587,1.),(0.,1.),.PIECEWISE_BEZIER_KNOTS.);
#61=B_SPLINE_SURFACE_WITH_KNOTS('',3,1,((#5326,#5327),(#5328,#5329),(#5330,
#5331),(#5332,#5333)),.SURF_OF_LINEAR_EXTRUSION.,.F.,.F.,.F.,(4,4),(2,2),
(0.,0.566017501217587),(0.,1.),.PIECEWISE_BEZIER_KNOTS.);
#62=B_SPLINE_SURFACE_WITH_KNOTS('',3,1,((#5339,#5340),(#5341,#5342),(#5343,
#5344),(#5345,#5346)),.SURF_OF_LINEAR_EXTRUSION.,.F.,.F.,.F.,(4,4),(2,2),
(0.,1.),(0.,1.),.PIECEWISE_BEZIER_KNOTS.);
#63=B_SPLINE_SURFACE_WITH_KNOTS('',3,1,((#5352,#5353),(#5354,#5355),(#5356,
#5357),(#5358,#5359)),.SURF_OF_LINEAR_EXTRUSION.,.F.,.F.,.F.,(4,4),(2,2),
(0.,1.),(0.,1.),.PIECEWISE_BEZIER_KNOTS.);
#64=B_SPLINE_SURFACE_WITH_KNOTS('',3,1,((#5365,#5366),(#5367,#5368),(#5369,
#5370),(#5371,#5372)),.SURF_OF_LINEAR_EXTRUSION.,.F.,.F.,.F.,(4,4),(2,2),
(0.,1.),(0.,1.),.PIECEWISE_BEZIER_KNOTS.);
#65=B_SPLINE_SURFACE_WITH_KNOTS('',3,1,((#5378,#5379),(#5380,#5381),(#5382,
#5383),(#5384,#5385)),.SURF_OF_LINEAR_EXTRUSION.,.F.,.F.,.F.,(4,4),(2,2),
(0.,1.),(0.,1.),.PIECEWISE_BEZIER_KNOTS.);
#66=B_SPLINE_SURFACE_WITH_KNOTS('',3,1,((#5391,#5392),(#5393,#5394),(#5395,
#5396),(#5397,#5398)),.SURF_OF_LINEAR_EXTRUSION.,.F.,.F.,.F.,(4,4),(2,2),
(0.,1.),(0.,1.),.PIECEWISE_BEZIER_KNOTS.);
#67=B_SPLINE_SURFACE_WITH_KNOTS('',3,1,((#5412,#5413),(#5414,#5415),(#5416,
#5417),(#5418,#5419)),.SURF_OF_LINEAR_EXTRUSION.,.F.,.F.,.F.,(4,4),(2,2),
(0.,1.),(0.,1.),.PIECEWISE_BEZIER_KNOTS.);
#68=B_SPLINE_SURFACE_WITH_KNOTS('',3,1,((#5425,#5426),(#5427,#5428),(#5429,
#5430),(#5431,#5432)),.SURF_OF_LINEAR_EXTRUSION.,.F.,.F.,.F.,(4,4),(2,2),
(0.,1.),(0.,1.),.PIECEWISE_BEZIER_KNOTS.);
#69=B_SPLINE_SURFACE_WITH_KNOTS('',3,1,((#5438,#5439),(#5440,#5441),(#5442,
#5443),(#5444,#5445)),.SURF_OF_LINEAR_EXTRUSION.,.F.,.F.,.F.,(4,4),(2,2),
(0.,1.),(0.,1.),.PIECEWISE_BEZIER_KNOTS.);
#70=B_SPLINE_SURFACE_WITH_KNOTS('',3,1,((#5451,#5452),(#5453,#5454),(#5455,
#5456),(#5457,#5458)),.SURF_OF_LINEAR_EXTRUSION.,.F.,.F.,.F.,(4,4),(2,2),
(0.,1.),(0.,1.),.PIECEWISE_BEZIER_KNOTS.);
#71=B_SPLINE_SURFACE_WITH_KNOTS('',3,1,((#5464,#5465),(#5466,#5467),(#5468,
#5469),(#5470,#5471)),.SURF_OF_LINEAR_EXTRUSION.,.F.,.F.,.F.,(4,4),(2,2),
(0.,1.),(0.,1.),.PIECEWISE_BEZIER_KNOTS.);
#72=B_SPLINE_SURFACE_WITH_KNOTS('',3,1,((#5477,#5478),(#5479,#5480),(#5481,
#5482),(#5483,#5484)),.SURF_OF_LINEAR_EXTRUSION.,.F.,.F.,.F.,(4,4),(2,2),
(0.,1.),(0.,1.),.PIECEWISE_BEZIER_KNOTS.);
#73=B_SPLINE_SURFACE_WITH_KNOTS('',3,1,((#5490,#5491),(#5492,#5493),(#5494,
#5495),(#5496,#5497)),.SURF_OF_LINEAR_EXTRUSION.,.F.,.F.,.F.,(4,4),(2,2),
(0.,1.),(0.,1.),.PIECEWISE_BEZIER_KNOTS.);
#74=B_SPLINE_SURFACE_WITH_KNOTS('',3,1,((#5507,#5508),(#5509,#5510),(#5511,
#5512),(#5513,#5514)),.SURF_OF_LINEAR_EXTRUSION.,.F.,.F.,.F.,(4,4),(2,2),
(0.,1.),(0.,1.),.PIECEWISE_BEZIER_KNOTS.);
#75=B_SPLINE_SURFACE_WITH_KNOTS('',3,1,((#5520,#5521),(#5522,#5523),(#5524,
#5525),(#5526,#5527)),.SURF_OF_LINEAR_EXTRUSION.,.F.,.F.,.F.,(4,4),(2,2),
(0.,1.),(0.,1.),.PIECEWISE_BEZIER_KNOTS.);
#76=B_SPLINE_SURFACE_WITH_KNOTS('',3,1,((#5533,#5534),(#5535,#5536),(#5537,
#5538),(#5539,#5540)),.SURF_OF_LINEAR_EXTRUSION.,.F.,.F.,.F.,(4,4),(2,2),
(0.,1.),(0.,1.),.PIECEWISE_BEZIER_KNOTS.);
#77=B_SPLINE_SURFACE_WITH_KNOTS('',3,1,((#5546,#5547),(#5548,#5549),(#5550,
#5551),(#5552,#5553)),.SURF_OF_LINEAR_EXTRUSION.,.F.,.F.,.F.,(4,4),(2,2),
(0.,1.),(0.,1.),.PIECEWISE_BEZIER_KNOTS.);
#78=B_SPLINE_SURFACE_WITH_KNOTS('',3,1,((#5559,#5560),(#5561,#5562),(#5563,
#5564),(#5565,#5566)),.SURF_OF_LINEAR_EXTRUSION.,.F.,.F.,.F.,(4,4),(2,2),
(0.,1.),(0.,1.),.PIECEWISE_BEZIER_KNOTS.);
#79=B_SPLINE_SURFACE_WITH_KNOTS('',3,1,((#5572,#5573),(#5574,#5575),(#5576,
#5577),(#5578,#5579)),.SURF_OF_LINEAR_EXTRUSION.,.F.,.F.,.F.,(4,4),(2,2),
(0.,1.),(0.,1.),.PIECEWISE_BEZIER_KNOTS.);
#80=B_SPLINE_SURFACE_WITH_KNOTS('',3,1,((#5585,#5586),(#5587,#5588),(#5589,
#5590),(#5591,#5592)),.SURF_OF_LINEAR_EXTRUSION.,.F.,.F.,.F.,(4,4),(2,2),
(0.,1.),(0.,1.),.PIECEWISE_BEZIER_KNOTS.);
#81=B_SPLINE_SURFACE_WITH_KNOTS('',3,1,((#5598,#5599),(#5600,#5601),(#5602,
#5603),(#5604,#5605)),.SURF_OF_LINEAR_EXTRUSION.,.F.,.F.,.F.,(4,4),(2,2),
(0.,1.),(0.,1.),.PIECEWISE_BEZIER_KNOTS.);
#82=B_SPLINE_SURFACE_WITH_KNOTS('',3,1,((#5615,#5616),(#5617,#5618),(#5619,
#5620),(#5621,#5622)),.SURF_OF_LINEAR_EXTRUSION.,.F.,.F.,.F.,(4,4),(2,2),
(0.,1.),(0.,1.),.PIECEWISE_BEZIER_KNOTS.);
#83=B_SPLINE_SURFACE_WITH_KNOTS('',3,1,((#5628,#5629),(#5630,#5631),(#5632,
#5633),(#5634,#5635)),.SURF_OF_LINEAR_EXTRUSION.,.F.,.F.,.F.,(4,4),(2,2),
(0.,1.),(0.,1.),.PIECEWISE_BEZIER_KNOTS.);
#84=B_SPLINE_SURFACE_WITH_KNOTS('',3,1,((#5641,#5642),(#5643,#5644),(#5645,
#5646),(#5647,#5648)),.SURF_OF_LINEAR_EXTRUSION.,.F.,.F.,.F.,(4,4),(2,2),
(0.,1.),(0.,1.),.PIECEWISE_BEZIER_KNOTS.);
#85=B_SPLINE_SURFACE_WITH_KNOTS('',3,1,((#5654,#5655),(#5656,#5657),(#5658,
#5659),(#5660,#5661)),.SURF_OF_LINEAR_EXTRUSION.,.F.,.F.,.F.,(4,4),(2,2),
(0.,1.),(0.,1.),.PIECEWISE_BEZIER_KNOTS.);
#86=B_SPLINE_SURFACE_WITH_KNOTS('',3,1,((#5667,#5668),(#5669,#5670),(#5671,
#5672),(#5673,#5674)),.SURF_OF_LINEAR_EXTRUSION.,.F.,.F.,.F.,(4,4),(2,2),
(0.,1.),(0.,1.),.PIECEWISE_BEZIER_KNOTS.);
#87=B_SPLINE_SURFACE_WITH_KNOTS('',3,1,((#5680,#5681),(#5682,#5683),(#5684,
#5685),(#5686,#5687)),.SURF_OF_LINEAR_EXTRUSION.,.F.,.F.,.F.,(4,4),(2,2),
(0.,1.),(0.,1.),.PIECEWISE_BEZIER_KNOTS.);
#88=B_SPLINE_SURFACE_WITH_KNOTS('',3,1,((#5693,#5694),(#5695,#5696),(#5697,
#5698),(#5699,#5700)),.SURF_OF_LINEAR_EXTRUSION.,.F.,.F.,.F.,(4,4),(2,2),
(0.,1.),(0.,1.),.PIECEWISE_BEZIER_KNOTS.);
#89=B_SPLINE_SURFACE_WITH_KNOTS('',3,1,((#5710,#5711),(#5712,#5713),(#5714,
#5715),(#5716,#5717)),.SURF_OF_LINEAR_EXTRUSION.,.F.,.F.,.F.,(4,4),(2,2),
(0.237276775295241,1.),(0.,1.),.PIECEWISE_BEZIER_KNOTS.);
#90=B_SPLINE_SURFACE_WITH_KNOTS('',3,1,((#5723,#5724),(#5725,#5726),(#5727,
#5728),(#5729,#5730)),.SURF_OF_LINEAR_EXTRUSION.,.F.,.F.,.F.,(4,4),(2,2),
(0.,0.237276775295241),(0.,1.),.PIECEWISE_BEZIER_KNOTS.);
#91=ELLIPSE('',#3301,0.00179605122421383,0.00127);
#92=ELLIPSE('',#3303,0.00179605122421383,0.00127);
#93=SPHERICAL_SURFACE('',#3239,0.00127);
#94=SPHERICAL_SURFACE('',#3242,0.00127);
#95=SPHERICAL_SURFACE('',#3259,0.00127);
#96=SPHERICAL_SURFACE('',#3261,0.00127);
#97=SPHERICAL_SURFACE('',#3263,0.00127);
#98=SPHERICAL_SURFACE('',#3265,0.00127);
#99=SPHERICAL_SURFACE('',#3275,0.00127);
#100=SPHERICAL_SURFACE('',#3277,0.00127);
#101=CYLINDRICAL_SURFACE('',#3236,0.00127);
#102=CYLINDRICAL_SURFACE('',#3245,0.00127);
#103=CYLINDRICAL_SURFACE('',#3247,0.00127);
#104=CYLINDRICAL_SURFACE('',#3249,0.00127);
#105=CYLINDRICAL_SURFACE('',#3252,0.00127);
#106=CYLINDRICAL_SURFACE('',#3254,0.00127);
#107=CYLINDRICAL_SURFACE('',#3256,0.00127);
#108=CYLINDRICAL_SURFACE('',#3267,0.00127);
#109=CYLINDRICAL_SURFACE('',#3269,0.00127);
#110=CYLINDRICAL_SURFACE('',#3271,0.00127);
#111=CYLINDRICAL_SURFACE('',#3273,0.00127);
#112=CYLINDRICAL_SURFACE('',#3279,0.00127);
#113=CYLINDRICAL_SURFACE('',#3300,0.00127);
#114=CYLINDRICAL_SURFACE('',#3302,0.00127);
#115=CYLINDRICAL_SURFACE('',#3304,0.00127);
#116=CYLINDRICAL_SURFACE('',#3311,0.0304746102319361);
#117=CYLINDRICAL_SURFACE('',#3313,0.0305716129023491);
#118=CYLINDRICAL_SURFACE('',#3329,0.0260643225822475);
#119=CYLINDRICAL_SURFACE('',#3336,0.0161402569102379);
#120=CYLINDRICAL_SURFACE('',#3348,0.0487568297824735);
#121=CYLINDRICAL_SURFACE('',#3350,0.455446931944348);
#122=CYLINDRICAL_SURFACE('',#3353,0.570244927170243);
#123=CIRCLE('',#3219,0.0305724916377769);
#124=CIRCLE('',#3220,0.0304746102319361);
#125=CIRCLE('',#3221,0.0161402569102379);
#126=CIRCLE('',#3222,0.0260651434835841);
#127=CIRCLE('',#3223,0.570244927170243);
#128=CIRCLE('',#3224,0.45544777032267);
#129=CIRCLE('',#3225,0.0487568297824735);
#130=CIRCLE('',#3237,0.00127);
#131=CIRCLE('',#3238,0.00127);
#132=CIRCLE('',#3240,0.00127);
#133=CIRCLE('',#3241,0.00127);
#134=CIRCLE('',#3243,0.00127);
#135=CIRCLE('',#3244,0.00127);
#136=CIRCLE('',#3246,0.00127);
#137=CIRCLE('',#3248,0.00127);
#138=CIRCLE('',#3250,0.00127);
#139=CIRCLE('',#3251,0.00127);
#140=CIRCLE('',#3253,0.00127);
#141=CIRCLE('',#3255,0.00127);
#142=CIRCLE('',#3257,0.00127);
#143=CIRCLE('',#3258,0.00127);
#144=CIRCLE('',#3260,0.00127);
#145=CIRCLE('',#3262,0.00127);
#146=CIRCLE('',#3264,0.00127);
#147=CIRCLE('',#3266,0.00127);
#148=CIRCLE('',#3268,0.00127);
#149=CIRCLE('',#3270,0.00127);
#150=CIRCLE('',#3272,0.00127);
#151=CIRCLE('',#3274,0.00127);
#152=CIRCLE('',#3276,0.00127);
#153=CIRCLE('',#3278,0.00127);
#154=CIRCLE('',#3281,0.00127);
#155=CIRCLE('',#3282,0.00127);
#156=CIRCLE('',#3312,0.0304746102319361);
#157=CIRCLE('',#3314,0.0305724916377769);
#158=CIRCLE('',#3330,0.0260651434835841);
#159=CIRCLE('',#3337,0.0161402569102379);
#160=CIRCLE('',#3349,0.0487568297824735);
#161=CIRCLE('',#3351,0.45544777032267);
#162=CIRCLE('',#3354,0.570244927170243);
#163=B_SPLINE_CURVE_WITH_KNOTS('',2,(#3920,#3921,#3922),.UNSPECIFIED.,.F.,
 .F.,(3,3),(0.255488064770378,1.),.PIECEWISE_BEZIER_KNOTS.);
#164=B_SPLINE_CURVE_WITH_KNOTS('',2,(#3947,#3948,#3949),.UNSPECIFIED.,.F.,
 .F.,(3,3),(0.,1.),.PIECEWISE_BEZIER_KNOTS.);
#165=B_SPLINE_CURVE_WITH_KNOTS('',2,(#3951,#3952,#3953),.UNSPECIFIED.,.F.,
 .F.,(3,3),(0.,1.),.PIECEWISE_BEZIER_KNOTS.);
#166=B_SPLINE_CURVE_WITH_KNOTS('',2,(#3955,#3956,#3957),.UNSPECIFIED.,.F.,
 .F.,(3,3),(0.,1.),.PIECEWISE_BEZIER_KNOTS.);
#167=B_SPLINE_CURVE_WITH_KNOTS('',2,(#3965,#3966,#3967),.UNSPECIFIED.,.F.,
 .F.,(3,3),(0.,0.255488064770378),.PIECEWISE_BEZIER_KNOTS.);
#168=B_SPLINE_CURVE_WITH_KNOTS('',2,(#3976,#3977,#3978),.UNSPECIFIED.,.F.,
 .F.,(3,3),(0.375419228724036,1.),.PIECEWISE_BEZIER_KNOTS.);
#169=B_SPLINE_CURVE_WITH_KNOTS('',2,(#3981,#3982,#3983),.UNSPECIFIED.,.F.,
 .F.,(3,3),(0.,1.),.PIECEWISE_BEZIER_KNOTS.);
#170=B_SPLINE_CURVE_WITH_KNOTS('',2,(#3985,#3986,#3987),.UNSPECIFIED.,.F.,
 .F.,(3,3),(0.,1.),.PIECEWISE_BEZIER_KNOTS.);
#171=B_SPLINE_CURVE_WITH_KNOTS('',2,(#3989,#3990,#3991),.UNSPECIFIED.,.F.,
 .F.,(3,3),(0.,1.),.PIECEWISE_BEZIER_KNOTS.);
#172=B_SPLINE_CURVE_WITH_KNOTS('',2,(#3993,#3994,#3995),.UNSPECIFIED.,.F.,
 .F.,(3,3),(0.,1.),.PIECEWISE_BEZIER_KNOTS.);
#173=B_SPLINE_CURVE_WITH_KNOTS('',2,(#4001,#4002,#4003),.UNSPECIFIED.,.F.,
 .F.,(3,3),(0.,1.),.PIECEWISE_BEZIER_KNOTS.);
#174=B_SPLINE_CURVE_WITH_KNOTS('',2,(#4005,#4006,#4007),.UNSPECIFIED.,.F.,
 .F.,(3,3),(0.,1.),.PIECEWISE_BEZIER_KNOTS.);
#175=B_SPLINE_CURVE_WITH_KNOTS('',2,(#4009,#4010,#4011),.UNSPECIFIED.,.F.,
 .F.,(3,3),(0.,1.),.PIECEWISE_BEZIER_KNOTS.);
#176=B_SPLINE_CURVE_WITH_KNOTS('',2,(#4013,#4014,#4015),.UNSPECIFIED.,.F.,
 .F.,(3,3),(0.,1.),.PIECEWISE_BEZIER_KNOTS.);
#177=B_SPLINE_CURVE_WITH_KNOTS('',2,(#4019,#4020,#4021),.UNSPECIFIED.,.F.,
 .F.,(3,3),(0.,0.719550921233496),.PIECEWISE_BEZIER_KNOTS.);
#178=B_SPLINE_CURVE_WITH_KNOTS('',2,(#4023,#4024,#4025),.UNSPECIFIED.,.F.,
 .F.,(3,3),(0.719550921233496,1.),.PIECEWISE_BEZIER_KNOTS.);
#179=B_SPLINE_CURVE_WITH_KNOTS('',2,(#4027,#4028,#4029),.UNSPECIFIED.,.F.,
 .F.,(3,3),(0.,0.375419228724036),.PIECEWISE_BEZIER_KNOTS.);
#180=B_SPLINE_CURVE_WITH_KNOTS('',2,(#4030,#4031,#4032),.UNSPECIFIED.,.F.,
 .F.,(3,3),(0.434769357777938,1.),.PIECEWISE_BEZIER_KNOTS.);
#181=B_SPLINE_CURVE_WITH_KNOTS('',2,(#4035,#4036,#4037),.UNSPECIFIED.,.F.,
 .F.,(3,3),(0.,1.),.PIECEWISE_BEZIER_KNOTS.);
#182=B_SPLINE_CURVE_WITH_KNOTS('',2,(#4041,#4042,#4043),.UNSPECIFIED.,.F.,
 .F.,(3,3),(0.,1.),.PIECEWISE_BEZIER_KNOTS.);
#183=B_SPLINE_CURVE_WITH_KNOTS('',2,(#4047,#4048,#4049),.UNSPECIFIED.,.F.,
 .F.,(3,3),(0.374456758092694,1.),.PIECEWISE_BEZIER_KNOTS.);
#184=B_SPLINE_CURVE_WITH_KNOTS('',2,(#4051,#4052,#4053),.UNSPECIFIED.,.F.,
 .F.,(3,3),(0.,0.483942911326742),.PIECEWISE_BEZIER_KNOTS.);
#185=B_SPLINE_CURVE_WITH_KNOTS('',2,(#4055,#4056,#4057),.UNSPECIFIED.,.F.,
 .F.,(3,3),(0.483942911326742,1.),.PIECEWISE_BEZIER_KNOTS.);
#186=B_SPLINE_CURVE_WITH_KNOTS('',2,(#4059,#4060,#4061),.UNSPECIFIED.,.F.,
 .F.,(3,3),(0.,1.),.PIECEWISE_BEZIER_KNOTS.);
#187=B_SPLINE_CURVE_WITH_KNOTS('',2,(#4063,#4064,#4065),.UNSPECIFIED.,.F.,
 .F.,(3,3),(0.,1.),.PIECEWISE_BEZIER_KNOTS.);
#188=B_SPLINE_CURVE_WITH_KNOTS('',2,(#4067,#4068,#4069),.UNSPECIFIED.,.F.,
 .F.,(3,3),(0.,1.),.PIECEWISE_BEZIER_KNOTS.);
#189=B_SPLINE_CURVE_WITH_KNOTS('',2,(#4075,#4076,#4077),.UNSPECIFIED.,.F.,
 .F.,(3,3),(0.,1.),.PIECEWISE_BEZIER_KNOTS.);
#190=B_SPLINE_CURVE_WITH_KNOTS('',2,(#4079,#4080,#4081),.UNSPECIFIED.,.F.,
 .F.,(3,3),(0.,1.),.PIECEWISE_BEZIER_KNOTS.);
#191=B_SPLINE_CURVE_WITH_KNOTS('',2,(#4083,#4084,#4085),.UNSPECIFIED.,.F.,
 .F.,(3,3),(0.,1.),.PIECEWISE_BEZIER_KNOTS.);
#192=B_SPLINE_CURVE_WITH_KNOTS('',2,(#4087,#4088,#4089),.UNSPECIFIED.,.F.,
 .F.,(3,3),(0.,1.),.PIECEWISE_BEZIER_KNOTS.);
#193=B_SPLINE_CURVE_WITH_KNOTS('',2,(#4093,#4094,#4095),.UNSPECIFIED.,.F.,
 .F.,(3,3),(0.,1.),.PIECEWISE_BEZIER_KNOTS.);
#194=B_SPLINE_CURVE_WITH_KNOTS('',2,(#4097,#4098,#4099),.UNSPECIFIED.,.F.,
 .F.,(3,3),(0.,1.),.PIECEWISE_BEZIER_KNOTS.);
#195=B_SPLINE_CURVE_WITH_KNOTS('',2,(#4101,#4102,#4103),.UNSPECIFIED.,.F.,
 .F.,(3,3),(0.,1.),.PIECEWISE_BEZIER_KNOTS.);
#196=B_SPLINE_CURVE_WITH_KNOTS('',2,(#4107,#4108,#4109),.UNSPECIFIED.,.F.,
 .F.,(3,3),(0.,1.),.PIECEWISE_BEZIER_KNOTS.);
#197=B_SPLINE_CURVE_WITH_KNOTS('',2,(#4111,#4112,#4113),.UNSPECIFIED.,.F.,
 .F.,(3,3),(0.,1.),.PIECEWISE_BEZIER_KNOTS.);
#198=B_SPLINE_CURVE_WITH_KNOTS('',2,(#4115,#4116,#4117),.UNSPECIFIED.,.F.,
 .F.,(3,3),(0.,1.),.PIECEWISE_BEZIER_KNOTS.);
#199=B_SPLINE_CURVE_WITH_KNOTS('',2,(#4124,#4125,#4126),.UNSPECIFIED.,.F.,
 .F.,(3,3),(0.566017501217587,1.),.PIECEWISE_BEZIER_KNOTS.);
#200=B_SPLINE_CURVE_WITH_KNOTS('',2,(#4129,#4130,#4131),.UNSPECIFIED.,.F.,
 .F.,(3,3),(0.,0.237276775295241),.PIECEWISE_BEZIER_KNOTS.);
#201=B_SPLINE_CURVE_WITH_KNOTS('',2,(#4133,#4134,#4135),.UNSPECIFIED.,.F.,
 .F.,(3,3),(0.237276775295241,1.),.PIECEWISE_BEZIER_KNOTS.);
#202=B_SPLINE_CURVE_WITH_KNOTS('',2,(#4139,#4140,#4141),.UNSPECIFIED.,.F.,
 .F.,(3,3),(0.,1.),.PIECEWISE_BEZIER_KNOTS.);
#203=B_SPLINE_CURVE_WITH_KNOTS('',2,(#4143,#4144,#4145),.UNSPECIFIED.,.F.,
 .F.,(3,3),(0.,1.),.PIECEWISE_BEZIER_KNOTS.);
#204=B_SPLINE_CURVE_WITH_KNOTS('',2,(#4147,#4148,#4149),.UNSPECIFIED.,.F.,
 .F.,(3,3),(0.,1.),.PIECEWISE_BEZIER_KNOTS.);
#205=B_SPLINE_CURVE_WITH_KNOTS('',2,(#4151,#4152,#4153),.UNSPECIFIED.,.F.,
 .F.,(3,3),(0.,1.),.PIECEWISE_BEZIER_KNOTS.);
#206=B_SPLINE_CURVE_WITH_KNOTS('',2,(#4155,#4156,#4157),.UNSPECIFIED.,.F.,
 .F.,(3,3),(0.,1.),.PIECEWISE_BEZIER_KNOTS.);
#207=B_SPLINE_CURVE_WITH_KNOTS('',2,(#4159,#4160,#4161),.UNSPECIFIED.,.F.,
 .F.,(3,3),(0.,1.),.PIECEWISE_BEZIER_KNOTS.);
#208=B_SPLINE_CURVE_WITH_KNOTS('',2,(#4163,#4164,#4165),.UNSPECIFIED.,.F.,
 .F.,(3,3),(0.,1.),.PIECEWISE_BEZIER_KNOTS.);
#209=B_SPLINE_CURVE_WITH_KNOTS('',2,(#4169,#4170,#4171),.UNSPECIFIED.,.F.,
 .F.,(3,3),(0.,1.),.PIECEWISE_BEZIER_KNOTS.);
#210=B_SPLINE_CURVE_WITH_KNOTS('',2,(#4173,#4174,#4175),.UNSPECIFIED.,.F.,
 .F.,(3,3),(0.,1.),.PIECEWISE_BEZIER_KNOTS.);
#211=B_SPLINE_CURVE_WITH_KNOTS('',2,(#4177,#4178,#4179),.UNSPECIFIED.,.F.,
 .F.,(3,3),(0.,1.),.PIECEWISE_BEZIER_KNOTS.);
#212=B_SPLINE_CURVE_WITH_KNOTS('',2,(#4181,#4182,#4183),.UNSPECIFIED.,.F.,
 .F.,(3,3),(0.,1.),.PIECEWISE_BEZIER_KNOTS.);
#213=B_SPLINE_CURVE_WITH_KNOTS('',2,(#4185,#4186,#4187),.UNSPECIFIED.,.F.,
 .F.,(3,3),(0.,1.),.PIECEWISE_BEZIER_KNOTS.);
#214=B_SPLINE_CURVE_WITH_KNOTS('',2,(#4189,#4190,#4191),.UNSPECIFIED.,.F.,
 .F.,(3,3),(0.,1.),.PIECEWISE_BEZIER_KNOTS.);
#215=B_SPLINE_CURVE_WITH_KNOTS('',2,(#4193,#4194,#4195),.UNSPECIFIED.,.F.,
 .F.,(3,3),(0.,1.),.PIECEWISE_BEZIER_KNOTS.);
#216=B_SPLINE_CURVE_WITH_KNOTS('',2,(#4197,#4198,#4199),.UNSPECIFIED.,.F.,
 .F.,(3,3),(0.,1.),.PIECEWISE_BEZIER_KNOTS.);
#217=B_SPLINE_CURVE_WITH_KNOTS('',2,(#4203,#4204,#4205),.UNSPECIFIED.,.F.,
 .F.,(3,3),(0.,1.),.PIECEWISE_BEZIER_KNOTS.);
#218=B_SPLINE_CURVE_WITH_KNOTS('',2,(#4207,#4208,#4209),.UNSPECIFIED.,.F.,
 .F.,(3,3),(0.,1.),.PIECEWISE_BEZIER_KNOTS.);
#219=B_SPLINE_CURVE_WITH_KNOTS('',2,(#4211,#4212,#4213),.UNSPECIFIED.,.F.,
 .F.,(3,3),(0.,1.),.PIECEWISE_BEZIER_KNOTS.);
#220=B_SPLINE_CURVE_WITH_KNOTS('',2,(#4215,#4216,#4217),.UNSPECIFIED.,.F.,
 .F.,(3,3),(0.,1.),.PIECEWISE_BEZIER_KNOTS.);
#221=B_SPLINE_CURVE_WITH_KNOTS('',2,(#4219,#4220,#4221),.UNSPECIFIED.,.F.,
 .F.,(3,3),(0.,1.),.PIECEWISE_BEZIER_KNOTS.);
#222=B_SPLINE_CURVE_WITH_KNOTS('',2,(#4223,#4224,#4225),.UNSPECIFIED.,.F.,
 .F.,(3,3),(0.,1.),.PIECEWISE_BEZIER_KNOTS.);
#223=B_SPLINE_CURVE_WITH_KNOTS('',2,(#4227,#4228,#4229),.UNSPECIFIED.,.F.,
 .F.,(3,3),(0.,1.),.PIECEWISE_BEZIER_KNOTS.);
#224=B_SPLINE_CURVE_WITH_KNOTS('',2,(#4235,#4236,#4237),.UNSPECIFIED.,.F.,
 .F.,(3,3),(0.,1.),.PIECEWISE_BEZIER_KNOTS.);
#225=B_SPLINE_CURVE_WITH_KNOTS('',2,(#4239,#4240,#4241),.UNSPECIFIED.,.F.,
 .F.,(3,3),(0.,1.),.PIECEWISE_BEZIER_KNOTS.);
#226=B_SPLINE_CURVE_WITH_KNOTS('',2,(#4243,#4244,#4245),.UNSPECIFIED.,.F.,
 .F.,(3,3),(0.,1.),.PIECEWISE_BEZIER_KNOTS.);
#227=B_SPLINE_CURVE_WITH_KNOTS('',2,(#4247,#4248,#4249),.UNSPECIFIED.,.F.,
 .F.,(3,3),(0.,1.),.PIECEWISE_BEZIER_KNOTS.);
#228=B_SPLINE_CURVE_WITH_KNOTS('',2,(#4251,#4252,#4253),.UNSPECIFIED.,.F.,
 .F.,(3,3),(0.,1.),.PIECEWISE_BEZIER_KNOTS.);
#229=B_SPLINE_CURVE_WITH_KNOTS('',2,(#4255,#4256,#4257),.UNSPECIFIED.,.F.,
 .F.,(3,3),(0.,0.566017501217587),.PIECEWISE_BEZIER_KNOTS.);
#230=B_SPLINE_CURVE_WITH_KNOTS('',2,(#4505,#4506,#4507),.UNSPECIFIED.,.F.,
 .F.,(3,3),(0.375419228724036,1.),.PIECEWISE_BEZIER_KNOTS.);
#231=B_SPLINE_CURVE_WITH_KNOTS('',2,(#4520,#4521,#4522),.UNSPECIFIED.,.F.,
 .F.,(3,3),(0.,0.375419228724036),.PIECEWISE_BEZIER_KNOTS.);
#232=B_SPLINE_CURVE_WITH_KNOTS('',2,(#4533,#4534,#4535),.UNSPECIFIED.,.F.,
 .F.,(3,3),(0.719550921233496,1.),.PIECEWISE_BEZIER_KNOTS.);
#233=B_SPLINE_CURVE_WITH_KNOTS('',2,(#4546,#4547,#4548),.UNSPECIFIED.,.F.,
 .F.,(3,3),(0.,0.719550921233496),.PIECEWISE_BEZIER_KNOTS.);
#234=B_SPLINE_CURVE_WITH_KNOTS('',2,(#4563,#4564,#4565),.UNSPECIFIED.,.F.,
 .F.,(3,3),(0.,1.),.PIECEWISE_BEZIER_KNOTS.);
#235=B_SPLINE_CURVE_WITH_KNOTS('',2,(#4576,#4577,#4578),.UNSPECIFIED.,.F.,
 .F.,(3,3),(0.,1.),.PIECEWISE_BEZIER_KNOTS.);
#236=B_SPLINE_CURVE_WITH_KNOTS('',2,(#4589,#4590,#4591),.UNSPECIFIED.,.F.,
 .F.,(3,3),(0.,1.),.PIECEWISE_BEZIER_KNOTS.);
#237=B_SPLINE_CURVE_WITH_KNOTS('',2,(#4602,#4603,#4604),.UNSPECIFIED.,.F.,
 .F.,(3,3),(0.,1.),.PIECEWISE_BEZIER_KNOTS.);
#238=B_SPLINE_CURVE_WITH_KNOTS('',2,(#4623,#4624,#4625),.UNSPECIFIED.,.F.,
 .F.,(3,3),(0.,1.),.PIECEWISE_BEZIER_KNOTS.);
#239=B_SPLINE_CURVE_WITH_KNOTS('',2,(#4636,#4637,#4638),.UNSPECIFIED.,.F.,
 .F.,(3,3),(0.,1.),.PIECEWISE_BEZIER_KNOTS.);
#240=B_SPLINE_CURVE_WITH_KNOTS('',2,(#4649,#4650,#4651),.UNSPECIFIED.,.F.,
 .F.,(3,3),(0.,1.),.PIECEWISE_BEZIER_KNOTS.);
#241=B_SPLINE_CURVE_WITH_KNOTS('',2,(#4660,#4661,#4662),.UNSPECIFIED.,.F.,
 .F.,(3,3),(0.,1.),.PIECEWISE_BEZIER_KNOTS.);
#242=B_SPLINE_CURVE_WITH_KNOTS('',2,(#4667,#4668,#4669),.UNSPECIFIED.,.F.,
 .F.,(3,3),(0.,1.),.PIECEWISE_BEZIER_KNOTS.);
#243=B_SPLINE_CURVE_WITH_KNOTS('',2,(#4686,#4687,#4688),.UNSPECIFIED.,.F.,
 .F.,(3,3),(0.,1.),.PIECEWISE_BEZIER_KNOTS.);
#244=B_SPLINE_CURVE_WITH_KNOTS('',2,(#4692,#4693,#4694),.UNSPECIFIED.,.F.,
 .F.,(3,3),(0.,1.),.PIECEWISE_BEZIER_KNOTS.);
#245=B_SPLINE_CURVE_WITH_KNOTS('',2,(#4703,#4704,#4705),.UNSPECIFIED.,.F.,
 .F.,(3,3),(0.,1.),.PIECEWISE_BEZIER_KNOTS.);
#246=B_SPLINE_CURVE_WITH_KNOTS('',2,(#4709,#4710,#4711),.UNSPECIFIED.,.F.,
 .F.,(3,3),(0.,1.),.PIECEWISE_BEZIER_KNOTS.);
#247=B_SPLINE_CURVE_WITH_KNOTS('',2,(#4720,#4721,#4722),.UNSPECIFIED.,.F.,
 .F.,(3,3),(0.,1.),.PIECEWISE_BEZIER_KNOTS.);
#248=B_SPLINE_CURVE_WITH_KNOTS('',2,(#4723,#4724,#4725),.UNSPECIFIED.,.F.,
 .F.,(3,3),(0.,1.),.PIECEWISE_BEZIER_KNOTS.);
#249=B_SPLINE_CURVE_WITH_KNOTS('',2,(#4734,#4735,#4736),.UNSPECIFIED.,.F.,
 .F.,(3,3),(0.,1.),.PIECEWISE_BEZIER_KNOTS.);
#250=B_SPLINE_CURVE_WITH_KNOTS('',2,(#4749,#4750,#4751),.UNSPECIFIED.,.F.,
 .F.,(3,3),(0.255488064770378,1.),.PIECEWISE_BEZIER_KNOTS.);
#251=B_SPLINE_CURVE_WITH_KNOTS('',2,(#4764,#4765,#4766),.UNSPECIFIED.,.F.,
 .F.,(3,3),(0.,0.255488064770378),.PIECEWISE_BEZIER_KNOTS.);
#252=B_SPLINE_CURVE_WITH_KNOTS('',2,(#4789,#4790,#4791),.UNSPECIFIED.,.F.,
 .F.,(3,3),(0.,1.),.PIECEWISE_BEZIER_KNOTS.);
#253=B_SPLINE_CURVE_WITH_KNOTS('',2,(#4802,#4803,#4804),.UNSPECIFIED.,.F.,
 .F.,(3,3),(0.,1.),.PIECEWISE_BEZIER_KNOTS.);
#254=B_SPLINE_CURVE_WITH_KNOTS('',2,(#4815,#4816,#4817),.UNSPECIFIED.,.F.,
 .F.,(3,3),(0.,1.),.PIECEWISE_BEZIER_KNOTS.);
#255=B_SPLINE_CURVE_WITH_KNOTS('',2,(#4871,#4872,#4873),.UNSPECIFIED.,.F.,
 .F.,(3,3),(0.434769357777938,1.),.PIECEWISE_BEZIER_KNOTS.);
#256=B_SPLINE_CURVE_WITH_KNOTS('',2,(#4898,#4899,#4900),.UNSPECIFIED.,.F.,
 .F.,(3,3),(0.,1.),.PIECEWISE_BEZIER_KNOTS.);
#257=B_SPLINE_CURVE_WITH_KNOTS('',2,(#4911,#4912,#4913),.UNSPECIFIED.,.F.,
 .F.,(3,3),(0.,1.),.PIECEWISE_BEZIER_KNOTS.);
#258=B_SPLINE_CURVE_WITH_KNOTS('',2,(#4924,#4925,#4926),.UNSPECIFIED.,.F.,
 .F.,(3,3),(0.,1.),.PIECEWISE_BEZIER_KNOTS.);
#259=B_SPLINE_CURVE_WITH_KNOTS('',2,(#4941,#4942,#4943),.UNSPECIFIED.,.F.,
 .F.,(3,3),(0.,1.),.PIECEWISE_BEZIER_KNOTS.);
#260=B_SPLINE_CURVE_WITH_KNOTS('',2,(#4954,#4955,#4956),.UNSPECIFIED.,.F.,
 .F.,(3,3),(0.,1.),.PIECEWISE_BEZIER_KNOTS.);
#261=B_SPLINE_CURVE_WITH_KNOTS('',2,(#4967,#4968,#4969),.UNSPECIFIED.,.F.,
 .F.,(3,3),(0.,1.),.PIECEWISE_BEZIER_KNOTS.);
#262=B_SPLINE_CURVE_WITH_KNOTS('',2,(#4984,#4985,#4986),.UNSPECIFIED.,.F.,
 .F.,(3,3),(0.,1.),.PIECEWISE_BEZIER_KNOTS.);
#263=B_SPLINE_CURVE_WITH_KNOTS('',2,(#4997,#4998,#4999),.UNSPECIFIED.,.F.,
 .F.,(3,3),(0.,1.),.PIECEWISE_BEZIER_KNOTS.);
#264=B_SPLINE_CURVE_WITH_KNOTS('',2,(#5010,#5011,#5012),.UNSPECIFIED.,.F.,
 .F.,(3,3),(0.,1.),.PIECEWISE_BEZIER_KNOTS.);
#265=B_SPLINE_CURVE_WITH_KNOTS('',2,(#5023,#5024,#5025),.UNSPECIFIED.,.F.,
 .F.,(3,3),(0.,1.),.PIECEWISE_BEZIER_KNOTS.);
#266=B_SPLINE_CURVE_WITH_KNOTS('',2,(#5044,#5045,#5046),.UNSPECIFIED.,.F.,
 .F.,(3,3),(0.,1.),.PIECEWISE_BEZIER_KNOTS.);
#267=B_SPLINE_CURVE_WITH_KNOTS('',2,(#5057,#5058,#5059),.UNSPECIFIED.,.F.,
 .F.,(3,3),(0.,1.),.PIECEWISE_BEZIER_KNOTS.);
#268=B_SPLINE_CURVE_WITH_KNOTS('',2,(#5070,#5071,#5072),.UNSPECIFIED.,.F.,
 .F.,(3,3),(0.,1.),.PIECEWISE_BEZIER_KNOTS.);
#269=B_SPLINE_CURVE_WITH_KNOTS('',2,(#5083,#5084,#5085),.UNSPECIFIED.,.F.,
 .F.,(3,3),(0.483942911326742,1.),.PIECEWISE_BEZIER_KNOTS.);
#270=B_SPLINE_CURVE_WITH_KNOTS('',2,(#5096,#5097,#5098),.UNSPECIFIED.,.F.,
 .F.,(3,3),(0.,0.483942911326742),.PIECEWISE_BEZIER_KNOTS.);
#271=B_SPLINE_CURVE_WITH_KNOTS('',2,(#5109,#5110,#5111),.UNSPECIFIED.,.F.,
 .F.,(3,3),(0.374456758092694,1.),.PIECEWISE_BEZIER_KNOTS.);
#272=B_SPLINE_CURVE_WITH_KNOTS('',2,(#5126,#5127,#5128),.UNSPECIFIED.,.F.,
 .F.,(3,3),(0.,1.),.PIECEWISE_BEZIER_KNOTS.);
#273=B_SPLINE_CURVE_WITH_KNOTS('',2,(#5141,#5142,#5143),.UNSPECIFIED.,.F.,
 .F.,(3,3),(0.,1.),.PIECEWISE_BEZIER_KNOTS.);
#274=B_SPLINE_CURVE_WITH_KNOTS('',2,(#5148,#5149,#5150),.UNSPECIFIED.,.F.,
 .F.,(3,3),(0.,1.),.PIECEWISE_BEZIER_KNOTS.);
#275=B_SPLINE_CURVE_WITH_KNOTS('',2,(#5161,#5162,#5163),.UNSPECIFIED.,.F.,
 .F.,(3,3),(0.,1.),.PIECEWISE_BEZIER_KNOTS.);
#276=B_SPLINE_CURVE_WITH_KNOTS('',2,(#5167,#5168,#5169),.UNSPECIFIED.,.F.,
 .F.,(3,3),(0.,1.),.PIECEWISE_BEZIER_KNOTS.);
#277=B_SPLINE_CURVE_WITH_KNOTS('',2,(#5178,#5179,#5180),.UNSPECIFIED.,.F.,
 .F.,(3,3),(0.,1.),.PIECEWISE_BEZIER_KNOTS.);
#278=B_SPLINE_CURVE_WITH_KNOTS('',2,(#5184,#5185,#5186),.UNSPECIFIED.,.F.,
 .F.,(3,3),(0.,1.),.PIECEWISE_BEZIER_KNOTS.);
#279=B_SPLINE_CURVE_WITH_KNOTS('',2,(#5195,#5196,#5197),.UNSPECIFIED.,.F.,
 .F.,(3,3),(0.,1.),.PIECEWISE_BEZIER_KNOTS.);
#280=B_SPLINE_CURVE_WITH_KNOTS('',2,(#5201,#5202,#5203),.UNSPECIFIED.,.F.,
 .F.,(3,3),(0.,1.),.PIECEWISE_BEZIER_KNOTS.);
#281=B_SPLINE_CURVE_WITH_KNOTS('',2,(#5212,#5213,#5214),.UNSPECIFIED.,.F.,
 .F.,(3,3),(0.,1.),.PIECEWISE_BEZIER_KNOTS.);
#282=B_SPLINE_CURVE_WITH_KNOTS('',2,(#5218,#5219,#5220),.UNSPECIFIED.,.F.,
 .F.,(3,3),(0.,1.),.PIECEWISE_BEZIER_KNOTS.);
#283=B_SPLINE_CURVE_WITH_KNOTS('',2,(#5229,#5230,#5231),.UNSPECIFIED.,.F.,
 .F.,(3,3),(0.,1.),.PIECEWISE_BEZIER_KNOTS.);
#284=B_SPLINE_CURVE_WITH_KNOTS('',2,(#5235,#5236,#5237),.UNSPECIFIED.,.F.,
 .F.,(3,3),(0.,1.),.PIECEWISE_BEZIER_KNOTS.);
#285=B_SPLINE_CURVE_WITH_KNOTS('',2,(#5258,#5259,#5260),.UNSPECIFIED.,.F.,
 .F.,(3,3),(0.,1.),.PIECEWISE_BEZIER_KNOTS.);
#286=B_SPLINE_CURVE_WITH_KNOTS('',2,(#5264,#5265,#5266),.UNSPECIFIED.,.F.,
 .F.,(3,3),(0.,1.),.PIECEWISE_BEZIER_KNOTS.);
#287=B_SPLINE_CURVE_WITH_KNOTS('',2,(#5275,#5276,#5277),.UNSPECIFIED.,.F.,
 .F.,(3,3),(0.,1.),.PIECEWISE_BEZIER_KNOTS.);
#288=B_SPLINE_CURVE_WITH_KNOTS('',2,(#5278,#5279,#5280),.UNSPECIFIED.,.F.,
 .F.,(3,3),(0.,1.),.PIECEWISE_BEZIER_KNOTS.);
#289=B_SPLINE_CURVE_WITH_KNOTS('',2,(#5289,#5290,#5291),.UNSPECIFIED.,.F.,
 .F.,(3,3),(0.,1.),.PIECEWISE_BEZIER_KNOTS.);
#290=B_SPLINE_CURVE_WITH_KNOTS('',2,(#5321,#5322,#5323),.UNSPECIFIED.,.F.,
 .F.,(3,3),(0.566017501217587,1.),.PIECEWISE_BEZIER_KNOTS.);
#291=B_SPLINE_CURVE_WITH_KNOTS('',2,(#5336,#5337,#5338),.UNSPECIFIED.,.F.,
 .F.,(3,3),(0.,0.566017501217587),.PIECEWISE_BEZIER_KNOTS.);
#292=B_SPLINE_CURVE_WITH_KNOTS('',2,(#5349,#5350,#5351),.UNSPECIFIED.,.F.,
 .F.,(3,3),(0.,1.),.PIECEWISE_BEZIER_KNOTS.);
#293=B_SPLINE_CURVE_WITH_KNOTS('',2,(#5362,#5363,#5364),.UNSPECIFIED.,.F.,
 .F.,(3,3),(0.,1.),.PIECEWISE_BEZIER_KNOTS.);
#294=B_SPLINE_CURVE_WITH_KNOTS('',2,(#5375,#5376,#5377),.UNSPECIFIED.,.F.,
 .F.,(3,3),(0.,1.),.PIECEWISE_BEZIER_KNOTS.);
#295=B_SPLINE_CURVE_WITH_KNOTS('',2,(#5388,#5389,#5390),.UNSPECIFIED.,.F.,
 .F.,(3,3),(0.,1.),.PIECEWISE_BEZIER_KNOTS.);
#296=B_SPLINE_CURVE_WITH_KNOTS('',2,(#5401,#5402,#5403),.UNSPECIFIED.,.F.,
 .F.,(3,3),(0.,1.),.PIECEWISE_BEZIER_KNOTS.);
#297=B_SPLINE_CURVE_WITH_KNOTS('',2,(#5422,#5423,#5424),.UNSPECIFIED.,.F.,
 .F.,(3,3),(0.,1.),.PIECEWISE_BEZIER_KNOTS.);
#298=B_SPLINE_CURVE_WITH_KNOTS('',2,(#5435,#5436,#5437),.UNSPECIFIED.,.F.,
 .F.,(3,3),(0.,1.),.PIECEWISE_BEZIER_KNOTS.);
#299=B_SPLINE_CURVE_WITH_KNOTS('',2,(#5448,#5449,#5450),.UNSPECIFIED.,.F.,
 .F.,(3,3),(0.,1.),.PIECEWISE_BEZIER_KNOTS.);
#300=B_SPLINE_CURVE_WITH_KNOTS('',2,(#5461,#5462,#5463),.UNSPECIFIED.,.F.,
 .F.,(3,3),(0.,1.),.PIECEWISE_BEZIER_KNOTS.);
#301=B_SPLINE_CURVE_WITH_KNOTS('',2,(#5474,#5475,#5476),.UNSPECIFIED.,.F.,
 .F.,(3,3),(0.,1.),.PIECEWISE_BEZIER_KNOTS.);
#302=B_SPLINE_CURVE_WITH_KNOTS('',2,(#5487,#5488,#5489),.UNSPECIFIED.,.F.,
 .F.,(3,3),(0.,1.),.PIECEWISE_BEZIER_KNOTS.);
#303=B_SPLINE_CURVE_WITH_KNOTS('',2,(#5500,#5501,#5502),.UNSPECIFIED.,.F.,
 .F.,(3,3),(0.,1.),.PIECEWISE_BEZIER_KNOTS.);
#304=B_SPLINE_CURVE_WITH_KNOTS('',2,(#5517,#5518,#5519),.UNSPECIFIED.,.F.,
 .F.,(3,3),(0.,1.),.PIECEWISE_BEZIER_KNOTS.);
#305=B_SPLINE_CURVE_WITH_KNOTS('',2,(#5530,#5531,#5532),.UNSPECIFIED.,.F.,
 .F.,(3,3),(0.,1.),.PIECEWISE_BEZIER_KNOTS.);
#306=B_SPLINE_CURVE_WITH_KNOTS('',2,(#5543,#5544,#5545),.UNSPECIFIED.,.F.,
 .F.,(3,3),(0.,1.),.PIECEWISE_BEZIER_KNOTS.);
#307=B_SPLINE_CURVE_WITH_KNOTS('',2,(#5556,#5557,#5558),.UNSPECIFIED.,.F.,
 .F.,(3,3),(0.,1.),.PIECEWISE_BEZIER_KNOTS.);
#308=B_SPLINE_CURVE_WITH_KNOTS('',2,(#5569,#5570,#5571),.UNSPECIFIED.,.F.,
 .F.,(3,3),(0.,1.),.PIECEWISE_BEZIER_KNOTS.);
#309=B_SPLINE_CURVE_WITH_KNOTS('',2,(#5582,#5583,#5584),.UNSPECIFIED.,.F.,
 .F.,(3,3),(0.,1.),.PIECEWISE_BEZIER_KNOTS.);
#310=B_SPLINE_CURVE_WITH_KNOTS('',2,(#5595,#5596,#5597),.UNSPECIFIED.,.F.,
 .F.,(3,3),(0.,1.),.PIECEWISE_BEZIER_KNOTS.);
#311=B_SPLINE_CURVE_WITH_KNOTS('',2,(#5608,#5609,#5610),.UNSPECIFIED.,.F.,
 .F.,(3,3),(0.,1.),.PIECEWISE_BEZIER_KNOTS.);
#312=B_SPLINE_CURVE_WITH_KNOTS('',2,(#5625,#5626,#5627),.UNSPECIFIED.,.F.,
 .F.,(3,3),(0.,1.),.PIECEWISE_BEZIER_KNOTS.);
#313=B_SPLINE_CURVE_WITH_KNOTS('',2,(#5638,#5639,#5640),.UNSPECIFIED.,.F.,
 .F.,(3,3),(0.,1.),.PIECEWISE_BEZIER_KNOTS.);
#314=B_SPLINE_CURVE_WITH_KNOTS('',2,(#5651,#5652,#5653),.UNSPECIFIED.,.F.,
 .F.,(3,3),(0.,1.),.PIECEWISE_BEZIER_KNOTS.);
#315=B_SPLINE_CURVE_WITH_KNOTS('',2,(#5664,#5665,#5666),.UNSPECIFIED.,.F.,
 .F.,(3,3),(0.,1.),.PIECEWISE_BEZIER_KNOTS.);
#316=B_SPLINE_CURVE_WITH_KNOTS('',2,(#5677,#5678,#5679),.UNSPECIFIED.,.F.,
 .F.,(3,3),(0.,1.),.PIECEWISE_BEZIER_KNOTS.);
#317=B_SPLINE_CURVE_WITH_KNOTS('',2,(#5690,#5691,#5692),.UNSPECIFIED.,.F.,
 .F.,(3,3),(0.,1.),.PIECEWISE_BEZIER_KNOTS.);
#318=B_SPLINE_CURVE_WITH_KNOTS('',2,(#5703,#5704,#5705),.UNSPECIFIED.,.F.,
 .F.,(3,3),(0.,1.),.PIECEWISE_BEZIER_KNOTS.);
#319=B_SPLINE_CURVE_WITH_KNOTS('',2,(#5720,#5721,#5722),.UNSPECIFIED.,.F.,
 .F.,(3,3),(0.237276775295241,1.),.PIECEWISE_BEZIER_KNOTS.);
#320=B_SPLINE_CURVE_WITH_KNOTS('',2,(#5731,#5732,#5733),.UNSPECIFIED.,.F.,
 .F.,(3,3),(0.,0.237276775295241),.PIECEWISE_BEZIER_KNOTS.);
#321=ORIENTED_EDGE('',*,*,#1267,.T.);
#322=ORIENTED_EDGE('',*,*,#1268,.T.);
#323=ORIENTED_EDGE('',*,*,#1269,.T.);
#324=ORIENTED_EDGE('',*,*,#1270,.F.);
#325=ORIENTED_EDGE('',*,*,#1271,.T.);
#326=ORIENTED_EDGE('',*,*,#1272,.T.);
#327=ORIENTED_EDGE('',*,*,#1273,.T.);
#328=ORIENTED_EDGE('',*,*,#1274,.T.);
#329=ORIENTED_EDGE('',*,*,#1275,.T.);
#330=ORIENTED_EDGE('',*,*,#1276,.T.);
#331=ORIENTED_EDGE('',*,*,#1277,.T.);
#332=ORIENTED_EDGE('',*,*,#1278,.T.);
#333=ORIENTED_EDGE('',*,*,#1279,.T.);
#334=ORIENTED_EDGE('',*,*,#1280,.T.);
#335=ORIENTED_EDGE('',*,*,#1281,.T.);
#336=ORIENTED_EDGE('',*,*,#1282,.T.);
#337=ORIENTED_EDGE('',*,*,#1283,.T.);
#338=ORIENTED_EDGE('',*,*,#1284,.T.);
#339=ORIENTED_EDGE('',*,*,#1285,.T.);
#340=ORIENTED_EDGE('',*,*,#1286,.T.);
#341=ORIENTED_EDGE('',*,*,#1287,.T.);
#342=ORIENTED_EDGE('',*,*,#1288,.T.);
#343=ORIENTED_EDGE('',*,*,#1289,.T.);
#344=ORIENTED_EDGE('',*,*,#1290,.T.);
#345=ORIENTED_EDGE('',*,*,#1291,.T.);
#346=ORIENTED_EDGE('',*,*,#1292,.T.);
#347=ORIENTED_EDGE('',*,*,#1293,.T.);
#348=ORIENTED_EDGE('',*,*,#1294,.T.);
#349=ORIENTED_EDGE('',*,*,#1295,.T.);
#350=ORIENTED_EDGE('',*,*,#1296,.T.);
#351=ORIENTED_EDGE('',*,*,#1297,.T.);
#352=ORIENTED_EDGE('',*,*,#1298,.T.);
#353=ORIENTED_EDGE('',*,*,#1299,.T.);
#354=ORIENTED_EDGE('',*,*,#1300,.T.);
#355=ORIENTED_EDGE('',*,*,#1301,.T.);
#356=ORIENTED_EDGE('',*,*,#1302,.T.);
#357=ORIENTED_EDGE('',*,*,#1303,.T.);
#358=ORIENTED_EDGE('',*,*,#1304,.T.);
#359=ORIENTED_EDGE('',*,*,#1305,.T.);
#360=ORIENTED_EDGE('',*,*,#1306,.T.);
#361=ORIENTED_EDGE('',*,*,#1307,.T.);
#362=ORIENTED_EDGE('',*,*,#1308,.T.);
#363=ORIENTED_EDGE('',*,*,#1309,.T.);
#364=ORIENTED_EDGE('',*,*,#1310,.T.);
#365=ORIENTED_EDGE('',*,*,#1311,.T.);
#366=ORIENTED_EDGE('',*,*,#1312,.T.);
#367=ORIENTED_EDGE('',*,*,#1313,.T.);
#368=ORIENTED_EDGE('',*,*,#1314,.T.);
#369=ORIENTED_EDGE('',*,*,#1315,.T.);
#370=ORIENTED_EDGE('',*,*,#1316,.T.);
#371=ORIENTED_EDGE('',*,*,#1317,.T.);
#372=ORIENTED_EDGE('',*,*,#1318,.T.);
#373=ORIENTED_EDGE('',*,*,#1319,.T.);
#374=ORIENTED_EDGE('',*,*,#1320,.T.);
#375=ORIENTED_EDGE('',*,*,#1321,.T.);
#376=ORIENTED_EDGE('',*,*,#1322,.T.);
#377=ORIENTED_EDGE('',*,*,#1323,.T.);
#378=ORIENTED_EDGE('',*,*,#1324,.T.);
#379=ORIENTED_EDGE('',*,*,#1325,.T.);
#380=ORIENTED_EDGE('',*,*,#1326,.T.);
#381=ORIENTED_EDGE('',*,*,#1327,.T.);
#382=ORIENTED_EDGE('',*,*,#1328,.T.);
#383=ORIENTED_EDGE('',*,*,#1329,.T.);
#384=ORIENTED_EDGE('',*,*,#1330,.T.);
#385=ORIENTED_EDGE('',*,*,#1331,.T.);
#386=ORIENTED_EDGE('',*,*,#1332,.T.);
#387=ORIENTED_EDGE('',*,*,#1333,.T.);
#388=ORIENTED_EDGE('',*,*,#1334,.T.);
#389=ORIENTED_EDGE('',*,*,#1335,.T.);
#390=ORIENTED_EDGE('',*,*,#1336,.F.);
#391=ORIENTED_EDGE('',*,*,#1337,.T.);
#392=ORIENTED_EDGE('',*,*,#1338,.T.);
#393=ORIENTED_EDGE('',*,*,#1339,.T.);
#394=ORIENTED_EDGE('',*,*,#1340,.T.);
#395=ORIENTED_EDGE('',*,*,#1341,.T.);
#396=ORIENTED_EDGE('',*,*,#1342,.T.);
#397=ORIENTED_EDGE('',*,*,#1343,.T.);
#398=ORIENTED_EDGE('',*,*,#1344,.T.);
#399=ORIENTED_EDGE('',*,*,#1345,.T.);
#400=ORIENTED_EDGE('',*,*,#1346,.T.);
#401=ORIENTED_EDGE('',*,*,#1347,.T.);
#402=ORIENTED_EDGE('',*,*,#1348,.T.);
#403=ORIENTED_EDGE('',*,*,#1349,.T.);
#404=ORIENTED_EDGE('',*,*,#1350,.T.);
#405=ORIENTED_EDGE('',*,*,#1351,.T.);
#406=ORIENTED_EDGE('',*,*,#1352,.T.);
#407=ORIENTED_EDGE('',*,*,#1353,.T.);
#408=ORIENTED_EDGE('',*,*,#1354,.T.);
#409=ORIENTED_EDGE('',*,*,#1355,.T.);
#410=ORIENTED_EDGE('',*,*,#1356,.T.);
#411=ORIENTED_EDGE('',*,*,#1357,.T.);
#412=ORIENTED_EDGE('',*,*,#1358,.T.);
#413=ORIENTED_EDGE('',*,*,#1359,.T.);
#414=ORIENTED_EDGE('',*,*,#1360,.T.);
#415=ORIENTED_EDGE('',*,*,#1361,.T.);
#416=ORIENTED_EDGE('',*,*,#1362,.T.);
#417=ORIENTED_EDGE('',*,*,#1363,.T.);
#418=ORIENTED_EDGE('',*,*,#1364,.T.);
#419=ORIENTED_EDGE('',*,*,#1365,.T.);
#420=ORIENTED_EDGE('',*,*,#1366,.T.);
#421=ORIENTED_EDGE('',*,*,#1367,.T.);
#422=ORIENTED_EDGE('',*,*,#1368,.T.);
#423=ORIENTED_EDGE('',*,*,#1369,.T.);
#424=ORIENTED_EDGE('',*,*,#1370,.T.);
#425=ORIENTED_EDGE('',*,*,#1371,.T.);
#426=ORIENTED_EDGE('',*,*,#1372,.T.);
#427=ORIENTED_EDGE('',*,*,#1373,.F.);
#428=ORIENTED_EDGE('',*,*,#1374,.F.);
#429=ORIENTED_EDGE('',*,*,#1375,.T.);
#430=ORIENTED_EDGE('',*,*,#1376,.F.);
#431=ORIENTED_EDGE('',*,*,#1377,.T.);
#432=ORIENTED_EDGE('',*,*,#1378,.T.);
#433=ORIENTED_EDGE('',*,*,#1379,.F.);
#434=ORIENTED_EDGE('',*,*,#1380,.T.);
#435=ORIENTED_EDGE('',*,*,#1381,.F.);
#436=ORIENTED_EDGE('',*,*,#1382,.F.);
#437=ORIENTED_EDGE('',*,*,#1383,.F.);
#438=ORIENTED_EDGE('',*,*,#1384,.F.);
#439=ORIENTED_EDGE('',*,*,#1385,.T.);
#440=ORIENTED_EDGE('',*,*,#1386,.F.);
#441=ORIENTED_EDGE('',*,*,#1387,.F.);
#442=ORIENTED_EDGE('',*,*,#1388,.T.);
#443=ORIENTED_EDGE('',*,*,#1389,.F.);
#444=ORIENTED_EDGE('',*,*,#1390,.F.);
#445=ORIENTED_EDGE('',*,*,#1391,.F.);
#446=ORIENTED_EDGE('',*,*,#1392,.T.);
#447=ORIENTED_EDGE('',*,*,#1376,.T.);
#448=ORIENTED_EDGE('',*,*,#1393,.T.);
#449=ORIENTED_EDGE('',*,*,#1394,.T.);
#450=ORIENTED_EDGE('',*,*,#1395,.T.);
#451=ORIENTED_EDGE('',*,*,#1386,.T.);
#452=ORIENTED_EDGE('',*,*,#1396,.T.);
#453=ORIENTED_EDGE('',*,*,#1397,.T.);
#454=ORIENTED_EDGE('',*,*,#1398,.T.);
#455=ORIENTED_EDGE('',*,*,#1382,.T.);
#456=ORIENTED_EDGE('',*,*,#1399,.F.);
#457=ORIENTED_EDGE('',*,*,#1400,.T.);
#458=ORIENTED_EDGE('',*,*,#1401,.T.);
#459=ORIENTED_EDGE('',*,*,#1402,.T.);
#460=ORIENTED_EDGE('',*,*,#1403,.T.);
#461=ORIENTED_EDGE('',*,*,#1404,.F.);
#462=ORIENTED_EDGE('',*,*,#1405,.T.);
#463=ORIENTED_EDGE('',*,*,#1406,.T.);
#464=ORIENTED_EDGE('',*,*,#1378,.F.);
#465=ORIENTED_EDGE('',*,*,#1407,.T.);
#466=ORIENTED_EDGE('',*,*,#1408,.T.);
#467=ORIENTED_EDGE('',*,*,#1409,.T.);
#468=ORIENTED_EDGE('',*,*,#1410,.T.);
#469=ORIENTED_EDGE('',*,*,#1411,.T.);
#470=ORIENTED_EDGE('',*,*,#1412,.T.);
#471=ORIENTED_EDGE('',*,*,#1413,.T.);
#472=ORIENTED_EDGE('',*,*,#1414,.T.);
#473=ORIENTED_EDGE('',*,*,#1415,.T.);
#474=ORIENTED_EDGE('',*,*,#1416,.T.);
#475=ORIENTED_EDGE('',*,*,#1417,.T.);
#476=ORIENTED_EDGE('',*,*,#1418,.T.);
#477=ORIENTED_EDGE('',*,*,#1419,.T.);
#478=ORIENTED_EDGE('',*,*,#1420,.T.);
#479=ORIENTED_EDGE('',*,*,#1421,.T.);
#480=ORIENTED_EDGE('',*,*,#1422,.T.);
#481=ORIENTED_EDGE('',*,*,#1423,.T.);
#482=ORIENTED_EDGE('',*,*,#1424,.T.);
#483=ORIENTED_EDGE('',*,*,#1425,.T.);
#484=ORIENTED_EDGE('',*,*,#1426,.T.);
#485=ORIENTED_EDGE('',*,*,#1427,.F.);
#486=ORIENTED_EDGE('',*,*,#1428,.T.);
#487=ORIENTED_EDGE('',*,*,#1429,.T.);
#488=ORIENTED_EDGE('',*,*,#1387,.T.);
#489=ORIENTED_EDGE('',*,*,#1430,.T.);
#490=ORIENTED_EDGE('',*,*,#1431,.F.);
#491=ORIENTED_EDGE('',*,*,#1432,.T.);
#492=ORIENTED_EDGE('',*,*,#1405,.F.);
#493=ORIENTED_EDGE('',*,*,#1433,.F.);
#494=ORIENTED_EDGE('',*,*,#1391,.T.);
#495=ORIENTED_EDGE('',*,*,#1434,.F.);
#496=ORIENTED_EDGE('',*,*,#1435,.F.);
#497=ORIENTED_EDGE('',*,*,#1436,.F.);
#498=ORIENTED_EDGE('',*,*,#1437,.F.);
#499=ORIENTED_EDGE('',*,*,#1404,.T.);
#500=ORIENTED_EDGE('',*,*,#1377,.F.);
#501=ORIENTED_EDGE('',*,*,#1392,.F.);
#502=ORIENTED_EDGE('',*,*,#1433,.T.);
#503=ORIENTED_EDGE('',*,*,#1438,.F.);
#504=ORIENTED_EDGE('',*,*,#1430,.F.);
#505=ORIENTED_EDGE('',*,*,#1399,.T.);
#506=ORIENTED_EDGE('',*,*,#1381,.T.);
#507=ORIENTED_EDGE('',*,*,#1439,.F.);
#508=ORIENTED_EDGE('',*,*,#1402,.F.);
#509=ORIENTED_EDGE('',*,*,#1440,.F.);
#510=ORIENTED_EDGE('',*,*,#1409,.F.);
#511=ORIENTED_EDGE('',*,*,#1441,.F.);
#512=ORIENTED_EDGE('',*,*,#1413,.F.);
#513=ORIENTED_EDGE('',*,*,#1442,.F.);
#514=ORIENTED_EDGE('',*,*,#1439,.T.);
#515=ORIENTED_EDGE('',*,*,#1443,.F.);
#516=ORIENTED_EDGE('',*,*,#1444,.F.);
#517=ORIENTED_EDGE('',*,*,#1440,.T.);
#518=ORIENTED_EDGE('',*,*,#1445,.F.);
#519=ORIENTED_EDGE('',*,*,#1443,.T.);
#520=ORIENTED_EDGE('',*,*,#1412,.F.);
#521=ORIENTED_EDGE('',*,*,#1446,.F.);
#522=ORIENTED_EDGE('',*,*,#1415,.F.);
#523=ORIENTED_EDGE('',*,*,#1442,.T.);
#524=ORIENTED_EDGE('',*,*,#1418,.F.);
#525=ORIENTED_EDGE('',*,*,#1447,.F.);
#526=ORIENTED_EDGE('',*,*,#1403,.F.);
#527=ORIENTED_EDGE('',*,*,#1448,.F.);
#528=ORIENTED_EDGE('',*,*,#1400,.F.);
#529=ORIENTED_EDGE('',*,*,#1449,.F.);
#530=ORIENTED_EDGE('',*,*,#1422,.F.);
#531=ORIENTED_EDGE('',*,*,#1445,.T.);
#532=ORIENTED_EDGE('',*,*,#1401,.F.);
#533=ORIENTED_EDGE('',*,*,#1450,.F.);
#534=ORIENTED_EDGE('',*,*,#1426,.F.);
#535=ORIENTED_EDGE('',*,*,#1444,.T.);
#536=ORIENTED_EDGE('',*,*,#1425,.F.);
#537=ORIENTED_EDGE('',*,*,#1451,.F.);
#538=ORIENTED_EDGE('',*,*,#1410,.F.);
#539=ORIENTED_EDGE('',*,*,#1452,.F.);
#540=ORIENTED_EDGE('',*,*,#1411,.F.);
#541=ORIENTED_EDGE('',*,*,#1453,.F.);
#542=ORIENTED_EDGE('',*,*,#1293,.F.);
#543=ORIENTED_EDGE('',*,*,#1446,.T.);
#544=ORIENTED_EDGE('',*,*,#1452,.T.);
#545=ORIENTED_EDGE('',*,*,#1454,.F.);
#546=ORIENTED_EDGE('',*,*,#1449,.T.);
#547=ORIENTED_EDGE('',*,*,#1447,.T.);
#548=ORIENTED_EDGE('',*,*,#1455,.F.);
#549=ORIENTED_EDGE('',*,*,#1450,.T.);
#550=ORIENTED_EDGE('',*,*,#1448,.T.);
#551=ORIENTED_EDGE('',*,*,#1456,.F.);
#552=ORIENTED_EDGE('',*,*,#1453,.T.);
#553=ORIENTED_EDGE('',*,*,#1451,.T.);
#554=ORIENTED_EDGE('',*,*,#1457,.F.);
#555=ORIENTED_EDGE('',*,*,#1454,.T.);
#556=ORIENTED_EDGE('',*,*,#1292,.F.);
#557=ORIENTED_EDGE('',*,*,#1458,.F.);
#558=ORIENTED_EDGE('',*,*,#1416,.F.);
#559=ORIENTED_EDGE('',*,*,#1455,.T.);
#560=ORIENTED_EDGE('',*,*,#1417,.F.);
#561=ORIENTED_EDGE('',*,*,#1459,.F.);
#562=ORIENTED_EDGE('',*,*,#1419,.F.);
#563=ORIENTED_EDGE('',*,*,#1456,.T.);
#564=ORIENTED_EDGE('',*,*,#1421,.F.);
#565=ORIENTED_EDGE('',*,*,#1460,.F.);
#566=ORIENTED_EDGE('',*,*,#1423,.F.);
#567=ORIENTED_EDGE('',*,*,#1457,.T.);
#568=ORIENTED_EDGE('',*,*,#1424,.F.);
#569=ORIENTED_EDGE('',*,*,#1461,.F.);
#570=ORIENTED_EDGE('',*,*,#1290,.F.);
#571=ORIENTED_EDGE('',*,*,#1459,.T.);
#572=ORIENTED_EDGE('',*,*,#1458,.T.);
#573=ORIENTED_EDGE('',*,*,#1462,.F.);
#574=ORIENTED_EDGE('',*,*,#1461,.T.);
#575=ORIENTED_EDGE('',*,*,#1460,.T.);
#576=ORIENTED_EDGE('',*,*,#1463,.F.);
#577=ORIENTED_EDGE('',*,*,#1462,.T.);
#578=ORIENTED_EDGE('',*,*,#1291,.F.);
#579=ORIENTED_EDGE('',*,*,#1463,.T.);
#580=ORIENTED_EDGE('',*,*,#1420,.F.);
#581=ORIENTED_EDGE('',*,*,#1434,.T.);
#582=ORIENTED_EDGE('',*,*,#1464,.T.);
#583=ORIENTED_EDGE('',*,*,#1465,.T.);
#584=ORIENTED_EDGE('',*,*,#1441,.T.);
#585=ORIENTED_EDGE('',*,*,#1466,.T.);
#586=ORIENTED_EDGE('',*,*,#1467,.F.);
#587=ORIENTED_EDGE('',*,*,#1467,.T.);
#588=ORIENTED_EDGE('',*,*,#1468,.T.);
#589=ORIENTED_EDGE('',*,*,#1469,.F.);
#590=ORIENTED_EDGE('',*,*,#1435,.T.);
#591=ORIENTED_EDGE('',*,*,#1469,.T.);
#592=ORIENTED_EDGE('',*,*,#1470,.T.);
#593=ORIENTED_EDGE('',*,*,#1471,.F.);
#594=ORIENTED_EDGE('',*,*,#1436,.T.);
#595=ORIENTED_EDGE('',*,*,#1471,.T.);
#596=ORIENTED_EDGE('',*,*,#1472,.T.);
#597=ORIENTED_EDGE('',*,*,#1464,.F.);
#598=ORIENTED_EDGE('',*,*,#1437,.T.);
#599=ORIENTED_EDGE('',*,*,#1406,.F.);
#600=ORIENTED_EDGE('',*,*,#1432,.F.);
#601=ORIENTED_EDGE('',*,*,#1473,.T.);
#602=ORIENTED_EDGE('',*,*,#1379,.T.);
#603=ORIENTED_EDGE('',*,*,#1431,.T.);
#604=ORIENTED_EDGE('',*,*,#1438,.T.);
#605=ORIENTED_EDGE('',*,*,#1380,.F.);
#606=ORIENTED_EDGE('',*,*,#1473,.F.);
#607=ORIENTED_EDGE('',*,*,#1396,.F.);
#608=ORIENTED_EDGE('',*,*,#1385,.F.);
#609=ORIENTED_EDGE('',*,*,#1474,.T.);
#610=ORIENTED_EDGE('',*,*,#1475,.T.);
#611=ORIENTED_EDGE('',*,*,#1398,.F.);
#612=ORIENTED_EDGE('',*,*,#1476,.F.);
#613=ORIENTED_EDGE('',*,*,#1477,.T.);
#614=ORIENTED_EDGE('',*,*,#1383,.T.);
#615=ORIENTED_EDGE('',*,*,#1397,.F.);
#616=ORIENTED_EDGE('',*,*,#1475,.F.);
#617=ORIENTED_EDGE('',*,*,#1478,.T.);
#618=ORIENTED_EDGE('',*,*,#1476,.T.);
#619=ORIENTED_EDGE('',*,*,#1474,.F.);
#620=ORIENTED_EDGE('',*,*,#1384,.T.);
#621=ORIENTED_EDGE('',*,*,#1477,.F.);
#622=ORIENTED_EDGE('',*,*,#1478,.F.);
#623=ORIENTED_EDGE('',*,*,#1393,.F.);
#624=ORIENTED_EDGE('',*,*,#1375,.F.);
#625=ORIENTED_EDGE('',*,*,#1479,.T.);
#626=ORIENTED_EDGE('',*,*,#1480,.T.);
#627=ORIENTED_EDGE('',*,*,#1395,.F.);
#628=ORIENTED_EDGE('',*,*,#1481,.F.);
#629=ORIENTED_EDGE('',*,*,#1482,.T.);
#630=ORIENTED_EDGE('',*,*,#1373,.T.);
#631=ORIENTED_EDGE('',*,*,#1394,.F.);
#632=ORIENTED_EDGE('',*,*,#1480,.F.);
#633=ORIENTED_EDGE('',*,*,#1483,.T.);
#634=ORIENTED_EDGE('',*,*,#1481,.T.);
#635=ORIENTED_EDGE('',*,*,#1479,.F.);
#636=ORIENTED_EDGE('',*,*,#1374,.T.);
#637=ORIENTED_EDGE('',*,*,#1482,.F.);
#638=ORIENTED_EDGE('',*,*,#1483,.F.);
#639=ORIENTED_EDGE('',*,*,#1390,.T.);
#640=ORIENTED_EDGE('',*,*,#1484,.F.);
#641=ORIENTED_EDGE('',*,*,#1485,.F.);
#642=ORIENTED_EDGE('',*,*,#1427,.T.);
#643=ORIENTED_EDGE('',*,*,#1389,.T.);
#644=ORIENTED_EDGE('',*,*,#1486,.F.);
#645=ORIENTED_EDGE('',*,*,#1487,.F.);
#646=ORIENTED_EDGE('',*,*,#1484,.T.);
#647=ORIENTED_EDGE('',*,*,#1388,.F.);
#648=ORIENTED_EDGE('',*,*,#1429,.F.);
#649=ORIENTED_EDGE('',*,*,#1488,.T.);
#650=ORIENTED_EDGE('',*,*,#1486,.T.);
#651=ORIENTED_EDGE('',*,*,#1428,.F.);
#652=ORIENTED_EDGE('',*,*,#1485,.T.);
#653=ORIENTED_EDGE('',*,*,#1487,.T.);
#654=ORIENTED_EDGE('',*,*,#1488,.F.);
#655=ORIENTED_EDGE('',*,*,#1465,.F.);
#656=ORIENTED_EDGE('',*,*,#1472,.F.);
#657=ORIENTED_EDGE('',*,*,#1489,.F.);
#658=ORIENTED_EDGE('',*,*,#1414,.F.);
#659=ORIENTED_EDGE('',*,*,#1489,.T.);
#660=ORIENTED_EDGE('',*,*,#1470,.F.);
#661=ORIENTED_EDGE('',*,*,#1490,.F.);
#662=ORIENTED_EDGE('',*,*,#1407,.F.);
#663=ORIENTED_EDGE('',*,*,#1466,.F.);
#664=ORIENTED_EDGE('',*,*,#1408,.F.);
#665=ORIENTED_EDGE('',*,*,#1490,.T.);
#666=ORIENTED_EDGE('',*,*,#1468,.F.);
#667=ORIENTED_EDGE('',*,*,#1294,.F.);
#668=ORIENTED_EDGE('',*,*,#1491,.F.);
#669=ORIENTED_EDGE('',*,*,#1492,.T.);
#670=ORIENTED_EDGE('',*,*,#1493,.T.);
#671=ORIENTED_EDGE('',*,*,#1308,.F.);
#672=ORIENTED_EDGE('',*,*,#1494,.F.);
#673=ORIENTED_EDGE('',*,*,#1495,.T.);
#674=ORIENTED_EDGE('',*,*,#1491,.T.);
#675=ORIENTED_EDGE('',*,*,#1307,.F.);
#676=ORIENTED_EDGE('',*,*,#1496,.F.);
#677=ORIENTED_EDGE('',*,*,#1497,.T.);
#678=ORIENTED_EDGE('',*,*,#1494,.T.);
#679=ORIENTED_EDGE('',*,*,#1306,.F.);
#680=ORIENTED_EDGE('',*,*,#1498,.F.);
#681=ORIENTED_EDGE('',*,*,#1499,.T.);
#682=ORIENTED_EDGE('',*,*,#1496,.T.);
#683=ORIENTED_EDGE('',*,*,#1305,.F.);
#684=ORIENTED_EDGE('',*,*,#1500,.F.);
#685=ORIENTED_EDGE('',*,*,#1501,.T.);
#686=ORIENTED_EDGE('',*,*,#1498,.T.);
#687=ORIENTED_EDGE('',*,*,#1304,.F.);
#688=ORIENTED_EDGE('',*,*,#1502,.F.);
#689=ORIENTED_EDGE('',*,*,#1503,.T.);
#690=ORIENTED_EDGE('',*,*,#1500,.T.);
#691=ORIENTED_EDGE('',*,*,#1303,.F.);
#692=ORIENTED_EDGE('',*,*,#1504,.F.);
#693=ORIENTED_EDGE('',*,*,#1505,.T.);
#694=ORIENTED_EDGE('',*,*,#1502,.T.);
#695=ORIENTED_EDGE('',*,*,#1302,.F.);
#696=ORIENTED_EDGE('',*,*,#1506,.F.);
#697=ORIENTED_EDGE('',*,*,#1507,.T.);
#698=ORIENTED_EDGE('',*,*,#1504,.T.);
#699=ORIENTED_EDGE('',*,*,#1301,.F.);
#700=ORIENTED_EDGE('',*,*,#1508,.F.);
#701=ORIENTED_EDGE('',*,*,#1509,.T.);
#702=ORIENTED_EDGE('',*,*,#1506,.T.);
#703=ORIENTED_EDGE('',*,*,#1300,.F.);
#704=ORIENTED_EDGE('',*,*,#1510,.F.);
#705=ORIENTED_EDGE('',*,*,#1511,.T.);
#706=ORIENTED_EDGE('',*,*,#1508,.T.);
#707=ORIENTED_EDGE('',*,*,#1299,.F.);
#708=ORIENTED_EDGE('',*,*,#1512,.F.);
#709=ORIENTED_EDGE('',*,*,#1513,.T.);
#710=ORIENTED_EDGE('',*,*,#1510,.T.);
#711=ORIENTED_EDGE('',*,*,#1298,.F.);
#712=ORIENTED_EDGE('',*,*,#1514,.F.);
#713=ORIENTED_EDGE('',*,*,#1515,.T.);
#714=ORIENTED_EDGE('',*,*,#1512,.T.);
#715=ORIENTED_EDGE('',*,*,#1297,.F.);
#716=ORIENTED_EDGE('',*,*,#1516,.F.);
#717=ORIENTED_EDGE('',*,*,#1517,.T.);
#718=ORIENTED_EDGE('',*,*,#1514,.T.);
#719=ORIENTED_EDGE('',*,*,#1296,.F.);
#720=ORIENTED_EDGE('',*,*,#1518,.F.);
#721=ORIENTED_EDGE('',*,*,#1519,.T.);
#722=ORIENTED_EDGE('',*,*,#1516,.T.);
#723=ORIENTED_EDGE('',*,*,#1520,.F.);
#724=ORIENTED_EDGE('',*,*,#1521,.F.);
#725=ORIENTED_EDGE('',*,*,#1522,.T.);
#726=ORIENTED_EDGE('',*,*,#1523,.T.);
#727=ORIENTED_EDGE('',*,*,#1524,.F.);
#728=ORIENTED_EDGE('',*,*,#1525,.F.);
#729=ORIENTED_EDGE('',*,*,#1526,.T.);
#730=ORIENTED_EDGE('',*,*,#1521,.T.);
#731=ORIENTED_EDGE('',*,*,#1527,.F.);
#732=ORIENTED_EDGE('',*,*,#1528,.F.);
#733=ORIENTED_EDGE('',*,*,#1529,.T.);
#734=ORIENTED_EDGE('',*,*,#1525,.T.);
#735=ORIENTED_EDGE('',*,*,#1530,.F.);
#736=ORIENTED_EDGE('',*,*,#1531,.F.);
#737=ORIENTED_EDGE('',*,*,#1532,.T.);
#738=ORIENTED_EDGE('',*,*,#1528,.T.);
#739=ORIENTED_EDGE('',*,*,#1533,.F.);
#740=ORIENTED_EDGE('',*,*,#1523,.F.);
#741=ORIENTED_EDGE('',*,*,#1534,.T.);
#742=ORIENTED_EDGE('',*,*,#1531,.T.);
#743=ORIENTED_EDGE('',*,*,#1295,.F.);
#744=ORIENTED_EDGE('',*,*,#1493,.F.);
#745=ORIENTED_EDGE('',*,*,#1535,.T.);
#746=ORIENTED_EDGE('',*,*,#1518,.T.);
#747=ORIENTED_EDGE('',*,*,#1522,.F.);
#748=ORIENTED_EDGE('',*,*,#1526,.F.);
#749=ORIENTED_EDGE('',*,*,#1529,.F.);
#750=ORIENTED_EDGE('',*,*,#1532,.F.);
#751=ORIENTED_EDGE('',*,*,#1534,.F.);
#752=ORIENTED_EDGE('',*,*,#1492,.F.);
#753=ORIENTED_EDGE('',*,*,#1495,.F.);
#754=ORIENTED_EDGE('',*,*,#1497,.F.);
#755=ORIENTED_EDGE('',*,*,#1499,.F.);
#756=ORIENTED_EDGE('',*,*,#1501,.F.);
#757=ORIENTED_EDGE('',*,*,#1503,.F.);
#758=ORIENTED_EDGE('',*,*,#1505,.F.);
#759=ORIENTED_EDGE('',*,*,#1507,.F.);
#760=ORIENTED_EDGE('',*,*,#1509,.F.);
#761=ORIENTED_EDGE('',*,*,#1511,.F.);
#762=ORIENTED_EDGE('',*,*,#1513,.F.);
#763=ORIENTED_EDGE('',*,*,#1515,.F.);
#764=ORIENTED_EDGE('',*,*,#1517,.F.);
#765=ORIENTED_EDGE('',*,*,#1519,.F.);
#766=ORIENTED_EDGE('',*,*,#1535,.F.);
#767=ORIENTED_EDGE('',*,*,#1520,.T.);
#768=ORIENTED_EDGE('',*,*,#1533,.T.);
#769=ORIENTED_EDGE('',*,*,#1530,.T.);
#770=ORIENTED_EDGE('',*,*,#1527,.T.);
#771=ORIENTED_EDGE('',*,*,#1524,.T.);
#772=ORIENTED_EDGE('',*,*,#1271,.F.);
#773=ORIENTED_EDGE('',*,*,#1536,.F.);
#774=ORIENTED_EDGE('',*,*,#1537,.T.);
#775=ORIENTED_EDGE('',*,*,#1538,.T.);
#776=ORIENTED_EDGE('',*,*,#1289,.F.);
#777=ORIENTED_EDGE('',*,*,#1539,.F.);
#778=ORIENTED_EDGE('',*,*,#1540,.T.);
#779=ORIENTED_EDGE('',*,*,#1536,.T.);
#780=ORIENTED_EDGE('',*,*,#1288,.F.);
#781=ORIENTED_EDGE('',*,*,#1541,.F.);
#782=ORIENTED_EDGE('',*,*,#1542,.T.);
#783=ORIENTED_EDGE('',*,*,#1539,.T.);
#784=ORIENTED_EDGE('',*,*,#1287,.F.);
#785=ORIENTED_EDGE('',*,*,#1543,.F.);
#786=ORIENTED_EDGE('',*,*,#1544,.T.);
#787=ORIENTED_EDGE('',*,*,#1541,.T.);
#788=ORIENTED_EDGE('',*,*,#1286,.F.);
#789=ORIENTED_EDGE('',*,*,#1545,.F.);
#790=ORIENTED_EDGE('',*,*,#1546,.T.);
#791=ORIENTED_EDGE('',*,*,#1543,.T.);
#792=ORIENTED_EDGE('',*,*,#1285,.F.);
#793=ORIENTED_EDGE('',*,*,#1547,.F.);
#794=ORIENTED_EDGE('',*,*,#1548,.T.);
#795=ORIENTED_EDGE('',*,*,#1545,.T.);
#796=ORIENTED_EDGE('',*,*,#1284,.F.);
#797=ORIENTED_EDGE('',*,*,#1549,.F.);
#798=ORIENTED_EDGE('',*,*,#1550,.T.);
#799=ORIENTED_EDGE('',*,*,#1547,.T.);
#800=ORIENTED_EDGE('',*,*,#1283,.F.);
#801=ORIENTED_EDGE('',*,*,#1551,.F.);
#802=ORIENTED_EDGE('',*,*,#1552,.T.);
#803=ORIENTED_EDGE('',*,*,#1549,.T.);
#804=ORIENTED_EDGE('',*,*,#1282,.F.);
#805=ORIENTED_EDGE('',*,*,#1553,.F.);
#806=ORIENTED_EDGE('',*,*,#1554,.T.);
#807=ORIENTED_EDGE('',*,*,#1551,.T.);
#808=ORIENTED_EDGE('',*,*,#1281,.F.);
#809=ORIENTED_EDGE('',*,*,#1555,.F.);
#810=ORIENTED_EDGE('',*,*,#1556,.T.);
#811=ORIENTED_EDGE('',*,*,#1553,.T.);
#812=ORIENTED_EDGE('',*,*,#1280,.F.);
#813=ORIENTED_EDGE('',*,*,#1557,.F.);
#814=ORIENTED_EDGE('',*,*,#1558,.T.);
#815=ORIENTED_EDGE('',*,*,#1555,.T.);
#816=ORIENTED_EDGE('',*,*,#1279,.F.);
#817=ORIENTED_EDGE('',*,*,#1559,.F.);
#818=ORIENTED_EDGE('',*,*,#1560,.T.);
#819=ORIENTED_EDGE('',*,*,#1557,.T.);
#820=ORIENTED_EDGE('',*,*,#1278,.F.);
#821=ORIENTED_EDGE('',*,*,#1561,.F.);
#822=ORIENTED_EDGE('',*,*,#1562,.T.);
#823=ORIENTED_EDGE('',*,*,#1559,.T.);
#824=ORIENTED_EDGE('',*,*,#1277,.F.);
#825=ORIENTED_EDGE('',*,*,#1563,.F.);
#826=ORIENTED_EDGE('',*,*,#1564,.T.);
#827=ORIENTED_EDGE('',*,*,#1561,.T.);
#828=ORIENTED_EDGE('',*,*,#1276,.F.);
#829=ORIENTED_EDGE('',*,*,#1565,.F.);
#830=ORIENTED_EDGE('',*,*,#1566,.T.);
#831=ORIENTED_EDGE('',*,*,#1563,.T.);
#832=ORIENTED_EDGE('',*,*,#1275,.F.);
#833=ORIENTED_EDGE('',*,*,#1567,.F.);
#834=ORIENTED_EDGE('',*,*,#1568,.T.);
#835=ORIENTED_EDGE('',*,*,#1565,.T.);
#836=ORIENTED_EDGE('',*,*,#1274,.F.);
#837=ORIENTED_EDGE('',*,*,#1569,.F.);
#838=ORIENTED_EDGE('',*,*,#1570,.T.);
#839=ORIENTED_EDGE('',*,*,#1567,.T.);
#840=ORIENTED_EDGE('',*,*,#1273,.F.);
#841=ORIENTED_EDGE('',*,*,#1571,.F.);
#842=ORIENTED_EDGE('',*,*,#1572,.T.);
#843=ORIENTED_EDGE('',*,*,#1569,.T.);
#844=ORIENTED_EDGE('',*,*,#1272,.F.);
#845=ORIENTED_EDGE('',*,*,#1538,.F.);
#846=ORIENTED_EDGE('',*,*,#1573,.T.);
#847=ORIENTED_EDGE('',*,*,#1571,.T.);
#848=ORIENTED_EDGE('',*,*,#1537,.F.);
#849=ORIENTED_EDGE('',*,*,#1540,.F.);
#850=ORIENTED_EDGE('',*,*,#1542,.F.);
#851=ORIENTED_EDGE('',*,*,#1544,.F.);
#852=ORIENTED_EDGE('',*,*,#1546,.F.);
#853=ORIENTED_EDGE('',*,*,#1548,.F.);
#854=ORIENTED_EDGE('',*,*,#1550,.F.);
#855=ORIENTED_EDGE('',*,*,#1552,.F.);
#856=ORIENTED_EDGE('',*,*,#1554,.F.);
#857=ORIENTED_EDGE('',*,*,#1556,.F.);
#858=ORIENTED_EDGE('',*,*,#1558,.F.);
#859=ORIENTED_EDGE('',*,*,#1560,.F.);
#860=ORIENTED_EDGE('',*,*,#1562,.F.);
#861=ORIENTED_EDGE('',*,*,#1564,.F.);
#862=ORIENTED_EDGE('',*,*,#1566,.F.);
#863=ORIENTED_EDGE('',*,*,#1568,.F.);
#864=ORIENTED_EDGE('',*,*,#1570,.F.);
#865=ORIENTED_EDGE('',*,*,#1572,.F.);
#866=ORIENTED_EDGE('',*,*,#1573,.F.);
#867=ORIENTED_EDGE('',*,*,#1309,.F.);
#868=ORIENTED_EDGE('',*,*,#1574,.F.);
#869=ORIENTED_EDGE('',*,*,#1575,.T.);
#870=ORIENTED_EDGE('',*,*,#1576,.T.);
#871=ORIENTED_EDGE('',*,*,#1336,.T.);
#872=ORIENTED_EDGE('',*,*,#1577,.F.);
#873=ORIENTED_EDGE('',*,*,#1578,.F.);
#874=ORIENTED_EDGE('',*,*,#1574,.T.);
#875=ORIENTED_EDGE('',*,*,#1335,.F.);
#876=ORIENTED_EDGE('',*,*,#1579,.F.);
#877=ORIENTED_EDGE('',*,*,#1580,.T.);
#878=ORIENTED_EDGE('',*,*,#1577,.T.);
#879=ORIENTED_EDGE('',*,*,#1334,.F.);
#880=ORIENTED_EDGE('',*,*,#1581,.F.);
#881=ORIENTED_EDGE('',*,*,#1582,.T.);
#882=ORIENTED_EDGE('',*,*,#1579,.T.);
#883=ORIENTED_EDGE('',*,*,#1333,.F.);
#884=ORIENTED_EDGE('',*,*,#1583,.F.);
#885=ORIENTED_EDGE('',*,*,#1584,.T.);
#886=ORIENTED_EDGE('',*,*,#1581,.T.);
#887=ORIENTED_EDGE('',*,*,#1332,.F.);
#888=ORIENTED_EDGE('',*,*,#1585,.F.);
#889=ORIENTED_EDGE('',*,*,#1586,.T.);
#890=ORIENTED_EDGE('',*,*,#1583,.T.);
#891=ORIENTED_EDGE('',*,*,#1331,.F.);
#892=ORIENTED_EDGE('',*,*,#1587,.F.);
#893=ORIENTED_EDGE('',*,*,#1588,.T.);
#894=ORIENTED_EDGE('',*,*,#1585,.T.);
#895=ORIENTED_EDGE('',*,*,#1330,.F.);
#896=ORIENTED_EDGE('',*,*,#1589,.F.);
#897=ORIENTED_EDGE('',*,*,#1590,.T.);
#898=ORIENTED_EDGE('',*,*,#1587,.T.);
#899=ORIENTED_EDGE('',*,*,#1329,.F.);
#900=ORIENTED_EDGE('',*,*,#1591,.F.);
#901=ORIENTED_EDGE('',*,*,#1592,.T.);
#902=ORIENTED_EDGE('',*,*,#1589,.T.);
#903=ORIENTED_EDGE('',*,*,#1328,.F.);
#904=ORIENTED_EDGE('',*,*,#1593,.F.);
#905=ORIENTED_EDGE('',*,*,#1594,.T.);
#906=ORIENTED_EDGE('',*,*,#1591,.T.);
#907=ORIENTED_EDGE('',*,*,#1327,.F.);
#908=ORIENTED_EDGE('',*,*,#1595,.F.);
#909=ORIENTED_EDGE('',*,*,#1596,.T.);
#910=ORIENTED_EDGE('',*,*,#1593,.T.);
#911=ORIENTED_EDGE('',*,*,#1326,.F.);
#912=ORIENTED_EDGE('',*,*,#1597,.F.);
#913=ORIENTED_EDGE('',*,*,#1598,.T.);
#914=ORIENTED_EDGE('',*,*,#1595,.T.);
#915=ORIENTED_EDGE('',*,*,#1325,.F.);
#916=ORIENTED_EDGE('',*,*,#1599,.F.);
#917=ORIENTED_EDGE('',*,*,#1600,.T.);
#918=ORIENTED_EDGE('',*,*,#1597,.T.);
#919=ORIENTED_EDGE('',*,*,#1324,.F.);
#920=ORIENTED_EDGE('',*,*,#1601,.F.);
#921=ORIENTED_EDGE('',*,*,#1602,.T.);
#922=ORIENTED_EDGE('',*,*,#1599,.T.);
#923=ORIENTED_EDGE('',*,*,#1323,.F.);
#924=ORIENTED_EDGE('',*,*,#1603,.F.);
#925=ORIENTED_EDGE('',*,*,#1604,.T.);
#926=ORIENTED_EDGE('',*,*,#1601,.T.);
#927=ORIENTED_EDGE('',*,*,#1322,.F.);
#928=ORIENTED_EDGE('',*,*,#1605,.F.);
#929=ORIENTED_EDGE('',*,*,#1606,.T.);
#930=ORIENTED_EDGE('',*,*,#1603,.T.);
#931=ORIENTED_EDGE('',*,*,#1321,.F.);
#932=ORIENTED_EDGE('',*,*,#1607,.F.);
#933=ORIENTED_EDGE('',*,*,#1608,.T.);
#934=ORIENTED_EDGE('',*,*,#1605,.T.);
#935=ORIENTED_EDGE('',*,*,#1320,.F.);
#936=ORIENTED_EDGE('',*,*,#1609,.F.);
#937=ORIENTED_EDGE('',*,*,#1610,.T.);
#938=ORIENTED_EDGE('',*,*,#1607,.T.);
#939=ORIENTED_EDGE('',*,*,#1319,.F.);
#940=ORIENTED_EDGE('',*,*,#1611,.F.);
#941=ORIENTED_EDGE('',*,*,#1612,.T.);
#942=ORIENTED_EDGE('',*,*,#1609,.T.);
#943=ORIENTED_EDGE('',*,*,#1318,.F.);
#944=ORIENTED_EDGE('',*,*,#1613,.F.);
#945=ORIENTED_EDGE('',*,*,#1614,.T.);
#946=ORIENTED_EDGE('',*,*,#1611,.T.);
#947=ORIENTED_EDGE('',*,*,#1317,.F.);
#948=ORIENTED_EDGE('',*,*,#1615,.F.);
#949=ORIENTED_EDGE('',*,*,#1616,.T.);
#950=ORIENTED_EDGE('',*,*,#1613,.T.);
#951=ORIENTED_EDGE('',*,*,#1316,.F.);
#952=ORIENTED_EDGE('',*,*,#1617,.F.);
#953=ORIENTED_EDGE('',*,*,#1618,.T.);
#954=ORIENTED_EDGE('',*,*,#1615,.T.);
#955=ORIENTED_EDGE('',*,*,#1315,.F.);
#956=ORIENTED_EDGE('',*,*,#1619,.F.);
#957=ORIENTED_EDGE('',*,*,#1620,.T.);
#958=ORIENTED_EDGE('',*,*,#1617,.T.);
#959=ORIENTED_EDGE('',*,*,#1314,.F.);
#960=ORIENTED_EDGE('',*,*,#1621,.F.);
#961=ORIENTED_EDGE('',*,*,#1622,.T.);
#962=ORIENTED_EDGE('',*,*,#1619,.T.);
#963=ORIENTED_EDGE('',*,*,#1313,.F.);
#964=ORIENTED_EDGE('',*,*,#1623,.F.);
#965=ORIENTED_EDGE('',*,*,#1624,.T.);
#966=ORIENTED_EDGE('',*,*,#1621,.T.);
#967=ORIENTED_EDGE('',*,*,#1312,.F.);
#968=ORIENTED_EDGE('',*,*,#1625,.F.);
#969=ORIENTED_EDGE('',*,*,#1626,.T.);
#970=ORIENTED_EDGE('',*,*,#1623,.T.);
#971=ORIENTED_EDGE('',*,*,#1311,.F.);
#972=ORIENTED_EDGE('',*,*,#1627,.F.);
#973=ORIENTED_EDGE('',*,*,#1628,.T.);
#974=ORIENTED_EDGE('',*,*,#1625,.T.);
#975=ORIENTED_EDGE('',*,*,#1629,.F.);
#976=ORIENTED_EDGE('',*,*,#1630,.F.);
#977=ORIENTED_EDGE('',*,*,#1631,.T.);
#978=ORIENTED_EDGE('',*,*,#1632,.T.);
#979=ORIENTED_EDGE('',*,*,#1633,.F.);
#980=ORIENTED_EDGE('',*,*,#1634,.F.);
#981=ORIENTED_EDGE('',*,*,#1635,.T.);
#982=ORIENTED_EDGE('',*,*,#1630,.T.);
#983=ORIENTED_EDGE('',*,*,#1636,.F.);
#984=ORIENTED_EDGE('',*,*,#1637,.F.);
#985=ORIENTED_EDGE('',*,*,#1638,.T.);
#986=ORIENTED_EDGE('',*,*,#1634,.T.);
#987=ORIENTED_EDGE('',*,*,#1639,.F.);
#988=ORIENTED_EDGE('',*,*,#1640,.F.);
#989=ORIENTED_EDGE('',*,*,#1641,.T.);
#990=ORIENTED_EDGE('',*,*,#1637,.T.);
#991=ORIENTED_EDGE('',*,*,#1642,.F.);
#992=ORIENTED_EDGE('',*,*,#1643,.F.);
#993=ORIENTED_EDGE('',*,*,#1644,.T.);
#994=ORIENTED_EDGE('',*,*,#1640,.T.);
#995=ORIENTED_EDGE('',*,*,#1645,.F.);
#996=ORIENTED_EDGE('',*,*,#1646,.F.);
#997=ORIENTED_EDGE('',*,*,#1647,.T.);
#998=ORIENTED_EDGE('',*,*,#1643,.T.);
#999=ORIENTED_EDGE('',*,*,#1648,.F.);
#1000=ORIENTED_EDGE('',*,*,#1649,.F.);
#1001=ORIENTED_EDGE('',*,*,#1650,.T.);
#1002=ORIENTED_EDGE('',*,*,#1646,.T.);
#1003=ORIENTED_EDGE('',*,*,#1651,.F.);
#1004=ORIENTED_EDGE('',*,*,#1652,.F.);
#1005=ORIENTED_EDGE('',*,*,#1653,.T.);
#1006=ORIENTED_EDGE('',*,*,#1649,.T.);
#1007=ORIENTED_EDGE('',*,*,#1654,.F.);
#1008=ORIENTED_EDGE('',*,*,#1655,.F.);
#1009=ORIENTED_EDGE('',*,*,#1656,.T.);
#1010=ORIENTED_EDGE('',*,*,#1652,.T.);
#1011=ORIENTED_EDGE('',*,*,#1657,.F.);
#1012=ORIENTED_EDGE('',*,*,#1632,.F.);
#1013=ORIENTED_EDGE('',*,*,#1658,.T.);
#1014=ORIENTED_EDGE('',*,*,#1655,.T.);
#1015=ORIENTED_EDGE('',*,*,#1310,.F.);
#1016=ORIENTED_EDGE('',*,*,#1576,.F.);
#1017=ORIENTED_EDGE('',*,*,#1659,.T.);
#1018=ORIENTED_EDGE('',*,*,#1627,.T.);
#1019=ORIENTED_EDGE('',*,*,#1631,.F.);
#1020=ORIENTED_EDGE('',*,*,#1635,.F.);
#1021=ORIENTED_EDGE('',*,*,#1638,.F.);
#1022=ORIENTED_EDGE('',*,*,#1641,.F.);
#1023=ORIENTED_EDGE('',*,*,#1644,.F.);
#1024=ORIENTED_EDGE('',*,*,#1647,.F.);
#1025=ORIENTED_EDGE('',*,*,#1650,.F.);
#1026=ORIENTED_EDGE('',*,*,#1653,.F.);
#1027=ORIENTED_EDGE('',*,*,#1656,.F.);
#1028=ORIENTED_EDGE('',*,*,#1658,.F.);
#1029=ORIENTED_EDGE('',*,*,#1575,.F.);
#1030=ORIENTED_EDGE('',*,*,#1578,.T.);
#1031=ORIENTED_EDGE('',*,*,#1580,.F.);
#1032=ORIENTED_EDGE('',*,*,#1582,.F.);
#1033=ORIENTED_EDGE('',*,*,#1584,.F.);
#1034=ORIENTED_EDGE('',*,*,#1586,.F.);
#1035=ORIENTED_EDGE('',*,*,#1588,.F.);
#1036=ORIENTED_EDGE('',*,*,#1590,.F.);
#1037=ORIENTED_EDGE('',*,*,#1592,.F.);
#1038=ORIENTED_EDGE('',*,*,#1594,.F.);
#1039=ORIENTED_EDGE('',*,*,#1596,.F.);
#1040=ORIENTED_EDGE('',*,*,#1598,.F.);
#1041=ORIENTED_EDGE('',*,*,#1600,.F.);
#1042=ORIENTED_EDGE('',*,*,#1602,.F.);
#1043=ORIENTED_EDGE('',*,*,#1604,.F.);
#1044=ORIENTED_EDGE('',*,*,#1606,.F.);
#1045=ORIENTED_EDGE('',*,*,#1608,.F.);
#1046=ORIENTED_EDGE('',*,*,#1610,.F.);
#1047=ORIENTED_EDGE('',*,*,#1612,.F.);
#1048=ORIENTED_EDGE('',*,*,#1614,.F.);
#1049=ORIENTED_EDGE('',*,*,#1616,.F.);
#1050=ORIENTED_EDGE('',*,*,#1618,.F.);
#1051=ORIENTED_EDGE('',*,*,#1620,.F.);
#1052=ORIENTED_EDGE('',*,*,#1622,.F.);
#1053=ORIENTED_EDGE('',*,*,#1624,.F.);
#1054=ORIENTED_EDGE('',*,*,#1626,.F.);
#1055=ORIENTED_EDGE('',*,*,#1628,.F.);
#1056=ORIENTED_EDGE('',*,*,#1659,.F.);
#1057=ORIENTED_EDGE('',*,*,#1629,.T.);
#1058=ORIENTED_EDGE('',*,*,#1657,.T.);
#1059=ORIENTED_EDGE('',*,*,#1654,.T.);
#1060=ORIENTED_EDGE('',*,*,#1651,.T.);
#1061=ORIENTED_EDGE('',*,*,#1648,.T.);
#1062=ORIENTED_EDGE('',*,*,#1645,.T.);
#1063=ORIENTED_EDGE('',*,*,#1642,.T.);
#1064=ORIENTED_EDGE('',*,*,#1639,.T.);
#1065=ORIENTED_EDGE('',*,*,#1636,.T.);
#1066=ORIENTED_EDGE('',*,*,#1633,.T.);
#1067=ORIENTED_EDGE('',*,*,#1267,.F.);
#1068=ORIENTED_EDGE('',*,*,#1660,.F.);
#1069=ORIENTED_EDGE('',*,*,#1661,.T.);
#1070=ORIENTED_EDGE('',*,*,#1662,.T.);
#1071=ORIENTED_EDGE('',*,*,#1270,.T.);
#1072=ORIENTED_EDGE('',*,*,#1663,.F.);
#1073=ORIENTED_EDGE('',*,*,#1664,.F.);
#1074=ORIENTED_EDGE('',*,*,#1660,.T.);
#1075=ORIENTED_EDGE('',*,*,#1269,.F.);
#1076=ORIENTED_EDGE('',*,*,#1665,.F.);
#1077=ORIENTED_EDGE('',*,*,#1666,.T.);
#1078=ORIENTED_EDGE('',*,*,#1663,.T.);
#1079=ORIENTED_EDGE('',*,*,#1268,.F.);
#1080=ORIENTED_EDGE('',*,*,#1662,.F.);
#1081=ORIENTED_EDGE('',*,*,#1667,.T.);
#1082=ORIENTED_EDGE('',*,*,#1665,.T.);
#1083=ORIENTED_EDGE('',*,*,#1661,.F.);
#1084=ORIENTED_EDGE('',*,*,#1664,.T.);
#1085=ORIENTED_EDGE('',*,*,#1666,.F.);
#1086=ORIENTED_EDGE('',*,*,#1667,.F.);
#1087=ORIENTED_EDGE('',*,*,#1337,.F.);
#1088=ORIENTED_EDGE('',*,*,#1668,.F.);
#1089=ORIENTED_EDGE('',*,*,#1669,.T.);
#1090=ORIENTED_EDGE('',*,*,#1670,.T.);
#1091=ORIENTED_EDGE('',*,*,#1372,.F.);
#1092=ORIENTED_EDGE('',*,*,#1671,.F.);
#1093=ORIENTED_EDGE('',*,*,#1672,.T.);
#1094=ORIENTED_EDGE('',*,*,#1668,.T.);
#1095=ORIENTED_EDGE('',*,*,#1371,.F.);
#1096=ORIENTED_EDGE('',*,*,#1673,.F.);
#1097=ORIENTED_EDGE('',*,*,#1674,.T.);
#1098=ORIENTED_EDGE('',*,*,#1671,.T.);
#1099=ORIENTED_EDGE('',*,*,#1370,.F.);
#1100=ORIENTED_EDGE('',*,*,#1675,.F.);
#1101=ORIENTED_EDGE('',*,*,#1676,.T.);
#1102=ORIENTED_EDGE('',*,*,#1673,.T.);
#1103=ORIENTED_EDGE('',*,*,#1369,.F.);
#1104=ORIENTED_EDGE('',*,*,#1677,.F.);
#1105=ORIENTED_EDGE('',*,*,#1678,.T.);
#1106=ORIENTED_EDGE('',*,*,#1675,.T.);
#1107=ORIENTED_EDGE('',*,*,#1368,.F.);
#1108=ORIENTED_EDGE('',*,*,#1679,.F.);
#1109=ORIENTED_EDGE('',*,*,#1680,.T.);
#1110=ORIENTED_EDGE('',*,*,#1677,.T.);
#1111=ORIENTED_EDGE('',*,*,#1367,.F.);
#1112=ORIENTED_EDGE('',*,*,#1681,.F.);
#1113=ORIENTED_EDGE('',*,*,#1682,.T.);
#1114=ORIENTED_EDGE('',*,*,#1679,.T.);
#1115=ORIENTED_EDGE('',*,*,#1366,.F.);
#1116=ORIENTED_EDGE('',*,*,#1683,.F.);
#1117=ORIENTED_EDGE('',*,*,#1684,.T.);
#1118=ORIENTED_EDGE('',*,*,#1681,.T.);
#1119=ORIENTED_EDGE('',*,*,#1365,.F.);
#1120=ORIENTED_EDGE('',*,*,#1685,.F.);
#1121=ORIENTED_EDGE('',*,*,#1686,.T.);
#1122=ORIENTED_EDGE('',*,*,#1683,.T.);
#1123=ORIENTED_EDGE('',*,*,#1364,.F.);
#1124=ORIENTED_EDGE('',*,*,#1687,.F.);
#1125=ORIENTED_EDGE('',*,*,#1688,.T.);
#1126=ORIENTED_EDGE('',*,*,#1685,.T.);
#1127=ORIENTED_EDGE('',*,*,#1363,.F.);
#1128=ORIENTED_EDGE('',*,*,#1689,.F.);
#1129=ORIENTED_EDGE('',*,*,#1690,.T.);
#1130=ORIENTED_EDGE('',*,*,#1687,.T.);
#1131=ORIENTED_EDGE('',*,*,#1362,.F.);
#1132=ORIENTED_EDGE('',*,*,#1691,.F.);
#1133=ORIENTED_EDGE('',*,*,#1692,.T.);
#1134=ORIENTED_EDGE('',*,*,#1689,.T.);
#1135=ORIENTED_EDGE('',*,*,#1361,.F.);
#1136=ORIENTED_EDGE('',*,*,#1693,.F.);
#1137=ORIENTED_EDGE('',*,*,#1694,.T.);
#1138=ORIENTED_EDGE('',*,*,#1691,.T.);
#1139=ORIENTED_EDGE('',*,*,#1360,.F.);
#1140=ORIENTED_EDGE('',*,*,#1695,.F.);
#1141=ORIENTED_EDGE('',*,*,#1696,.T.);
#1142=ORIENTED_EDGE('',*,*,#1693,.T.);
#1143=ORIENTED_EDGE('',*,*,#1359,.F.);
#1144=ORIENTED_EDGE('',*,*,#1697,.F.);
#1145=ORIENTED_EDGE('',*,*,#1698,.T.);
#1146=ORIENTED_EDGE('',*,*,#1695,.T.);
#1147=ORIENTED_EDGE('',*,*,#1358,.F.);
#1148=ORIENTED_EDGE('',*,*,#1699,.F.);
#1149=ORIENTED_EDGE('',*,*,#1700,.T.);
#1150=ORIENTED_EDGE('',*,*,#1697,.T.);
#1151=ORIENTED_EDGE('',*,*,#1357,.F.);
#1152=ORIENTED_EDGE('',*,*,#1701,.F.);
#1153=ORIENTED_EDGE('',*,*,#1702,.T.);
#1154=ORIENTED_EDGE('',*,*,#1699,.T.);
#1155=ORIENTED_EDGE('',*,*,#1356,.F.);
#1156=ORIENTED_EDGE('',*,*,#1703,.F.);
#1157=ORIENTED_EDGE('',*,*,#1704,.T.);
#1158=ORIENTED_EDGE('',*,*,#1701,.T.);
#1159=ORIENTED_EDGE('',*,*,#1355,.F.);
#1160=ORIENTED_EDGE('',*,*,#1705,.F.);
#1161=ORIENTED_EDGE('',*,*,#1706,.T.);
#1162=ORIENTED_EDGE('',*,*,#1703,.T.);
#1163=ORIENTED_EDGE('',*,*,#1354,.F.);
#1164=ORIENTED_EDGE('',*,*,#1707,.F.);
#1165=ORIENTED_EDGE('',*,*,#1708,.T.);
#1166=ORIENTED_EDGE('',*,*,#1705,.T.);
#1167=ORIENTED_EDGE('',*,*,#1353,.F.);
#1168=ORIENTED_EDGE('',*,*,#1709,.F.);
#1169=ORIENTED_EDGE('',*,*,#1710,.T.);
#1170=ORIENTED_EDGE('',*,*,#1707,.T.);
#1171=ORIENTED_EDGE('',*,*,#1352,.F.);
#1172=ORIENTED_EDGE('',*,*,#1711,.F.);
#1173=ORIENTED_EDGE('',*,*,#1712,.T.);
#1174=ORIENTED_EDGE('',*,*,#1709,.T.);
#1175=ORIENTED_EDGE('',*,*,#1351,.F.);
#1176=ORIENTED_EDGE('',*,*,#1713,.F.);
#1177=ORIENTED_EDGE('',*,*,#1714,.T.);
#1178=ORIENTED_EDGE('',*,*,#1711,.T.);
#1179=ORIENTED_EDGE('',*,*,#1350,.F.);
#1180=ORIENTED_EDGE('',*,*,#1715,.F.);
#1181=ORIENTED_EDGE('',*,*,#1716,.T.);
#1182=ORIENTED_EDGE('',*,*,#1713,.T.);
#1183=ORIENTED_EDGE('',*,*,#1349,.F.);
#1184=ORIENTED_EDGE('',*,*,#1717,.F.);
#1185=ORIENTED_EDGE('',*,*,#1718,.T.);
#1186=ORIENTED_EDGE('',*,*,#1715,.T.);
#1187=ORIENTED_EDGE('',*,*,#1348,.F.);
#1188=ORIENTED_EDGE('',*,*,#1719,.F.);
#1189=ORIENTED_EDGE('',*,*,#1720,.T.);
#1190=ORIENTED_EDGE('',*,*,#1717,.T.);
#1191=ORIENTED_EDGE('',*,*,#1347,.F.);
#1192=ORIENTED_EDGE('',*,*,#1721,.F.);
#1193=ORIENTED_EDGE('',*,*,#1722,.T.);
#1194=ORIENTED_EDGE('',*,*,#1719,.T.);
#1195=ORIENTED_EDGE('',*,*,#1346,.F.);
#1196=ORIENTED_EDGE('',*,*,#1723,.F.);
#1197=ORIENTED_EDGE('',*,*,#1724,.T.);
#1198=ORIENTED_EDGE('',*,*,#1721,.T.);
#1199=ORIENTED_EDGE('',*,*,#1345,.F.);
#1200=ORIENTED_EDGE('',*,*,#1725,.F.);
#1201=ORIENTED_EDGE('',*,*,#1726,.T.);
#1202=ORIENTED_EDGE('',*,*,#1723,.T.);
#1203=ORIENTED_EDGE('',*,*,#1344,.F.);
#1204=ORIENTED_EDGE('',*,*,#1727,.F.);
#1205=ORIENTED_EDGE('',*,*,#1728,.T.);
#1206=ORIENTED_EDGE('',*,*,#1725,.T.);
#1207=ORIENTED_EDGE('',*,*,#1343,.F.);
#1208=ORIENTED_EDGE('',*,*,#1729,.F.);
#1209=ORIENTED_EDGE('',*,*,#1730,.T.);
#1210=ORIENTED_EDGE('',*,*,#1727,.T.);
#1211=ORIENTED_EDGE('',*,*,#1342,.F.);
#1212=ORIENTED_EDGE('',*,*,#1731,.F.);
#1213=ORIENTED_EDGE('',*,*,#1732,.T.);
#1214=ORIENTED_EDGE('',*,*,#1729,.T.);
#1215=ORIENTED_EDGE('',*,*,#1341,.F.);
#1216=ORIENTED_EDGE('',*,*,#1733,.F.);
#1217=ORIENTED_EDGE('',*,*,#1734,.T.);
#1218=ORIENTED_EDGE('',*,*,#1731,.T.);
#1219=ORIENTED_EDGE('',*,*,#1340,.F.);
#1220=ORIENTED_EDGE('',*,*,#1735,.F.);
#1221=ORIENTED_EDGE('',*,*,#1736,.T.);
#1222=ORIENTED_EDGE('',*,*,#1733,.T.);
#1223=ORIENTED_EDGE('',*,*,#1339,.F.);
#1224=ORIENTED_EDGE('',*,*,#1737,.F.);
#1225=ORIENTED_EDGE('',*,*,#1738,.T.);
#1226=ORIENTED_EDGE('',*,*,#1735,.T.);
#1227=ORIENTED_EDGE('',*,*,#1338,.F.);
#1228=ORIENTED_EDGE('',*,*,#1670,.F.);
#1229=ORIENTED_EDGE('',*,*,#1739,.T.);
#1230=ORIENTED_EDGE('',*,*,#1737,.T.);
#1231=ORIENTED_EDGE('',*,*,#1669,.F.);
#1232=ORIENTED_EDGE('',*,*,#1672,.F.);
#1233=ORIENTED_EDGE('',*,*,#1674,.F.);
#1234=ORIENTED_EDGE('',*,*,#1676,.F.);
#1235=ORIENTED_EDGE('',*,*,#1678,.F.);
#1236=ORIENTED_EDGE('',*,*,#1680,.F.);
#1237=ORIENTED_EDGE('',*,*,#1682,.F.);
#1238=ORIENTED_EDGE('',*,*,#1684,.F.);
#1239=ORIENTED_EDGE('',*,*,#1686,.F.);
#1240=ORIENTED_EDGE('',*,*,#1688,.F.);
#1241=ORIENTED_EDGE('',*,*,#1690,.F.);
#1242=ORIENTED_EDGE('',*,*,#1692,.F.);
#1243=ORIENTED_EDGE('',*,*,#1694,.F.);
#1244=ORIENTED_EDGE('',*,*,#1696,.F.);
#1245=ORIENTED_EDGE('',*,*,#1698,.F.);
#1246=ORIENTED_EDGE('',*,*,#1700,.F.);
#1247=ORIENTED_EDGE('',*,*,#1702,.F.);
#1248=ORIENTED_EDGE('',*,*,#1704,.F.);
#1249=ORIENTED_EDGE('',*,*,#1706,.F.);
#1250=ORIENTED_EDGE('',*,*,#1708,.F.);
#1251=ORIENTED_EDGE('',*,*,#1710,.F.);
#1252=ORIENTED_EDGE('',*,*,#1712,.F.);
#1253=ORIENTED_EDGE('',*,*,#1714,.F.);
#1254=ORIENTED_EDGE('',*,*,#1716,.F.);
#1255=ORIENTED_EDGE('',*,*,#1718,.F.);
#1256=ORIENTED_EDGE('',*,*,#1720,.F.);
#1257=ORIENTED_EDGE('',*,*,#1722,.F.);
#1258=ORIENTED_EDGE('',*,*,#1724,.F.);
#1259=ORIENTED_EDGE('',*,*,#1726,.F.);
#1260=ORIENTED_EDGE('',*,*,#1728,.F.);
#1261=ORIENTED_EDGE('',*,*,#1730,.F.);
#1262=ORIENTED_EDGE('',*,*,#1732,.F.);
#1263=ORIENTED_EDGE('',*,*,#1734,.F.);
#1264=ORIENTED_EDGE('',*,*,#1736,.F.);
#1265=ORIENTED_EDGE('',*,*,#1738,.F.);
#1266=ORIENTED_EDGE('',*,*,#1739,.F.);
#1267=EDGE_CURVE('',#1740,#1741,#2046,.T.);
#1268=EDGE_CURVE('',#1741,#1742,#2047,.T.);
#1269=EDGE_CURVE('',#1742,#1743,#2048,.T.);
#1270=EDGE_CURVE('',#1740,#1743,#2049,.T.);
#1271=EDGE_CURVE('',#1744,#1745,#163,.T.);
#1272=EDGE_CURVE('',#1745,#1746,#2050,.T.);
#1273=EDGE_CURVE('',#1746,#1747,#2051,.T.);
#1274=EDGE_CURVE('',#1747,#1748,#2052,.T.);
#1275=EDGE_CURVE('',#1748,#1749,#2053,.T.);
#1276=EDGE_CURVE('',#1749,#1750,#2054,.T.);
#1277=EDGE_CURVE('',#1750,#1751,#2055,.T.);
#1278=EDGE_CURVE('',#1751,#1752,#2056,.T.);
#1279=EDGE_CURVE('',#1752,#1753,#2057,.T.);
#1280=EDGE_CURVE('',#1753,#1754,#2058,.T.);
#1281=EDGE_CURVE('',#1754,#1755,#2059,.T.);
#1282=EDGE_CURVE('',#1755,#1756,#2060,.T.);
#1283=EDGE_CURVE('',#1756,#1757,#164,.T.);
#1284=EDGE_CURVE('',#1757,#1758,#165,.T.);
#1285=EDGE_CURVE('',#1758,#1759,#166,.T.);
#1286=EDGE_CURVE('',#1759,#1760,#2061,.T.);
#1287=EDGE_CURVE('',#1760,#1761,#123,.T.);
#1288=EDGE_CURVE('',#1761,#1762,#124,.F.);
#1289=EDGE_CURVE('',#1762,#1744,#167,.T.);
#1290=EDGE_CURVE('',#1763,#1764,#2062,.T.);
#1291=EDGE_CURVE('',#1764,#1765,#2063,.F.);
#1292=EDGE_CURVE('',#1765,#1766,#2064,.F.);
#1293=EDGE_CURVE('',#1766,#1763,#2065,.T.);
#1294=EDGE_CURVE('',#1767,#1768,#168,.T.);
#1295=EDGE_CURVE('',#1768,#1769,#169,.T.);
#1296=EDGE_CURVE('',#1769,#1770,#170,.T.);
#1297=EDGE_CURVE('',#1770,#1771,#171,.T.);
#1298=EDGE_CURVE('',#1771,#1772,#172,.T.);
#1299=EDGE_CURVE('',#1772,#1773,#2066,.T.);
#1300=EDGE_CURVE('',#1773,#1774,#2067,.T.);
#1301=EDGE_CURVE('',#1774,#1775,#173,.T.);
#1302=EDGE_CURVE('',#1775,#1776,#174,.T.);
#1303=EDGE_CURVE('',#1776,#1777,#175,.T.);
#1304=EDGE_CURVE('',#1777,#1778,#176,.T.);
#1305=EDGE_CURVE('',#1778,#1779,#2068,.T.);
#1306=EDGE_CURVE('',#1779,#1780,#177,.T.);
#1307=EDGE_CURVE('',#1780,#1781,#178,.T.);
#1308=EDGE_CURVE('',#1781,#1767,#179,.T.);
#1309=EDGE_CURVE('',#1782,#1783,#180,.T.);
#1310=EDGE_CURVE('',#1783,#1784,#181,.T.);
#1311=EDGE_CURVE('',#1784,#1785,#2069,.T.);
#1312=EDGE_CURVE('',#1785,#1786,#182,.T.);
#1313=EDGE_CURVE('',#1786,#1787,#125,.F.);
#1314=EDGE_CURVE('',#1787,#1788,#183,.T.);
#1315=EDGE_CURVE('',#1788,#1789,#184,.T.);
#1316=EDGE_CURVE('',#1789,#1790,#185,.T.);
#1317=EDGE_CURVE('',#1790,#1791,#186,.T.);
#1318=EDGE_CURVE('',#1791,#1792,#187,.T.);
#1319=EDGE_CURVE('',#1792,#1793,#188,.T.);
#1320=EDGE_CURVE('',#1793,#1794,#2070,.T.);
#1321=EDGE_CURVE('',#1794,#1795,#2071,.T.);
#1322=EDGE_CURVE('',#1795,#1796,#189,.T.);
#1323=EDGE_CURVE('',#1796,#1797,#190,.T.);
#1324=EDGE_CURVE('',#1797,#1798,#191,.T.);
#1325=EDGE_CURVE('',#1798,#1799,#192,.T.);
#1326=EDGE_CURVE('',#1799,#1800,#2072,.T.);
#1327=EDGE_CURVE('',#1800,#1801,#193,.T.);
#1328=EDGE_CURVE('',#1801,#1802,#194,.T.);
#1329=EDGE_CURVE('',#1802,#1803,#195,.T.);
#1330=EDGE_CURVE('',#1803,#1804,#2073,.T.);
#1331=EDGE_CURVE('',#1804,#1805,#196,.T.);
#1332=EDGE_CURVE('',#1805,#1806,#197,.T.);
#1333=EDGE_CURVE('',#1806,#1807,#198,.T.);
#1334=EDGE_CURVE('',#1807,#1808,#2074,.T.);
#1335=EDGE_CURVE('',#1808,#1809,#126,.T.);
#1336=EDGE_CURVE('',#1782,#1809,#2075,.T.);
#1337=EDGE_CURVE('',#1810,#1811,#199,.T.);
#1338=EDGE_CURVE('',#1811,#1812,#200,.T.);
#1339=EDGE_CURVE('',#1812,#1813,#201,.T.);
#1340=EDGE_CURVE('',#1813,#1814,#2076,.T.);
#1341=EDGE_CURVE('',#1814,#1815,#202,.T.);
#1342=EDGE_CURVE('',#1815,#1816,#203,.T.);
#1343=EDGE_CURVE('',#1816,#1817,#204,.T.);
#1344=EDGE_CURVE('',#1817,#1818,#205,.T.);
#1345=EDGE_CURVE('',#1818,#1819,#206,.T.);
#1346=EDGE_CURVE('',#1819,#1820,#207,.T.);
#1347=EDGE_CURVE('',#1820,#1821,#208,.T.);
#1348=EDGE_CURVE('',#1821,#1822,#127,.T.);
#1349=EDGE_CURVE('',#1822,#1823,#209,.T.);
#1350=EDGE_CURVE('',#1823,#1824,#210,.T.);
#1351=EDGE_CURVE('',#1824,#1825,#211,.T.);
#1352=EDGE_CURVE('',#1825,#1826,#212,.T.);
#1353=EDGE_CURVE('',#1826,#1827,#213,.T.);
#1354=EDGE_CURVE('',#1827,#1828,#214,.T.);
#1355=EDGE_CURVE('',#1828,#1829,#215,.T.);
#1356=EDGE_CURVE('',#1829,#1830,#216,.T.);
#1357=EDGE_CURVE('',#1830,#1831,#2077,.T.);
#1358=EDGE_CURVE('',#1831,#1832,#217,.T.);
#1359=EDGE_CURVE('',#1832,#1833,#218,.T.);
#1360=EDGE_CURVE('',#1833,#1834,#219,.T.);
#1361=EDGE_CURVE('',#1834,#1835,#220,.T.);
#1362=EDGE_CURVE('',#1835,#1836,#221,.T.);
#1363=EDGE_CURVE('',#1836,#1837,#222,.T.);
#1364=EDGE_CURVE('',#1837,#1838,#223,.T.);
#1365=EDGE_CURVE('',#1838,#1839,#128,.T.);
#1366=EDGE_CURVE('',#1839,#1840,#129,.F.);
#1367=EDGE_CURVE('',#1840,#1841,#224,.T.);
#1368=EDGE_CURVE('',#1841,#1842,#225,.T.);
#1369=EDGE_CURVE('',#1842,#1843,#226,.T.);
#1370=EDGE_CURVE('',#1843,#1844,#227,.T.);
#1371=EDGE_CURVE('',#1844,#1845,#228,.T.);
#1372=EDGE_CURVE('',#1845,#1810,#229,.T.);
#1373=EDGE_CURVE('',#1846,#1847,#2078,.T.);
#1374=EDGE_CURVE('',#1848,#1846,#2079,.T.);
#1375=EDGE_CURVE('',#1848,#1849,#2080,.T.);
#1376=EDGE_CURVE('',#1850,#1849,#2081,.T.);
#1377=EDGE_CURVE('',#1850,#1851,#2082,.T.);
#1378=EDGE_CURVE('',#1851,#1852,#2083,.T.);
#1379=EDGE_CURVE('',#1853,#1852,#2084,.T.);
#1380=EDGE_CURVE('',#1853,#1854,#2085,.T.);
#1381=EDGE_CURVE('',#1855,#1854,#2086,.T.);
#1382=EDGE_CURVE('',#1856,#1855,#2087,.T.);
#1383=EDGE_CURVE('',#1857,#1856,#2088,.T.);
#1384=EDGE_CURVE('',#1858,#1857,#2089,.T.);
#1385=EDGE_CURVE('',#1858,#1859,#2090,.T.);
#1386=EDGE_CURVE('',#1847,#1859,#2091,.T.);
#1387=EDGE_CURVE('',#1860,#1861,#2092,.T.);
#1388=EDGE_CURVE('',#1860,#1862,#2093,.T.);
#1389=EDGE_CURVE('',#1863,#1862,#2094,.T.);
#1390=EDGE_CURVE('',#1864,#1863,#2095,.T.);
#1391=EDGE_CURVE('',#1865,#1864,#2096,.T.);
#1392=EDGE_CURVE('',#1865,#1850,#2097,.T.);
#1393=EDGE_CURVE('',#1849,#1866,#2098,.T.);
#1394=EDGE_CURVE('',#1866,#1867,#2099,.T.);
#1395=EDGE_CURVE('',#1867,#1847,#2100,.T.);
#1396=EDGE_CURVE('',#1859,#1868,#2101,.T.);
#1397=EDGE_CURVE('',#1868,#1869,#2102,.T.);
#1398=EDGE_CURVE('',#1869,#1856,#2103,.T.);
#1399=EDGE_CURVE('',#1861,#1855,#2104,.T.);
#1400=EDGE_CURVE('',#1870,#1871,#2105,.T.);
#1401=EDGE_CURVE('',#1871,#1872,#2106,.F.);
#1402=EDGE_CURVE('',#1872,#1873,#2107,.F.);
#1403=EDGE_CURVE('',#1873,#1870,#2108,.T.);
#1404=EDGE_CURVE('',#1874,#1851,#2109,.T.);
#1405=EDGE_CURVE('',#1874,#1875,#2110,.T.);
#1406=EDGE_CURVE('',#1875,#1852,#2111,.T.);
#1407=EDGE_CURVE('',#1876,#1877,#2112,.F.);
#1408=EDGE_CURVE('',#1877,#1878,#2113,.F.);
#1409=EDGE_CURVE('',#1878,#1879,#2114,.T.);
#1410=EDGE_CURVE('',#1879,#1880,#2115,.T.);
#1411=EDGE_CURVE('',#1880,#1881,#2116,.F.);
#1412=EDGE_CURVE('',#1881,#1882,#2117,.F.);
#1413=EDGE_CURVE('',#1882,#1883,#2118,.T.);
#1414=EDGE_CURVE('',#1883,#1876,#2119,.F.);
#1415=EDGE_CURVE('',#1884,#1885,#2120,.T.);
#1416=EDGE_CURVE('',#1885,#1886,#2121,.T.);
#1417=EDGE_CURVE('',#1886,#1887,#2122,.F.);
#1418=EDGE_CURVE('',#1887,#1884,#2123,.F.);
#1419=EDGE_CURVE('',#1888,#1889,#2124,.T.);
#1420=EDGE_CURVE('',#1889,#1890,#2125,.T.);
#1421=EDGE_CURVE('',#1890,#1891,#2126,.F.);
#1422=EDGE_CURVE('',#1891,#1888,#2127,.F.);
#1423=EDGE_CURVE('',#1892,#1893,#2128,.T.);
#1424=EDGE_CURVE('',#1893,#1894,#2129,.F.);
#1425=EDGE_CURVE('',#1894,#1895,#2130,.F.);
#1426=EDGE_CURVE('',#1895,#1892,#2131,.T.);
#1427=EDGE_CURVE('',#1896,#1864,#2132,.T.);
#1428=EDGE_CURVE('',#1896,#1897,#2133,.T.);
#1429=EDGE_CURVE('',#1897,#1860,#2134,.T.);
#1430=EDGE_CURVE('',#1861,#1898,#2135,.T.);
#1431=EDGE_CURVE('',#1899,#1898,#2136,.T.);
#1432=EDGE_CURVE('',#1899,#1875,#2137,.T.);
#1433=EDGE_CURVE('',#1865,#1874,#2138,.T.);
#1434=EDGE_CURVE('',#1900,#1901,#2139,.T.);
#1435=EDGE_CURVE('',#1902,#1900,#2140,.T.);
#1436=EDGE_CURVE('',#1903,#1902,#2141,.T.);
#1437=EDGE_CURVE('',#1901,#1903,#2142,.T.);
#1438=EDGE_CURVE('',#1898,#1854,#2143,.T.);
#1439=EDGE_CURVE('',#1873,#1882,#130,.T.);
#1440=EDGE_CURVE('',#1879,#1872,#131,.T.);
#1441=EDGE_CURVE('',#1883,#1878,#2144,.T.);
#1442=EDGE_CURVE('',#1873,#1884,#132,.F.);
#1443=EDGE_CURVE('',#1884,#1882,#133,.F.);
#1444=EDGE_CURVE('',#1879,#1895,#134,.F.);
#1445=EDGE_CURVE('',#1895,#1872,#135,.F.);
#1446=EDGE_CURVE('',#1885,#1881,#136,.T.);
#1447=EDGE_CURVE('',#1870,#1887,#137,.T.);
#1448=EDGE_CURVE('',#1871,#1891,#138,.T.);
#1449=EDGE_CURVE('',#1888,#1870,#139,.T.);
#1450=EDGE_CURVE('',#1892,#1871,#140,.T.);
#1451=EDGE_CURVE('',#1880,#1894,#141,.T.);
#1452=EDGE_CURVE('',#1881,#1766,#142,.T.);
#1453=EDGE_CURVE('',#1763,#1880,#143,.T.);
#1454=EDGE_CURVE('',#1885,#1766,#144,.F.);
#1455=EDGE_CURVE('',#1888,#1887,#145,.F.);
#1456=EDGE_CURVE('',#1892,#1891,#146,.F.);
#1457=EDGE_CURVE('',#1763,#1894,#147,.F.);
#1458=EDGE_CURVE('',#1886,#1765,#148,.T.);
#1459=EDGE_CURVE('',#1889,#1886,#149,.T.);
#1460=EDGE_CURVE('',#1893,#1890,#150,.T.);
#1461=EDGE_CURVE('',#1764,#1893,#151,.T.);
#1462=EDGE_CURVE('',#1889,#1765,#152,.F.);
#1463=EDGE_CURVE('',#1764,#1890,#153,.F.);
#1464=EDGE_CURVE('',#1901,#1904,#2145,.T.);
#1465=EDGE_CURVE('',#1904,#1883,#154,.T.);
#1466=EDGE_CURVE('',#1878,#1905,#155,.T.);
#1467=EDGE_CURVE('',#1900,#1905,#2146,.T.);
#1468=EDGE_CURVE('',#1905,#1906,#2147,.T.);
#1469=EDGE_CURVE('',#1902,#1906,#2148,.T.);
#1470=EDGE_CURVE('',#1906,#1907,#2149,.T.);
#1471=EDGE_CURVE('',#1903,#1907,#2150,.T.);
#1472=EDGE_CURVE('',#1907,#1904,#2151,.T.);
#1473=EDGE_CURVE('',#1899,#1853,#2152,.T.);
#1474=EDGE_CURVE('',#1858,#1908,#2153,.T.);
#1475=EDGE_CURVE('',#1908,#1868,#2154,.T.);
#1476=EDGE_CURVE('',#1909,#1869,#2155,.T.);
#1477=EDGE_CURVE('',#1909,#1857,#2156,.T.);
#1478=EDGE_CURVE('',#1908,#1909,#2157,.T.);
#1479=EDGE_CURVE('',#1848,#1910,#2158,.T.);
#1480=EDGE_CURVE('',#1910,#1866,#2159,.T.);
#1481=EDGE_CURVE('',#1911,#1867,#2160,.T.);
#1482=EDGE_CURVE('',#1911,#1846,#2161,.T.);
#1483=EDGE_CURVE('',#1910,#1911,#2162,.T.);
#1484=EDGE_CURVE('',#1912,#1863,#2163,.T.);
#1485=EDGE_CURVE('',#1896,#1912,#2164,.T.);
#1486=EDGE_CURVE('',#1913,#1862,#2165,.T.);
#1487=EDGE_CURVE('',#1912,#1913,#2166,.T.);
#1488=EDGE_CURVE('',#1897,#1913,#2167,.T.);
#1489=EDGE_CURVE('',#1876,#1907,#91,.T.);
#1490=EDGE_CURVE('',#1877,#1906,#92,.T.);
#1491=EDGE_CURVE('',#1914,#1767,#2168,.T.);
#1492=EDGE_CURVE('',#1914,#1915,#230,.T.);
#1493=EDGE_CURVE('',#1915,#1768,#2169,.T.);
#1494=EDGE_CURVE('',#1916,#1781,#2170,.T.);
#1495=EDGE_CURVE('',#1916,#1914,#231,.T.);
#1496=EDGE_CURVE('',#1917,#1780,#2171,.T.);
#1497=EDGE_CURVE('',#1917,#1916,#232,.T.);
#1498=EDGE_CURVE('',#1918,#1779,#2172,.T.);
#1499=EDGE_CURVE('',#1918,#1917,#233,.T.);
#1500=EDGE_CURVE('',#1919,#1778,#2173,.T.);
#1501=EDGE_CURVE('',#1919,#1918,#2174,.T.);
#1502=EDGE_CURVE('',#1920,#1777,#2175,.T.);
#1503=EDGE_CURVE('',#1920,#1919,#234,.T.);
#1504=EDGE_CURVE('',#1921,#1776,#2176,.T.);
#1505=EDGE_CURVE('',#1921,#1920,#235,.T.);
#1506=EDGE_CURVE('',#1922,#1775,#2177,.T.);
#1507=EDGE_CURVE('',#1922,#1921,#236,.T.);
#1508=EDGE_CURVE('',#1923,#1774,#2178,.T.);
#1509=EDGE_CURVE('',#1923,#1922,#237,.T.);
#1510=EDGE_CURVE('',#1924,#1773,#2179,.T.);
#1511=EDGE_CURVE('',#1924,#1923,#2180,.T.);
#1512=EDGE_CURVE('',#1925,#1772,#2181,.T.);
#1513=EDGE_CURVE('',#1925,#1924,#2182,.T.);
#1514=EDGE_CURVE('',#1926,#1771,#2183,.T.);
#1515=EDGE_CURVE('',#1926,#1925,#238,.T.);
#1516=EDGE_CURVE('',#1927,#1770,#2184,.T.);
#1517=EDGE_CURVE('',#1927,#1926,#239,.T.);
#1518=EDGE_CURVE('',#1928,#1769,#2185,.T.);
#1519=EDGE_CURVE('',#1928,#1927,#240,.T.);
#1520=EDGE_CURVE('',#1929,#1930,#241,.T.);
#1521=EDGE_CURVE('',#1931,#1929,#2186,.T.);
#1522=EDGE_CURVE('',#1931,#1932,#242,.T.);
#1523=EDGE_CURVE('',#1932,#1930,#2187,.T.);
#1524=EDGE_CURVE('',#1933,#1929,#2188,.T.);
#1525=EDGE_CURVE('',#1934,#1933,#2189,.T.);
#1526=EDGE_CURVE('',#1934,#1931,#2190,.T.);
#1527=EDGE_CURVE('',#1935,#1933,#243,.T.);
#1528=EDGE_CURVE('',#1936,#1935,#2191,.T.);
#1529=EDGE_CURVE('',#1936,#1934,#244,.T.);
#1530=EDGE_CURVE('',#1937,#1935,#245,.T.);
#1531=EDGE_CURVE('',#1938,#1937,#2192,.T.);
#1532=EDGE_CURVE('',#1938,#1936,#246,.T.);
#1533=EDGE_CURVE('',#1930,#1937,#247,.T.);
#1534=EDGE_CURVE('',#1932,#1938,#248,.T.);
#1535=EDGE_CURVE('',#1915,#1928,#249,.T.);
#1536=EDGE_CURVE('',#1939,#1744,#2193,.T.);
#1537=EDGE_CURVE('',#1939,#1940,#250,.T.);
#1538=EDGE_CURVE('',#1940,#1745,#2194,.T.);
#1539=EDGE_CURVE('',#1941,#1762,#2195,.T.);
#1540=EDGE_CURVE('',#1941,#1939,#251,.T.);
#1541=EDGE_CURVE('',#1942,#1761,#2196,.T.);
#1542=EDGE_CURVE('',#1942,#1941,#156,.F.);
#1543=EDGE_CURVE('',#1943,#1760,#2197,.T.);
#1544=EDGE_CURVE('',#1943,#1942,#157,.T.);
#1545=EDGE_CURVE('',#1944,#1759,#2198,.T.);
#1546=EDGE_CURVE('',#1944,#1943,#2199,.T.);
#1547=EDGE_CURVE('',#1945,#1758,#2200,.T.);
#1548=EDGE_CURVE('',#1945,#1944,#252,.T.);
#1549=EDGE_CURVE('',#1946,#1757,#2201,.T.);
#1550=EDGE_CURVE('',#1946,#1945,#253,.T.);
#1551=EDGE_CURVE('',#1947,#1756,#2202,.T.);
#1552=EDGE_CURVE('',#1947,#1946,#254,.T.);
#1553=EDGE_CURVE('',#1948,#1755,#2203,.T.);
#1554=EDGE_CURVE('',#1948,#1947,#2204,.T.);
#1555=EDGE_CURVE('',#1949,#1754,#2205,.T.);
#1556=EDGE_CURVE('',#1949,#1948,#2206,.T.);
#1557=EDGE_CURVE('',#1950,#1753,#2207,.T.);
#1558=EDGE_CURVE('',#1950,#1949,#2208,.T.);
#1559=EDGE_CURVE('',#1951,#1752,#2209,.T.);
#1560=EDGE_CURVE('',#1951,#1950,#2210,.T.);
#1561=EDGE_CURVE('',#1952,#1751,#2211,.T.);
#1562=EDGE_CURVE('',#1952,#1951,#2212,.T.);
#1563=EDGE_CURVE('',#1953,#1750,#2213,.T.);
#1564=EDGE_CURVE('',#1953,#1952,#2214,.T.);
#1565=EDGE_CURVE('',#1954,#1749,#2215,.T.);
#1566=EDGE_CURVE('',#1954,#1953,#2216,.T.);
#1567=EDGE_CURVE('',#1955,#1748,#2217,.T.);
#1568=EDGE_CURVE('',#1955,#1954,#2218,.T.);
#1569=EDGE_CURVE('',#1956,#1747,#2219,.T.);
#1570=EDGE_CURVE('',#1956,#1955,#2220,.T.);
#1571=EDGE_CURVE('',#1957,#1746,#2221,.T.);
#1572=EDGE_CURVE('',#1957,#1956,#2222,.T.);
#1573=EDGE_CURVE('',#1940,#1957,#2223,.T.);
#1574=EDGE_CURVE('',#1958,#1782,#2224,.T.);
#1575=EDGE_CURVE('',#1958,#1959,#255,.T.);
#1576=EDGE_CURVE('',#1959,#1783,#2225,.T.);
#1577=EDGE_CURVE('',#1960,#1809,#2226,.T.);
#1578=EDGE_CURVE('',#1958,#1960,#2227,.T.);
#1579=EDGE_CURVE('',#1961,#1808,#2228,.T.);
#1580=EDGE_CURVE('',#1961,#1960,#158,.T.);
#1581=EDGE_CURVE('',#1962,#1807,#2229,.T.);
#1582=EDGE_CURVE('',#1962,#1961,#2230,.T.);
#1583=EDGE_CURVE('',#1963,#1806,#2231,.T.);
#1584=EDGE_CURVE('',#1963,#1962,#256,.T.);
#1585=EDGE_CURVE('',#1964,#1805,#2232,.T.);
#1586=EDGE_CURVE('',#1964,#1963,#257,.T.);
#1587=EDGE_CURVE('',#1965,#1804,#2233,.T.);
#1588=EDGE_CURVE('',#1965,#1964,#258,.T.);
#1589=EDGE_CURVE('',#1966,#1803,#2234,.T.);
#1590=EDGE_CURVE('',#1966,#1965,#2235,.T.);
#1591=EDGE_CURVE('',#1967,#1802,#2236,.T.);
#1592=EDGE_CURVE('',#1967,#1966,#259,.T.);
#1593=EDGE_CURVE('',#1968,#1801,#2237,.T.);
#1594=EDGE_CURVE('',#1968,#1967,#260,.T.);
#1595=EDGE_CURVE('',#1969,#1800,#2238,.T.);
#1596=EDGE_CURVE('',#1969,#1968,#261,.T.);
#1597=EDGE_CURVE('',#1970,#1799,#2239,.T.);
#1598=EDGE_CURVE('',#1970,#1969,#2240,.T.);
#1599=EDGE_CURVE('',#1971,#1798,#2241,.T.);
#1600=EDGE_CURVE('',#1971,#1970,#262,.T.);
#1601=EDGE_CURVE('',#1972,#1797,#2242,.T.);
#1602=EDGE_CURVE('',#1972,#1971,#263,.T.);
#1603=EDGE_CURVE('',#1973,#1796,#2243,.T.);
#1604=EDGE_CURVE('',#1973,#1972,#264,.T.);
#1605=EDGE_CURVE('',#1974,#1795,#2244,.T.);
#1606=EDGE_CURVE('',#1974,#1973,#265,.T.);
#1607=EDGE_CURVE('',#1975,#1794,#2245,.T.);
#1608=EDGE_CURVE('',#1975,#1974,#2246,.T.);
#1609=EDGE_CURVE('',#1976,#1793,#2247,.T.);
#1610=EDGE_CURVE('',#1976,#1975,#2248,.T.);
#1611=EDGE_CURVE('',#1977,#1792,#2249,.T.);
#1612=EDGE_CURVE('',#1977,#1976,#266,.T.);
#1613=EDGE_CURVE('',#1978,#1791,#2250,.T.);
#1614=EDGE_CURVE('',#1978,#1977,#267,.T.);
#1615=EDGE_CURVE('',#1979,#1790,#2251,.T.);
#1616=EDGE_CURVE('',#1979,#1978,#268,.T.);
#1617=EDGE_CURVE('',#1980,#1789,#2252,.T.);
#1618=EDGE_CURVE('',#1980,#1979,#269,.T.);
#1619=EDGE_CURVE('',#1981,#1788,#2253,.T.);
#1620=EDGE_CURVE('',#1981,#1980,#270,.T.);
#1621=EDGE_CURVE('',#1982,#1787,#2254,.T.);
#1622=EDGE_CURVE('',#1982,#1981,#271,.T.);
#1623=EDGE_CURVE('',#1983,#1786,#2255,.T.);
#1624=EDGE_CURVE('',#1983,#1982,#159,.F.);
#1625=EDGE_CURVE('',#1984,#1785,#2256,.T.);
#1626=EDGE_CURVE('',#1984,#1983,#272,.T.);
#1627=EDGE_CURVE('',#1985,#1784,#2257,.T.);
#1628=EDGE_CURVE('',#1985,#1984,#2258,.T.);
#1629=EDGE_CURVE('',#1986,#1987,#273,.T.);
#1630=EDGE_CURVE('',#1988,#1986,#2259,.T.);
#1631=EDGE_CURVE('',#1988,#1989,#274,.T.);
#1632=EDGE_CURVE('',#1989,#1987,#2260,.T.);
#1633=EDGE_CURVE('',#1990,#1986,#275,.T.);
#1634=EDGE_CURVE('',#1991,#1990,#2261,.T.);
#1635=EDGE_CURVE('',#1991,#1988,#276,.T.);
#1636=EDGE_CURVE('',#1992,#1990,#277,.T.);
#1637=EDGE_CURVE('',#1993,#1992,#2262,.T.);
#1638=EDGE_CURVE('',#1993,#1991,#278,.T.);
#1639=EDGE_CURVE('',#1994,#1992,#279,.T.);
#1640=EDGE_CURVE('',#1995,#1994,#2263,.T.);
#1641=EDGE_CURVE('',#1995,#1993,#280,.T.);
#1642=EDGE_CURVE('',#1996,#1994,#281,.T.);
#1643=EDGE_CURVE('',#1997,#1996,#2264,.T.);
#1644=EDGE_CURVE('',#1997,#1995,#282,.T.);
#1645=EDGE_CURVE('',#1998,#1996,#283,.T.);
#1646=EDGE_CURVE('',#1999,#1998,#2265,.T.);
#1647=EDGE_CURVE('',#1999,#1997,#284,.T.);
#1648=EDGE_CURVE('',#2000,#1998,#2266,.T.);
#1649=EDGE_CURVE('',#2001,#2000,#2267,.T.);
#1650=EDGE_CURVE('',#2001,#1999,#2268,.T.);
#1651=EDGE_CURVE('',#2002,#2000,#2269,.T.);
#1652=EDGE_CURVE('',#2003,#2002,#2270,.T.);
#1653=EDGE_CURVE('',#2003,#2001,#2271,.T.);
#1654=EDGE_CURVE('',#2004,#2002,#285,.T.);
#1655=EDGE_CURVE('',#2005,#2004,#2272,.T.);
#1656=EDGE_CURVE('',#2005,#2003,#286,.T.);
#1657=EDGE_CURVE('',#1987,#2004,#287,.T.);
#1658=EDGE_CURVE('',#1989,#2005,#288,.T.);
#1659=EDGE_CURVE('',#1959,#1985,#289,.T.);
#1660=EDGE_CURVE('',#2006,#1740,#2273,.T.);
#1661=EDGE_CURVE('',#2006,#2007,#2274,.T.);
#1662=EDGE_CURVE('',#2007,#1741,#2275,.T.);
#1663=EDGE_CURVE('',#2008,#1743,#2276,.T.);
#1664=EDGE_CURVE('',#2006,#2008,#2277,.T.);
#1665=EDGE_CURVE('',#2009,#1742,#2278,.T.);
#1666=EDGE_CURVE('',#2009,#2008,#2279,.T.);
#1667=EDGE_CURVE('',#2007,#2009,#2280,.T.);
#1668=EDGE_CURVE('',#2010,#1810,#2281,.T.);
#1669=EDGE_CURVE('',#2010,#2011,#290,.T.);
#1670=EDGE_CURVE('',#2011,#1811,#2282,.T.);
#1671=EDGE_CURVE('',#2012,#1845,#2283,.T.);
#1672=EDGE_CURVE('',#2012,#2010,#291,.T.);
#1673=EDGE_CURVE('',#2013,#1844,#2284,.T.);
#1674=EDGE_CURVE('',#2013,#2012,#292,.T.);
#1675=EDGE_CURVE('',#2014,#1843,#2285,.T.);
#1676=EDGE_CURVE('',#2014,#2013,#293,.T.);
#1677=EDGE_CURVE('',#2015,#1842,#2286,.T.);
#1678=EDGE_CURVE('',#2015,#2014,#294,.T.);
#1679=EDGE_CURVE('',#2016,#1841,#2287,.T.);
#1680=EDGE_CURVE('',#2016,#2015,#295,.T.);
#1681=EDGE_CURVE('',#2017,#1840,#2288,.T.);
#1682=EDGE_CURVE('',#2017,#2016,#296,.T.);
#1683=EDGE_CURVE('',#2018,#1839,#2289,.T.);
#1684=EDGE_CURVE('',#2018,#2017,#160,.F.);
#1685=EDGE_CURVE('',#2019,#1838,#2290,.T.);
#1686=EDGE_CURVE('',#2019,#2018,#161,.T.);
#1687=EDGE_CURVE('',#2020,#1837,#2291,.T.);
#1688=EDGE_CURVE('',#2020,#2019,#297,.T.);
#1689=EDGE_CURVE('',#2021,#1836,#2292,.T.);
#1690=EDGE_CURVE('',#2021,#2020,#298,.T.);
#1691=EDGE_CURVE('',#2022,#1835,#2293,.T.);
#1692=EDGE_CURVE('',#2022,#2021,#299,.T.);
#1693=EDGE_CURVE('',#2023,#1834,#2294,.T.);
#1694=EDGE_CURVE('',#2023,#2022,#300,.T.);
#1695=EDGE_CURVE('',#2024,#1833,#2295,.T.);
#1696=EDGE_CURVE('',#2024,#2023,#301,.T.);
#1697=EDGE_CURVE('',#2025,#1832,#2296,.T.);
#1698=EDGE_CURVE('',#2025,#2024,#302,.T.);
#1699=EDGE_CURVE('',#2026,#1831,#2297,.T.);
#1700=EDGE_CURVE('',#2026,#2025,#303,.T.);
#1701=EDGE_CURVE('',#2027,#1830,#2298,.T.);
#1702=EDGE_CURVE('',#2027,#2026,#2299,.T.);
#1703=EDGE_CURVE('',#2028,#1829,#2300,.T.);
#1704=EDGE_CURVE('',#2028,#2027,#304,.T.);
#1705=EDGE_CURVE('',#2029,#1828,#2301,.T.);
#1706=EDGE_CURVE('',#2029,#2028,#305,.T.);
#1707=EDGE_CURVE('',#2030,#1827,#2302,.T.);
#1708=EDGE_CURVE('',#2030,#2029,#306,.T.);
#1709=EDGE_CURVE('',#2031,#1826,#2303,.T.);
#1710=EDGE_CURVE('',#2031,#2030,#307,.T.);
#1711=EDGE_CURVE('',#2032,#1825,#2304,.T.);
#1712=EDGE_CURVE('',#2032,#2031,#308,.T.);
#1713=EDGE_CURVE('',#2033,#1824,#2305,.T.);
#1714=EDGE_CURVE('',#2033,#2032,#309,.T.);
#1715=EDGE_CURVE('',#2034,#1823,#2306,.T.);
#1716=EDGE_CURVE('',#2034,#2033,#310,.T.);
#1717=EDGE_CURVE('',#2035,#1822,#2307,.T.);
#1718=EDGE_CURVE('',#2035,#2034,#311,.T.);
#1719=EDGE_CURVE('',#2036,#1821,#2308,.T.);
#1720=EDGE_CURVE('',#2036,#2035,#162,.T.);
#1721=EDGE_CURVE('',#2037,#1820,#2309,.T.);
#1722=EDGE_CURVE('',#2037,#2036,#312,.T.);
#1723=EDGE_CURVE('',#2038,#1819,#2310,.T.);
#1724=EDGE_CURVE('',#2038,#2037,#313,.T.);
#1725=EDGE_CURVE('',#2039,#1818,#2311,.T.);
#1726=EDGE_CURVE('',#2039,#2038,#314,.T.);
#1727=EDGE_CURVE('',#2040,#1817,#2312,.T.);
#1728=EDGE_CURVE('',#2040,#2039,#315,.T.);
#1729=EDGE_CURVE('',#2041,#1816,#2313,.T.);
#1730=EDGE_CURVE('',#2041,#2040,#316,.T.);
#1731=EDGE_CURVE('',#2042,#1815,#2314,.T.);
#1732=EDGE_CURVE('',#2042,#2041,#317,.T.);
#1733=EDGE_CURVE('',#2043,#1814,#2315,.T.);
#1734=EDGE_CURVE('',#2043,#2042,#318,.T.);
#1735=EDGE_CURVE('',#2044,#1813,#2316,.T.);
#1736=EDGE_CURVE('',#2044,#2043,#2317,.T.);
#1737=EDGE_CURVE('',#2045,#1812,#2318,.T.);
#1738=EDGE_CURVE('',#2045,#2044,#319,.T.);
#1739=EDGE_CURVE('',#2011,#2045,#320,.T.);
#1740=VERTEX_POINT('',#3913);
#1741=VERTEX_POINT('',#3914);
#1742=VERTEX_POINT('',#3916);
#1743=VERTEX_POINT('',#3918);
#1744=VERTEX_POINT('',#3923);
#1745=VERTEX_POINT('',#3924);
#1746=VERTEX_POINT('',#3926);
#1747=VERTEX_POINT('',#3928);
#1748=VERTEX_POINT('',#3930);
#1749=VERTEX_POINT('',#3932);
#1750=VERTEX_POINT('',#3934);
#1751=VERTEX_POINT('',#3936);
#1752=VERTEX_POINT('',#3938);
#1753=VERTEX_POINT('',#3940);
#1754=VERTEX_POINT('',#3942);
#1755=VERTEX_POINT('',#3944);
#1756=VERTEX_POINT('',#3946);
#1757=VERTEX_POINT('',#3950);
#1758=VERTEX_POINT('',#3954);
#1759=VERTEX_POINT('',#3958);
#1760=VERTEX_POINT('',#3960);
#1761=VERTEX_POINT('',#3962);
#1762=VERTEX_POINT('',#3964);
#1763=VERTEX_POINT('',#3969);
#1764=VERTEX_POINT('',#3970);
#1765=VERTEX_POINT('',#3972);
#1766=VERTEX_POINT('',#3974);
#1767=VERTEX_POINT('',#3979);
#1768=VERTEX_POINT('',#3980);
#1769=VERTEX_POINT('',#3984);
#1770=VERTEX_POINT('',#3988);
#1771=VERTEX_POINT('',#3992);
#1772=VERTEX_POINT('',#3996);
#1773=VERTEX_POINT('',#3998);
#1774=VERTEX_POINT('',#4000);
#1775=VERTEX_POINT('',#4004);
#1776=VERTEX_POINT('',#4008);
#1777=VERTEX_POINT('',#4012);
#1778=VERTEX_POINT('',#4016);
#1779=VERTEX_POINT('',#4018);
#1780=VERTEX_POINT('',#4022);
#1781=VERTEX_POINT('',#4026);
#1782=VERTEX_POINT('',#4033);
#1783=VERTEX_POINT('',#4034);
#1784=VERTEX_POINT('',#4038);
#1785=VERTEX_POINT('',#4040);
#1786=VERTEX_POINT('',#4044);
#1787=VERTEX_POINT('',#4046);
#1788=VERTEX_POINT('',#4050);
#1789=VERTEX_POINT('',#4054);
#1790=VERTEX_POINT('',#4058);
#1791=VERTEX_POINT('',#4062);
#1792=VERTEX_POINT('',#4066);
#1793=VERTEX_POINT('',#4070);
#1794=VERTEX_POINT('',#4072);
#1795=VERTEX_POINT('',#4074);
#1796=VERTEX_POINT('',#4078);
#1797=VERTEX_POINT('',#4082);
#1798=VERTEX_POINT('',#4086);
#1799=VERTEX_POINT('',#4090);
#1800=VERTEX_POINT('',#4092);
#1801=VERTEX_POINT('',#4096);
#1802=VERTEX_POINT('',#4100);
#1803=VERTEX_POINT('',#4104);
#1804=VERTEX_POINT('',#4106);
#1805=VERTEX_POINT('',#4110);
#1806=VERTEX_POINT('',#4114);
#1807=VERTEX_POINT('',#4118);
#1808=VERTEX_POINT('',#4120);
#1809=VERTEX_POINT('',#4122);
#1810=VERTEX_POINT('',#4127);
#1811=VERTEX_POINT('',#4128);
#1812=VERTEX_POINT('',#4132);
#1813=VERTEX_POINT('',#4136);
#1814=VERTEX_POINT('',#4138);
#1815=VERTEX_POINT('',#4142);
#1816=VERTEX_POINT('',#4146);
#1817=VERTEX_POINT('',#4150);
#1818=VERTEX_POINT('',#4154);
#1819=VERTEX_POINT('',#4158);
#1820=VERTEX_POINT('',#4162);
#1821=VERTEX_POINT('',#4166);
#1822=VERTEX_POINT('',#4168);
#1823=VERTEX_POINT('',#4172);
#1824=VERTEX_POINT('',#4176);
#1825=VERTEX_POINT('',#4180);
#1826=VERTEX_POINT('',#4184);
#1827=VERTEX_POINT('',#4188);
#1828=VERTEX_POINT('',#4192);
#1829=VERTEX_POINT('',#4196);
#1830=VERTEX_POINT('',#4200);
#1831=VERTEX_POINT('',#4202);
#1832=VERTEX_POINT('',#4206);
#1833=VERTEX_POINT('',#4210);
#1834=VERTEX_POINT('',#4214);
#1835=VERTEX_POINT('',#4218);
#1836=VERTEX_POINT('',#4222);
#1837=VERTEX_POINT('',#4226);
#1838=VERTEX_POINT('',#4230);
#1839=VERTEX_POINT('',#4232);
#1840=VERTEX_POINT('',#4234);
#1841=VERTEX_POINT('',#4238);
#1842=VERTEX_POINT('',#4242);
#1843=VERTEX_POINT('',#4246);
#1844=VERTEX_POINT('',#4250);
#1845=VERTEX_POINT('',#4254);
#1846=VERTEX_POINT('',#4260);
#1847=VERTEX_POINT('',#4261);
#1848=VERTEX_POINT('',#4263);
#1849=VERTEX_POINT('',#4265);
#1850=VERTEX_POINT('',#4267);
#1851=VERTEX_POINT('',#4269);
#1852=VERTEX_POINT('',#4271);
#1853=VERTEX_POINT('',#4273);
#1854=VERTEX_POINT('',#4275);
#1855=VERTEX_POINT('',#4277);
#1856=VERTEX_POINT('',#4279);
#1857=VERTEX_POINT('',#4281);
#1858=VERTEX_POINT('',#4283);
#1859=VERTEX_POINT('',#4285);
#1860=VERTEX_POINT('',#4289);
#1861=VERTEX_POINT('',#4290);
#1862=VERTEX_POINT('',#4292);
#1863=VERTEX_POINT('',#4294);
#1864=VERTEX_POINT('',#4296);
#1865=VERTEX_POINT('',#4298);
#1866=VERTEX_POINT('',#4301);
#1867=VERTEX_POINT('',#4303);
#1868=VERTEX_POINT('',#4306);
#1869=VERTEX_POINT('',#4308);
#1870=VERTEX_POINT('',#4313);
#1871=VERTEX_POINT('',#4314);
#1872=VERTEX_POINT('',#4316);
#1873=VERTEX_POINT('',#4318);
#1874=VERTEX_POINT('',#4321);
#1875=VERTEX_POINT('',#4323);
#1876=VERTEX_POINT('',#4327);
#1877=VERTEX_POINT('',#4328);
#1878=VERTEX_POINT('',#4330);
#1879=VERTEX_POINT('',#4332);
#1880=VERTEX_POINT('',#4334);
#1881=VERTEX_POINT('',#4336);
#1882=VERTEX_POINT('',#4338);
#1883=VERTEX_POINT('',#4340);
#1884=VERTEX_POINT('',#4344);
#1885=VERTEX_POINT('',#4345);
#1886=VERTEX_POINT('',#4347);
#1887=VERTEX_POINT('',#4349);
#1888=VERTEX_POINT('',#4353);
#1889=VERTEX_POINT('',#4354);
#1890=VERTEX_POINT('',#4356);
#1891=VERTEX_POINT('',#4358);
#1892=VERTEX_POINT('',#4362);
#1893=VERTEX_POINT('',#4363);
#1894=VERTEX_POINT('',#4365);
#1895=VERTEX_POINT('',#4367);
#1896=VERTEX_POINT('',#4371);
#1897=VERTEX_POINT('',#4373);
#1898=VERTEX_POINT('',#4376);
#1899=VERTEX_POINT('',#4378);
#1900=VERTEX_POINT('',#4382);
#1901=VERTEX_POINT('',#4383);
#1902=VERTEX_POINT('',#4385);
#1903=VERTEX_POINT('',#4387);
#1904=VERTEX_POINT('',#4439);
#1905=VERTEX_POINT('',#4442);
#1906=VERTEX_POINT('',#4446);
#1907=VERTEX_POINT('',#4450);
#1908=VERTEX_POINT('',#4459);
#1909=VERTEX_POINT('',#4463);
#1910=VERTEX_POINT('',#4470);
#1911=VERTEX_POINT('',#4474);
#1912=VERTEX_POINT('',#4481);
#1913=VERTEX_POINT('',#4485);
#1914=VERTEX_POINT('',#4504);
#1915=VERTEX_POINT('',#4508);
#1916=VERTEX_POINT('',#4519);
#1917=VERTEX_POINT('',#4532);
#1918=VERTEX_POINT('',#4545);
#1919=VERTEX_POINT('',#4551);
#1920=VERTEX_POINT('',#4562);
#1921=VERTEX_POINT('',#4575);
#1922=VERTEX_POINT('',#4588);
#1923=VERTEX_POINT('',#4601);
#1924=VERTEX_POINT('',#4607);
#1925=VERTEX_POINT('',#4611);
#1926=VERTEX_POINT('',#4622);
#1927=VERTEX_POINT('',#4635);
#1928=VERTEX_POINT('',#4648);
#1929=VERTEX_POINT('',#4663);
#1930=VERTEX_POINT('',#4664);
#1931=VERTEX_POINT('',#4666);
#1932=VERTEX_POINT('',#4670);
#1933=VERTEX_POINT('',#4674);
#1934=VERTEX_POINT('',#4676);
#1935=VERTEX_POINT('',#4689);
#1936=VERTEX_POINT('',#4691);
#1937=VERTEX_POINT('',#4706);
#1938=VERTEX_POINT('',#4708);
#1939=VERTEX_POINT('',#4748);
#1940=VERTEX_POINT('',#4752);
#1941=VERTEX_POINT('',#4763);
#1942=VERTEX_POINT('',#4769);
#1943=VERTEX_POINT('',#4773);
#1944=VERTEX_POINT('',#4777);
#1945=VERTEX_POINT('',#4788);
#1946=VERTEX_POINT('',#4801);
#1947=VERTEX_POINT('',#4814);
#1948=VERTEX_POINT('',#4820);
#1949=VERTEX_POINT('',#4824);
#1950=VERTEX_POINT('',#4828);
#1951=VERTEX_POINT('',#4832);
#1952=VERTEX_POINT('',#4836);
#1953=VERTEX_POINT('',#4840);
#1954=VERTEX_POINT('',#4844);
#1955=VERTEX_POINT('',#4848);
#1956=VERTEX_POINT('',#4852);
#1957=VERTEX_POINT('',#4856);
#1958=VERTEX_POINT('',#4870);
#1959=VERTEX_POINT('',#4874);
#1960=VERTEX_POINT('',#4878);
#1961=VERTEX_POINT('',#4882);
#1962=VERTEX_POINT('',#4886);
#1963=VERTEX_POINT('',#4897);
#1964=VERTEX_POINT('',#4910);
#1965=VERTEX_POINT('',#4923);
#1966=VERTEX_POINT('',#4929);
#1967=VERTEX_POINT('',#4940);
#1968=VERTEX_POINT('',#4953);
#1969=VERTEX_POINT('',#4966);
#1970=VERTEX_POINT('',#4972);
#1971=VERTEX_POINT('',#4983);
#1972=VERTEX_POINT('',#4996);
#1973=VERTEX_POINT('',#5009);
#1974=VERTEX_POINT('',#5022);
#1975=VERTEX_POINT('',#5028);
#1976=VERTEX_POINT('',#5032);
#1977=VERTEX_POINT('',#5043);
#1978=VERTEX_POINT('',#5056);
#1979=VERTEX_POINT('',#5069);
#1980=VERTEX_POINT('',#5082);
#1981=VERTEX_POINT('',#5095);
#1982=VERTEX_POINT('',#5108);
#1983=VERTEX_POINT('',#5114);
#1984=VERTEX_POINT('',#5125);
#1985=VERTEX_POINT('',#5131);
#1986=VERTEX_POINT('',#5144);
#1987=VERTEX_POINT('',#5145);
#1988=VERTEX_POINT('',#5147);
#1989=VERTEX_POINT('',#5151);
#1990=VERTEX_POINT('',#5164);
#1991=VERTEX_POINT('',#5166);
#1992=VERTEX_POINT('',#5181);
#1993=VERTEX_POINT('',#5183);
#1994=VERTEX_POINT('',#5198);
#1995=VERTEX_POINT('',#5200);
#1996=VERTEX_POINT('',#5215);
#1997=VERTEX_POINT('',#5217);
#1998=VERTEX_POINT('',#5232);
#1999=VERTEX_POINT('',#5234);
#2000=VERTEX_POINT('',#5240);
#2001=VERTEX_POINT('',#5242);
#2002=VERTEX_POINT('',#5246);
#2003=VERTEX_POINT('',#5248);
#2004=VERTEX_POINT('',#5261);
#2005=VERTEX_POINT('',#5263);
#2006=VERTEX_POINT('',#5296);
#2007=VERTEX_POINT('',#5298);
#2008=VERTEX_POINT('',#5302);
#2009=VERTEX_POINT('',#5306);
#2010=VERTEX_POINT('',#5320);
#2011=VERTEX_POINT('',#5324);
#2012=VERTEX_POINT('',#5335);
#2013=VERTEX_POINT('',#5348);
#2014=VERTEX_POINT('',#5361);
#2015=VERTEX_POINT('',#5374);
#2016=VERTEX_POINT('',#5387);
#2017=VERTEX_POINT('',#5400);
#2018=VERTEX_POINT('',#5406);
#2019=VERTEX_POINT('',#5410);
#2020=VERTEX_POINT('',#5421);
#2021=VERTEX_POINT('',#5434);
#2022=VERTEX_POINT('',#5447);
#2023=VERTEX_POINT('',#5460);
#2024=VERTEX_POINT('',#5473);
#2025=VERTEX_POINT('',#5486);
#2026=VERTEX_POINT('',#5499);
#2027=VERTEX_POINT('',#5505);
#2028=VERTEX_POINT('',#5516);
#2029=VERTEX_POINT('',#5529);
#2030=VERTEX_POINT('',#5542);
#2031=VERTEX_POINT('',#5555);
#2032=VERTEX_POINT('',#5568);
#2033=VERTEX_POINT('',#5581);
#2034=VERTEX_POINT('',#5594);
#2035=VERTEX_POINT('',#5607);
#2036=VERTEX_POINT('',#5613);
#2037=VERTEX_POINT('',#5624);
#2038=VERTEX_POINT('',#5637);
#2039=VERTEX_POINT('',#5650);
#2040=VERTEX_POINT('',#5663);
#2041=VERTEX_POINT('',#5676);
#2042=VERTEX_POINT('',#5689);
#2043=VERTEX_POINT('',#5702);
#2044=VERTEX_POINT('',#5708);
#2045=VERTEX_POINT('',#5719);
#2046=LINE('',#3912,#2319);
#2047=LINE('',#3915,#2320);
#2048=LINE('',#3917,#2321);
#2049=LINE('',#3919,#2322);
#2050=LINE('',#3925,#2323);
#2051=LINE('',#3927,#2324);
#2052=LINE('',#3929,#2325);
#2053=LINE('',#3931,#2326);
#2054=LINE('',#3933,#2327);
#2055=LINE('',#3935,#2328);
#2056=LINE('',#3937,#2329);
#2057=LINE('',#3939,#2330);
#2058=LINE('',#3941,#2331);
#2059=LINE('',#3943,#2332);
#2060=LINE('',#3945,#2333);
#2061=LINE('',#3959,#2334);
#2062=LINE('',#3968,#2335);
#2063=LINE('',#3971,#2336);
#2064=LINE('',#3973,#2337);
#2065=LINE('',#3975,#2338);
#2066=LINE('',#3997,#2339);
#2067=LINE('',#3999,#2340);
#2068=LINE('',#4017,#2341);
#2069=LINE('',#4039,#2342);
#2070=LINE('',#4071,#2343);
#2071=LINE('',#4073,#2344);
#2072=LINE('',#4091,#2345);
#2073=LINE('',#4105,#2346);
#2074=LINE('',#4119,#2347);
#2075=LINE('',#4123,#2348);
#2076=LINE('',#4137,#2349);
#2077=LINE('',#4201,#2350);
#2078=LINE('',#4259,#2351);
#2079=LINE('',#4262,#2352);
#2080=LINE('',#4264,#2353);
#2081=LINE('',#4266,#2354);
#2082=LINE('',#4268,#2355);
#2083=LINE('',#4270,#2356);
#2084=LINE('',#4272,#2357);
#2085=LINE('',#4274,#2358);
#2086=LINE('',#4276,#2359);
#2087=LINE('',#4278,#2360);
#2088=LINE('',#4280,#2361);
#2089=LINE('',#4282,#2362);
#2090=LINE('',#4284,#2363);
#2091=LINE('',#4286,#2364);
#2092=LINE('',#4288,#2365);
#2093=LINE('',#4291,#2366);
#2094=LINE('',#4293,#2367);
#2095=LINE('',#4295,#2368);
#2096=LINE('',#4297,#2369);
#2097=LINE('',#4299,#2370);
#2098=LINE('',#4300,#2371);
#2099=LINE('',#4302,#2372);
#2100=LINE('',#4304,#2373);
#2101=LINE('',#4305,#2374);
#2102=LINE('',#4307,#2375);
#2103=LINE('',#4309,#2376);
#2104=LINE('',#4310,#2377);
#2105=LINE('',#4312,#2378);
#2106=LINE('',#4315,#2379);
#2107=LINE('',#4317,#2380);
#2108=LINE('',#4319,#2381);
#2109=LINE('',#4320,#2382);
#2110=LINE('',#4322,#2383);
#2111=LINE('',#4324,#2384);
#2112=LINE('',#4326,#2385);
#2113=LINE('',#4329,#2386);
#2114=LINE('',#4331,#2387);
#2115=LINE('',#4333,#2388);
#2116=LINE('',#4335,#2389);
#2117=LINE('',#4337,#2390);
#2118=LINE('',#4339,#2391);
#2119=LINE('',#4341,#2392);
#2120=LINE('',#4343,#2393);
#2121=LINE('',#4346,#2394);
#2122=LINE('',#4348,#2395);
#2123=LINE('',#4350,#2396);
#2124=LINE('',#4352,#2397);
#2125=LINE('',#4355,#2398);
#2126=LINE('',#4357,#2399);
#2127=LINE('',#4359,#2400);
#2128=LINE('',#4361,#2401);
#2129=LINE('',#4364,#2402);
#2130=LINE('',#4366,#2403);
#2131=LINE('',#4368,#2404);
#2132=LINE('',#4370,#2405);
#2133=LINE('',#4372,#2406);
#2134=LINE('',#4374,#2407);
#2135=LINE('',#4375,#2408);
#2136=LINE('',#4377,#2409);
#2137=LINE('',#4379,#2410);
#2138=LINE('',#4380,#2411);
#2139=LINE('',#4381,#2412);
#2140=LINE('',#4384,#2413);
#2141=LINE('',#4386,#2414);
#2142=LINE('',#4388,#2415);
#2143=LINE('',#4391,#2416);
#2144=LINE('',#4395,#2417);
#2145=LINE('',#4438,#2418);
#2146=LINE('',#4443,#2419);
#2147=LINE('',#4445,#2420);
#2148=LINE('',#4447,#2421);
#2149=LINE('',#4449,#2422);
#2150=LINE('',#4451,#2423);
#2151=LINE('',#4453,#2424);
#2152=LINE('',#4455,#2425);
#2153=LINE('',#4458,#2426);
#2154=LINE('',#4460,#2427);
#2155=LINE('',#4462,#2428);
#2156=LINE('',#4464,#2429);
#2157=LINE('',#4466,#2430);
#2158=LINE('',#4469,#2431);
#2159=LINE('',#4471,#2432);
#2160=LINE('',#4473,#2433);
#2161=LINE('',#4475,#2434);
#2162=LINE('',#4477,#2435);
#2163=LINE('',#4480,#2436);
#2164=LINE('',#4482,#2437);
#2165=LINE('',#4484,#2438);
#2166=LINE('',#4486,#2439);
#2167=LINE('',#4488,#2440);
#2168=LINE('',#4503,#2441);
#2169=LINE('',#4509,#2442);
#2170=LINE('',#4518,#2443);
#2171=LINE('',#4531,#2444);
#2172=LINE('',#4544,#2445);
#2173=LINE('',#4550,#2446);
#2174=LINE('',#4552,#2447);
#2175=LINE('',#4561,#2448);
#2176=LINE('',#4574,#2449);
#2177=LINE('',#4587,#2450);
#2178=LINE('',#4600,#2451);
#2179=LINE('',#4606,#2452);
#2180=LINE('',#4608,#2453);
#2181=LINE('',#4610,#2454);
#2182=LINE('',#4612,#2455);
#2183=LINE('',#4621,#2456);
#2184=LINE('',#4634,#2457);
#2185=LINE('',#4647,#2458);
#2186=LINE('',#4665,#2459);
#2187=LINE('',#4671,#2460);
#2188=LINE('',#4673,#2461);
#2189=LINE('',#4675,#2462);
#2190=LINE('',#4677,#2463);
#2191=LINE('',#4690,#2464);
#2192=LINE('',#4707,#2465);
#2193=LINE('',#4747,#2466);
#2194=LINE('',#4753,#2467);
#2195=LINE('',#4762,#2468);
#2196=LINE('',#4768,#2469);
#2197=LINE('',#4772,#2470);
#2198=LINE('',#4776,#2471);
#2199=LINE('',#4778,#2472);
#2200=LINE('',#4787,#2473);
#2201=LINE('',#4800,#2474);
#2202=LINE('',#4813,#2475);
#2203=LINE('',#4819,#2476);
#2204=LINE('',#4821,#2477);
#2205=LINE('',#4823,#2478);
#2206=LINE('',#4825,#2479);
#2207=LINE('',#4827,#2480);
#2208=LINE('',#4829,#2481);
#2209=LINE('',#4831,#2482);
#2210=LINE('',#4833,#2483);
#2211=LINE('',#4835,#2484);
#2212=LINE('',#4837,#2485);
#2213=LINE('',#4839,#2486);
#2214=LINE('',#4841,#2487);
#2215=LINE('',#4843,#2488);
#2216=LINE('',#4845,#2489);
#2217=LINE('',#4847,#2490);
#2218=LINE('',#4849,#2491);
#2219=LINE('',#4851,#2492);
#2220=LINE('',#4853,#2493);
#2221=LINE('',#4855,#2494);
#2222=LINE('',#4857,#2495);
#2223=LINE('',#4859,#2496);
#2224=LINE('',#4869,#2497);
#2225=LINE('',#4875,#2498);
#2226=LINE('',#4877,#2499);
#2227=LINE('',#4879,#2500);
#2228=LINE('',#4881,#2501);
#2229=LINE('',#4885,#2502);
#2230=LINE('',#4887,#2503);
#2231=LINE('',#4896,#2504);
#2232=LINE('',#4909,#2505);
#2233=LINE('',#4922,#2506);
#2234=LINE('',#4928,#2507);
#2235=LINE('',#4930,#2508);
#2236=LINE('',#4939,#2509);
#2237=LINE('',#4952,#2510);
#2238=LINE('',#4965,#2511);
#2239=LINE('',#4971,#2512);
#2240=LINE('',#4973,#2513);
#2241=LINE('',#4982,#2514);
#2242=LINE('',#4995,#2515);
#2243=LINE('',#5008,#2516);
#2244=LINE('',#5021,#2517);
#2245=LINE('',#5027,#2518);
#2246=LINE('',#5029,#2519);
#2247=LINE('',#5031,#2520);
#2248=LINE('',#5033,#2521);
#2249=LINE('',#5042,#2522);
#2250=LINE('',#5055,#2523);
#2251=LINE('',#5068,#2524);
#2252=LINE('',#5081,#2525);
#2253=LINE('',#5094,#2526);
#2254=LINE('',#5107,#2527);
#2255=LINE('',#5113,#2528);
#2256=LINE('',#5124,#2529);
#2257=LINE('',#5130,#2530);
#2258=LINE('',#5132,#2531);
#2259=LINE('',#5146,#2532);
#2260=LINE('',#5152,#2533);
#2261=LINE('',#5165,#2534);
#2262=LINE('',#5182,#2535);
#2263=LINE('',#5199,#2536);
#2264=LINE('',#5216,#2537);
#2265=LINE('',#5233,#2538);
#2266=LINE('',#5239,#2539);
#2267=LINE('',#5241,#2540);
#2268=LINE('',#5243,#2541);
#2269=LINE('',#5245,#2542);
#2270=LINE('',#5247,#2543);
#2271=LINE('',#5249,#2544);
#2272=LINE('',#5262,#2545);
#2273=LINE('',#5295,#2546);
#2274=LINE('',#5297,#2547);
#2275=LINE('',#5299,#2548);
#2276=LINE('',#5301,#2549);
#2277=LINE('',#5303,#2550);
#2278=LINE('',#5305,#2551);
#2279=LINE('',#5307,#2552);
#2280=LINE('',#5309,#2553);
#2281=LINE('',#5319,#2554);
#2282=LINE('',#5325,#2555);
#2283=LINE('',#5334,#2556);
#2284=LINE('',#5347,#2557);
#2285=LINE('',#5360,#2558);
#2286=LINE('',#5373,#2559);
#2287=LINE('',#5386,#2560);
#2288=LINE('',#5399,#2561);
#2289=LINE('',#5405,#2562);
#2290=LINE('',#5409,#2563);
#2291=LINE('',#5420,#2564);
#2292=LINE('',#5433,#2565);
#2293=LINE('',#5446,#2566);
#2294=LINE('',#5459,#2567);
#2295=LINE('',#5472,#2568);
#2296=LINE('',#5485,#2569);
#2297=LINE('',#5498,#2570);
#2298=LINE('',#5504,#2571);
#2299=LINE('',#5506,#2572);
#2300=LINE('',#5515,#2573);
#2301=LINE('',#5528,#2574);
#2302=LINE('',#5541,#2575);
#2303=LINE('',#5554,#2576);
#2304=LINE('',#5567,#2577);
#2305=LINE('',#5580,#2578);
#2306=LINE('',#5593,#2579);
#2307=LINE('',#5606,#2580);
#2308=LINE('',#5612,#2581);
#2309=LINE('',#5623,#2582);
#2310=LINE('',#5636,#2583);
#2311=LINE('',#5649,#2584);
#2312=LINE('',#5662,#2585);
#2313=LINE('',#5675,#2586);
#2314=LINE('',#5688,#2587);
#2315=LINE('',#5701,#2588);
#2316=LINE('',#5707,#2589);
#2317=LINE('',#5709,#2590);
#2318=LINE('',#5718,#2591);
#2319=VECTOR('',#3361,1.);
#2320=VECTOR('',#3362,1.);
#2321=VECTOR('',#3363,1.);
#2322=VECTOR('',#3364,1.);
#2323=VECTOR('',#3365,1.);
#2324=VECTOR('',#3366,1.);
#2325=VECTOR('',#3367,1.);
#2326=VECTOR('',#3368,1.);
#2327=VECTOR('',#3369,1.);
#2328=VECTOR('',#3370,1.);
#2329=VECTOR('',#3371,1.);
#2330=VECTOR('',#3372,1.);
#2331=VECTOR('',#3373,1.);
#2332=VECTOR('',#3374,1.);
#2333=VECTOR('',#3375,1.);
#2334=VECTOR('',#3376,1.);
#2335=VECTOR('',#3381,1.);
#2336=VECTOR('',#3382,1.);
#2337=VECTOR('',#3383,1.);
#2338=VECTOR('',#3384,1.);
#2339=VECTOR('',#3385,1.);
#2340=VECTOR('',#3386,1.);
#2341=VECTOR('',#3387,1.);
#2342=VECTOR('',#3388,1.);
#2343=VECTOR('',#3391,1.);
#2344=VECTOR('',#3392,1.);
#2345=VECTOR('',#3393,1.);
#2346=VECTOR('',#3394,1.);
#2347=VECTOR('',#3395,1.);
#2348=VECTOR('',#3398,1.);
#2349=VECTOR('',#3399,1.);
#2350=VECTOR('',#3402,1.);
#2351=VECTOR('',#3409,1.);
#2352=VECTOR('',#3410,1.);
#2353=VECTOR('',#3411,1.);
#2354=VECTOR('',#3412,1.);
#2355=VECTOR('',#3413,1.);
#2356=VECTOR('',#3414,1.);
#2357=VECTOR('',#3415,1.);
#2358=VECTOR('',#3416,1.);
#2359=VECTOR('',#3417,1.);
#2360=VECTOR('',#3418,1.);
#2361=VECTOR('',#3419,1.);
#2362=VECTOR('',#3420,1.);
#2363=VECTOR('',#3421,1.);
#2364=VECTOR('',#3422,1.);
#2365=VECTOR('',#3425,1.);
#2366=VECTOR('',#3426,1.);
#2367=VECTOR('',#3427,1.);
#2368=VECTOR('',#3428,1.);
#2369=VECTOR('',#3429,1.);
#2370=VECTOR('',#3430,1.);
#2371=VECTOR('',#3431,1.);
#2372=VECTOR('',#3432,1.);
#2373=VECTOR('',#3433,1.);
#2374=VECTOR('',#3434,1.);
#2375=VECTOR('',#3435,1.);
#2376=VECTOR('',#3436,1.);
#2377=VECTOR('',#3437,1.);
#2378=VECTOR('',#3440,1.);
#2379=VECTOR('',#3441,1.);
#2380=VECTOR('',#3442,1.);
#2381=VECTOR('',#3443,1.);
#2382=VECTOR('',#3444,1.);
#2383=VECTOR('',#3445,1.);
#2384=VECTOR('',#3446,1.);
#2385=VECTOR('',#3449,1.);
#2386=VECTOR('',#3450,1.);
#2387=VECTOR('',#3451,1.);
#2388=VECTOR('',#3452,1.);
#2389=VECTOR('',#3453,1.);
#2390=VECTOR('',#3454,1.);
#2391=VECTOR('',#3455,1.);
#2392=VECTOR('',#3456,1.);
#2393=VECTOR('',#3459,1.);
#2394=VECTOR('',#3460,1.);
#2395=VECTOR('',#3461,1.);
#2396=VECTOR('',#3462,1.);
#2397=VECTOR('',#3465,1.);
#2398=VECTOR('',#3466,1.);
#2399=VECTOR('',#3467,1.);
#2400=VECTOR('',#3468,1.);
#2401=VECTOR('',#3471,1.);
#2402=VECTOR('',#3472,1.);
#2403=VECTOR('',#3473,1.);
#2404=VECTOR('',#3474,1.);
#2405=VECTOR('',#3477,1.);
#2406=VECTOR('',#3478,1.);
#2407=VECTOR('',#3479,1.);
#2408=VECTOR('',#3480,1.);
#2409=VECTOR('',#3481,1.);
#2410=VECTOR('',#3482,1.);
#2411=VECTOR('',#3483,1.);
#2412=VECTOR('',#3484,1.);
#2413=VECTOR('',#3485,1.);
#2414=VECTOR('',#3486,1.);
#2415=VECTOR('',#3487,1.);
#2416=VECTOR('',#3492,1.);
#2417=VECTOR('',#3499,1.);
#2418=VECTOR('',#3584,1.);
#2419=VECTOR('',#3589,1.);
#2420=VECTOR('',#3592,1.);
#2421=VECTOR('',#3593,1.);
#2422=VECTOR('',#3596,1.);
#2423=VECTOR('',#3597,1.);
#2424=VECTOR('',#3600,1.);
#2425=VECTOR('',#3603,1.);
#2426=VECTOR('',#3608,1.);
#2427=VECTOR('',#3609,1.);
#2428=VECTOR('',#3612,1.);
#2429=VECTOR('',#3613,1.);
#2430=VECTOR('',#3616,1.);
#2431=VECTOR('',#3621,1.);
#2432=VECTOR('',#3622,1.);
#2433=VECTOR('',#3625,1.);
#2434=VECTOR('',#3626,1.);
#2435=VECTOR('',#3629,1.);
#2436=VECTOR('',#3634,1.);
#2437=VECTOR('',#3635,1.);
#2438=VECTOR('',#3638,1.);
#2439=VECTOR('',#3639,1.);
#2440=VECTOR('',#3642,1.);
#2441=VECTOR('',#3655,1.);
#2442=VECTOR('',#3656,1.);
#2443=VECTOR('',#3657,1.);
#2444=VECTOR('',#3658,1.);
#2445=VECTOR('',#3659,1.);
#2446=VECTOR('',#3662,1.);
#2447=VECTOR('',#3663,1.);
#2448=VECTOR('',#3664,1.);
#2449=VECTOR('',#3665,1.);
#2450=VECTOR('',#3666,1.);
#2451=VECTOR('',#3667,1.);
#2452=VECTOR('',#3670,1.);
#2453=VECTOR('',#3671,1.);
#2454=VECTOR('',#3674,1.);
#2455=VECTOR('',#3675,1.);
#2456=VECTOR('',#3676,1.);
#2457=VECTOR('',#3677,1.);
#2458=VECTOR('',#3678,1.);
#2459=VECTOR('',#3679,1.);
#2460=VECTOR('',#3680,1.);
#2461=VECTOR('',#3683,1.);
#2462=VECTOR('',#3684,1.);
#2463=VECTOR('',#3685,1.);
#2464=VECTOR('',#3686,1.);
#2465=VECTOR('',#3687,1.);
#2466=VECTOR('',#3692,1.);
#2467=VECTOR('',#3693,1.);
#2468=VECTOR('',#3694,1.);
#2469=VECTOR('',#3697,1.);
#2470=VECTOR('',#3702,1.);
#2471=VECTOR('',#3707,1.);
#2472=VECTOR('',#3708,1.);
#2473=VECTOR('',#3709,1.);
#2474=VECTOR('',#3710,1.);
#2475=VECTOR('',#3711,1.);
#2476=VECTOR('',#3714,1.);
#2477=VECTOR('',#3715,1.);
#2478=VECTOR('',#3718,1.);
#2479=VECTOR('',#3719,1.);
#2480=VECTOR('',#3722,1.);
#2481=VECTOR('',#3723,1.);
#2482=VECTOR('',#3726,1.);
#2483=VECTOR('',#3727,1.);
#2484=VECTOR('',#3730,1.);
#2485=VECTOR('',#3731,1.);
#2486=VECTOR('',#3734,1.);
#2487=VECTOR('',#3735,1.);
#2488=VECTOR('',#3738,1.);
#2489=VECTOR('',#3739,1.);
#2490=VECTOR('',#3742,1.);
#2491=VECTOR('',#3743,1.);
#2492=VECTOR('',#3746,1.);
#2493=VECTOR('',#3747,1.);
#2494=VECTOR('',#3750,1.);
#2495=VECTOR('',#3751,1.);
#2496=VECTOR('',#3754,1.);
#2497=VECTOR('',#3757,1.);
#2498=VECTOR('',#3758,1.);
#2499=VECTOR('',#3761,1.);
#2500=VECTOR('',#3762,1.);
#2501=VECTOR('',#3765,1.);
#2502=VECTOR('',#3770,1.);
#2503=VECTOR('',#3771,1.);
#2504=VECTOR('',#3772,1.);
#2505=VECTOR('',#3773,1.);
#2506=VECTOR('',#3774,1.);
#2507=VECTOR('',#3777,1.);
#2508=VECTOR('',#3778,1.);
#2509=VECTOR('',#3779,1.);
#2510=VECTOR('',#3780,1.);
#2511=VECTOR('',#3781,1.);
#2512=VECTOR('',#3784,1.);
#2513=VECTOR('',#3785,1.);
#2514=VECTOR('',#3786,1.);
#2515=VECTOR('',#3787,1.);
#2516=VECTOR('',#3788,1.);
#2517=VECTOR('',#3789,1.);
#2518=VECTOR('',#3792,1.);
#2519=VECTOR('',#3793,1.);
#2520=VECTOR('',#3796,1.);
#2521=VECTOR('',#3797,1.);
#2522=VECTOR('',#3798,1.);
#2523=VECTOR('',#3799,1.);
#2524=VECTOR('',#3800,1.);
#2525=VECTOR('',#3801,1.);
#2526=VECTOR('',#3802,1.);
#2527=VECTOR('',#3803,1.);
#2528=VECTOR('',#3806,1.);
#2529=VECTOR('',#3809,1.);
#2530=VECTOR('',#3812,1.);
#2531=VECTOR('',#3813,1.);
#2532=VECTOR('',#3814,1.);
#2533=VECTOR('',#3815,1.);
#2534=VECTOR('',#3816,1.);
#2535=VECTOR('',#3817,1.);
#2536=VECTOR('',#3818,1.);
#2537=VECTOR('',#3819,1.);
#2538=VECTOR('',#3820,1.);
#2539=VECTOR('',#3823,1.);
#2540=VECTOR('',#3824,1.);
#2541=VECTOR('',#3825,1.);
#2542=VECTOR('',#3828,1.);
#2543=VECTOR('',#3829,1.);
#2544=VECTOR('',#3830,1.);
#2545=VECTOR('',#3831,1.);
#2546=VECTOR('',#3838,1.);
#2547=VECTOR('',#3839,1.);
#2548=VECTOR('',#3840,1.);
#2549=VECTOR('',#3843,1.);
#2550=VECTOR('',#3844,1.);
#2551=VECTOR('',#3847,1.);
#2552=VECTOR('',#3848,1.);
#2553=VECTOR('',#3851,1.);
#2554=VECTOR('',#3854,1.);
#2555=VECTOR('',#3855,1.);
#2556=VECTOR('',#3856,1.);
#2557=VECTOR('',#3857,1.);
#2558=VECTOR('',#3858,1.);
#2559=VECTOR('',#3859,1.);
#2560=VECTOR('',#3860,1.);
#2561=VECTOR('',#3861,1.);
#2562=VECTOR('',#3864,1.);
#2563=VECTOR('',#3869,1.);
#2564=VECTOR('',#3872,1.);
#2565=VECTOR('',#3873,1.);
#2566=VECTOR('',#3874,1.);
#2567=VECTOR('',#3875,1.);
#2568=VECTOR('',#3876,1.);
#2569=VECTOR('',#3877,1.);
#2570=VECTOR('',#3878,1.);
#2571=VECTOR('',#3881,1.);
#2572=VECTOR('',#3882,1.);
#2573=VECTOR('',#3883,1.);
#2574=VECTOR('',#3884,1.);
#2575=VECTOR('',#3885,1.);
#2576=VECTOR('',#3886,1.);
#2577=VECTOR('',#3887,1.);
#2578=VECTOR('',#3888,1.);
#2579=VECTOR('',#3889,1.);
#2580=VECTOR('',#3890,1.);
#2581=VECTOR('',#3893,1.);
#2582=VECTOR('',#3896,1.);
#2583=VECTOR('',#3897,1.);
#2584=VECTOR('',#3898,1.);
#2585=VECTOR('',#3899,1.);
#2586=VECTOR('',#3900,1.);
#2587=VECTOR('',#3901,1.);
#2588=VECTOR('',#3902,1.);
#2589=VECTOR('',#3905,1.);
#2590=VECTOR('',#3906,1.);
#2591=VECTOR('',#3907,1.);
#2592=EDGE_LOOP('',(#321,#322,#323,#324));
#2593=EDGE_LOOP('',(#325,#326,#327,#328,#329,#330,#331,#332,#333,#334,#335,
#336,#337,#338,#339,#340,#341,#342,#343));
#2594=EDGE_LOOP('',(#344,#345,#346,#347));
#2595=EDGE_LOOP('',(#348,#349,#350,#351,#352,#353,#354,#355,#356,#357,#358,
#359,#360,#361,#362));
#2596=EDGE_LOOP('',(#363,#364,#365,#366,#367,#368,#369,#370,#371,#372,#373,
#374,#375,#376,#377,#378,#379,#380,#381,#382,#383,#384,#385,#386,#387,#388,
#389,#390));
#2597=EDGE_LOOP('',(#391,#392,#393,#394,#395,#396,#397,#398,#399,#400,#401,
#402,#403,#404,#405,#406,#407,#408,#409,#410,#411,#412,#413,#414,#415,#416,
#417,#418,#419,#420,#421,#422,#423,#424,#425,#426));
#2598=EDGE_LOOP('',(#427,#428,#429,#430,#431,#432,#433,#434,#435,#436,#437,
#438,#439,#440));
#2599=EDGE_LOOP('',(#441,#442,#443,#444,#445,#446,#447,#448,#449,#450,#451,
#452,#453,#454,#455,#456));
#2600=EDGE_LOOP('',(#457,#458,#459,#460));
#2601=EDGE_LOOP('',(#461,#462,#463,#464));
#2602=EDGE_LOOP('',(#465,#466,#467,#468,#469,#470,#471,#472));
#2603=EDGE_LOOP('',(#473,#474,#475,#476));
#2604=EDGE_LOOP('',(#477,#478,#479,#480));
#2605=EDGE_LOOP('',(#481,#482,#483,#484));
#2606=EDGE_LOOP('',(#485,#486,#487,#488,#489,#490,#491,#492,#493,#494));
#2607=EDGE_LOOP('',(#495,#496,#497,#498));
#2608=EDGE_LOOP('',(#499,#500,#501,#502));
#2609=EDGE_LOOP('',(#503,#504,#505,#506));
#2610=EDGE_LOOP('',(#507,#508,#509,#510,#511,#512));
#2611=EDGE_LOOP('',(#513,#514,#515));
#2612=EDGE_LOOP('',(#516,#517,#518));
#2613=EDGE_LOOP('',(#519,#520,#521,#522));
#2614=EDGE_LOOP('',(#523,#524,#525,#526));
#2615=EDGE_LOOP('',(#527,#528,#529,#530));
#2616=EDGE_LOOP('',(#531,#532,#533,#534));
#2617=EDGE_LOOP('',(#535,#536,#537,#538));
#2618=EDGE_LOOP('',(#539,#540,#541,#542));
#2619=EDGE_LOOP('',(#543,#544,#545));
#2620=EDGE_LOOP('',(#546,#547,#548));
#2621=EDGE_LOOP('',(#549,#550,#551));
#2622=EDGE_LOOP('',(#552,#553,#554));
#2623=EDGE_LOOP('',(#555,#556,#557,#558));
#2624=EDGE_LOOP('',(#559,#560,#561,#562));
#2625=EDGE_LOOP('',(#563,#564,#565,#566));
#2626=EDGE_LOOP('',(#567,#568,#569,#570));
#2627=EDGE_LOOP('',(#571,#572,#573));
#2628=EDGE_LOOP('',(#574,#575,#576));
#2629=EDGE_LOOP('',(#577,#578,#579,#580));
#2630=EDGE_LOOP('',(#581,#582,#583,#584,#585,#586));
#2631=EDGE_LOOP('',(#587,#588,#589,#590));
#2632=EDGE_LOOP('',(#591,#592,#593,#594));
#2633=EDGE_LOOP('',(#595,#596,#597,#598));
#2634=EDGE_LOOP('',(#599,#600,#601,#602));
#2635=EDGE_LOOP('',(#603,#604,#605,#606));
#2636=EDGE_LOOP('',(#607,#608,#609,#610));
#2637=EDGE_LOOP('',(#611,#612,#613,#614));
#2638=EDGE_LOOP('',(#615,#616,#617,#618));
#2639=EDGE_LOOP('',(#619,#620,#621,#622));
#2640=EDGE_LOOP('',(#623,#624,#625,#626));
#2641=EDGE_LOOP('',(#627,#628,#629,#630));
#2642=EDGE_LOOP('',(#631,#632,#633,#634));
#2643=EDGE_LOOP('',(#635,#636,#637,#638));
#2644=EDGE_LOOP('',(#639,#640,#641,#642));
#2645=EDGE_LOOP('',(#643,#644,#645,#646));
#2646=EDGE_LOOP('',(#647,#648,#649,#650));
#2647=EDGE_LOOP('',(#651,#652,#653,#654));
#2648=EDGE_LOOP('',(#655,#656,#657,#658));
#2649=EDGE_LOOP('',(#659,#660,#661,#662));
#2650=EDGE_LOOP('',(#663,#664,#665,#666));
#2651=EDGE_LOOP('',(#667,#668,#669,#670));
#2652=EDGE_LOOP('',(#671,#672,#673,#674));
#2653=EDGE_LOOP('',(#675,#676,#677,#678));
#2654=EDGE_LOOP('',(#679,#680,#681,#682));
#2655=EDGE_LOOP('',(#683,#684,#685,#686));
#2656=EDGE_LOOP('',(#687,#688,#689,#690));
#2657=EDGE_LOOP('',(#691,#692,#693,#694));
#2658=EDGE_LOOP('',(#695,#696,#697,#698));
#2659=EDGE_LOOP('',(#699,#700,#701,#702));
#2660=EDGE_LOOP('',(#703,#704,#705,#706));
#2661=EDGE_LOOP('',(#707,#708,#709,#710));
#2662=EDGE_LOOP('',(#711,#712,#713,#714));
#2663=EDGE_LOOP('',(#715,#716,#717,#718));
#2664=EDGE_LOOP('',(#719,#720,#721,#722));
#2665=EDGE_LOOP('',(#723,#724,#725,#726));
#2666=EDGE_LOOP('',(#727,#728,#729,#730));
#2667=EDGE_LOOP('',(#731,#732,#733,#734));
#2668=EDGE_LOOP('',(#735,#736,#737,#738));
#2669=EDGE_LOOP('',(#739,#740,#741,#742));
#2670=EDGE_LOOP('',(#743,#744,#745,#746));
#2671=EDGE_LOOP('',(#747,#748,#749,#750,#751));
#2672=EDGE_LOOP('',(#752,#753,#754,#755,#756,#757,#758,#759,#760,#761,#762,
#763,#764,#765,#766));
#2673=EDGE_LOOP('',(#767,#768,#769,#770,#771));
#2674=EDGE_LOOP('',(#772,#773,#774,#775));
#2675=EDGE_LOOP('',(#776,#777,#778,#779));
#2676=EDGE_LOOP('',(#780,#781,#782,#783));
#2677=EDGE_LOOP('',(#784,#785,#786,#787));
#2678=EDGE_LOOP('',(#788,#789,#790,#791));
#2679=EDGE_LOOP('',(#792,#793,#794,#795));
#2680=EDGE_LOOP('',(#796,#797,#798,#799));
#2681=EDGE_LOOP('',(#800,#801,#802,#803));
#2682=EDGE_LOOP('',(#804,#805,#806,#807));
#2683=EDGE_LOOP('',(#808,#809,#810,#811));
#2684=EDGE_LOOP('',(#812,#813,#814,#815));
#2685=EDGE_LOOP('',(#816,#817,#818,#819));
#2686=EDGE_LOOP('',(#820,#821,#822,#823));
#2687=EDGE_LOOP('',(#824,#825,#826,#827));
#2688=EDGE_LOOP('',(#828,#829,#830,#831));
#2689=EDGE_LOOP('',(#832,#833,#834,#835));
#2690=EDGE_LOOP('',(#836,#837,#838,#839));
#2691=EDGE_LOOP('',(#840,#841,#842,#843));
#2692=EDGE_LOOP('',(#844,#845,#846,#847));
#2693=EDGE_LOOP('',(#848,#849,#850,#851,#852,#853,#854,#855,#856,#857,#858,
#859,#860,#861,#862,#863,#864,#865,#866));
#2694=EDGE_LOOP('',(#867,#868,#869,#870));
#2695=EDGE_LOOP('',(#871,#872,#873,#874));
#2696=EDGE_LOOP('',(#875,#876,#877,#878));
#2697=EDGE_LOOP('',(#879,#880,#881,#882));
#2698=EDGE_LOOP('',(#883,#884,#885,#886));
#2699=EDGE_LOOP('',(#887,#888,#889,#890));
#2700=EDGE_LOOP('',(#891,#892,#893,#894));
#2701=EDGE_LOOP('',(#895,#896,#897,#898));
#2702=EDGE_LOOP('',(#899,#900,#901,#902));
#2703=EDGE_LOOP('',(#903,#904,#905,#906));
#2704=EDGE_LOOP('',(#907,#908,#909,#910));
#2705=EDGE_LOOP('',(#911,#912,#913,#914));
#2706=EDGE_LOOP('',(#915,#916,#917,#918));
#2707=EDGE_LOOP('',(#919,#920,#921,#922));
#2708=EDGE_LOOP('',(#923,#924,#925,#926));
#2709=EDGE_LOOP('',(#927,#928,#929,#930));
#2710=EDGE_LOOP('',(#931,#932,#933,#934));
#2711=EDGE_LOOP('',(#935,#936,#937,#938));
#2712=EDGE_LOOP('',(#939,#940,#941,#942));
#2713=EDGE_LOOP('',(#943,#944,#945,#946));
#2714=EDGE_LOOP('',(#947,#948,#949,#950));
#2715=EDGE_LOOP('',(#951,#952,#953,#954));
#2716=EDGE_LOOP('',(#955,#956,#957,#958));
#2717=EDGE_LOOP('',(#959,#960,#961,#962));
#2718=EDGE_LOOP('',(#963,#964,#965,#966));
#2719=EDGE_LOOP('',(#967,#968,#969,#970));
#2720=EDGE_LOOP('',(#971,#972,#973,#974));
#2721=EDGE_LOOP('',(#975,#976,#977,#978));
#2722=EDGE_LOOP('',(#979,#980,#981,#982));
#2723=EDGE_LOOP('',(#983,#984,#985,#986));
#2724=EDGE_LOOP('',(#987,#988,#989,#990));
#2725=EDGE_LOOP('',(#991,#992,#993,#994));
#2726=EDGE_LOOP('',(#995,#996,#997,#998));
#2727=EDGE_LOOP('',(#999,#1000,#1001,#1002));
#2728=EDGE_LOOP('',(#1003,#1004,#1005,#1006));
#2729=EDGE_LOOP('',(#1007,#1008,#1009,#1010));
#2730=EDGE_LOOP('',(#1011,#1012,#1013,#1014));
#2731=EDGE_LOOP('',(#1015,#1016,#1017,#1018));
#2732=EDGE_LOOP('',(#1019,#1020,#1021,#1022,#1023,#1024,#1025,#1026,#1027,
#1028));
#2733=EDGE_LOOP('',(#1029,#1030,#1031,#1032,#1033,#1034,#1035,#1036,#1037,
#1038,#1039,#1040,#1041,#1042,#1043,#1044,#1045,#1046,#1047,#1048,#1049,
#1050,#1051,#1052,#1053,#1054,#1055,#1056));
#2734=EDGE_LOOP('',(#1057,#1058,#1059,#1060,#1061,#1062,#1063,#1064,#1065,
#1066));
#2735=EDGE_LOOP('',(#1067,#1068,#1069,#1070));
#2736=EDGE_LOOP('',(#1071,#1072,#1073,#1074));
#2737=EDGE_LOOP('',(#1075,#1076,#1077,#1078));
#2738=EDGE_LOOP('',(#1079,#1080,#1081,#1082));
#2739=EDGE_LOOP('',(#1083,#1084,#1085,#1086));
#2740=EDGE_LOOP('',(#1087,#1088,#1089,#1090));
#2741=EDGE_LOOP('',(#1091,#1092,#1093,#1094));
#2742=EDGE_LOOP('',(#1095,#1096,#1097,#1098));
#2743=EDGE_LOOP('',(#1099,#1100,#1101,#1102));
#2744=EDGE_LOOP('',(#1103,#1104,#1105,#1106));
#2745=EDGE_LOOP('',(#1107,#1108,#1109,#1110));
#2746=EDGE_LOOP('',(#1111,#1112,#1113,#1114));
#2747=EDGE_LOOP('',(#1115,#1116,#1117,#1118));
#2748=EDGE_LOOP('',(#1119,#1120,#1121,#1122));
#2749=EDGE_LOOP('',(#1123,#1124,#1125,#1126));
#2750=EDGE_LOOP('',(#1127,#1128,#1129,#1130));
#2751=EDGE_LOOP('',(#1131,#1132,#1133,#1134));
#2752=EDGE_LOOP('',(#1135,#1136,#1137,#1138));
#2753=EDGE_LOOP('',(#1139,#1140,#1141,#1142));
#2754=EDGE_LOOP('',(#1143,#1144,#1145,#1146));
#2755=EDGE_LOOP('',(#1147,#1148,#1149,#1150));
#2756=EDGE_LOOP('',(#1151,#1152,#1153,#1154));
#2757=EDGE_LOOP('',(#1155,#1156,#1157,#1158));
#2758=EDGE_LOOP('',(#1159,#1160,#1161,#1162));
#2759=EDGE_LOOP('',(#1163,#1164,#1165,#1166));
#2760=EDGE_LOOP('',(#1167,#1168,#1169,#1170));
#2761=EDGE_LOOP('',(#1171,#1172,#1173,#1174));
#2762=EDGE_LOOP('',(#1175,#1176,#1177,#1178));
#2763=EDGE_LOOP('',(#1179,#1180,#1181,#1182));
#2764=EDGE_LOOP('',(#1183,#1184,#1185,#1186));
#2765=EDGE_LOOP('',(#1187,#1188,#1189,#1190));
#2766=EDGE_LOOP('',(#1191,#1192,#1193,#1194));
#2767=EDGE_LOOP('',(#1195,#1196,#1197,#1198));
#2768=EDGE_LOOP('',(#1199,#1200,#1201,#1202));
#2769=EDGE_LOOP('',(#1203,#1204,#1205,#1206));
#2770=EDGE_LOOP('',(#1207,#1208,#1209,#1210));
#2771=EDGE_LOOP('',(#1211,#1212,#1213,#1214));
#2772=EDGE_LOOP('',(#1215,#1216,#1217,#1218));
#2773=EDGE_LOOP('',(#1219,#1220,#1221,#1222));
#2774=EDGE_LOOP('',(#1223,#1224,#1225,#1226));
#2775=EDGE_LOOP('',(#1227,#1228,#1229,#1230));
#2776=EDGE_LOOP('',(#1231,#1232,#1233,#1234,#1235,#1236,#1237,#1238,#1239,
#1240,#1241,#1242,#1243,#1244,#1245,#1246,#1247,#1248,#1249,#1250,#1251,
#1252,#1253,#1254,#1255,#1256,#1257,#1258,#1259,#1260,#1261,#1262,#1263,
#1264,#1265,#1266));
#2777=FACE_BOUND('',#2592,.T.);
#2778=FACE_BOUND('',#2593,.T.);
#2779=FACE_BOUND('',#2594,.T.);
#2780=FACE_BOUND('',#2595,.T.);
#2781=FACE_BOUND('',#2596,.T.);
#2782=FACE_BOUND('',#2597,.T.);
#2783=FACE_BOUND('',#2598,.T.);
#2784=FACE_BOUND('',#2599,.T.);
#2785=FACE_BOUND('',#2600,.T.);
#2786=FACE_BOUND('',#2601,.T.);
#2787=FACE_BOUND('',#2602,.T.);
#2788=FACE_BOUND('',#2603,.T.);
#2789=FACE_BOUND('',#2604,.T.);
#2790=FACE_BOUND('',#2605,.T.);
#2791=FACE_BOUND('',#2606,.T.);
#2792=FACE_BOUND('',#2607,.T.);
#2793=FACE_BOUND('',#2608,.T.);
#2794=FACE_BOUND('',#2609,.T.);
#2795=FACE_BOUND('',#2610,.T.);
#2796=FACE_BOUND('',#2611,.T.);
#2797=FACE_BOUND('',#2612,.T.);
#2798=FACE_BOUND('',#2613,.T.);
#2799=FACE_BOUND('',#2614,.T.);
#2800=FACE_BOUND('',#2615,.T.);
#2801=FACE_BOUND('',#2616,.T.);
#2802=FACE_BOUND('',#2617,.T.);
#2803=FACE_BOUND('',#2618,.T.);
#2804=FACE_BOUND('',#2619,.T.);
#2805=FACE_BOUND('',#2620,.T.);
#2806=FACE_BOUND('',#2621,.T.);
#2807=FACE_BOUND('',#2622,.T.);
#2808=FACE_BOUND('',#2623,.T.);
#2809=FACE_BOUND('',#2624,.T.);
#2810=FACE_BOUND('',#2625,.T.);
#2811=FACE_BOUND('',#2626,.T.);
#2812=FACE_BOUND('',#2627,.T.);
#2813=FACE_BOUND('',#2628,.T.);
#2814=FACE_BOUND('',#2629,.T.);
#2815=FACE_BOUND('',#2630,.T.);
#2816=FACE_BOUND('',#2631,.T.);
#2817=FACE_BOUND('',#2632,.T.);
#2818=FACE_BOUND('',#2633,.T.);
#2819=FACE_BOUND('',#2634,.T.);
#2820=FACE_BOUND('',#2635,.T.);
#2821=FACE_BOUND('',#2636,.T.);
#2822=FACE_BOUND('',#2637,.T.);
#2823=FACE_BOUND('',#2638,.T.);
#2824=FACE_BOUND('',#2639,.T.);
#2825=FACE_BOUND('',#2640,.T.);
#2826=FACE_BOUND('',#2641,.T.);
#2827=FACE_BOUND('',#2642,.T.);
#2828=FACE_BOUND('',#2643,.T.);
#2829=FACE_BOUND('',#2644,.T.);
#2830=FACE_BOUND('',#2645,.T.);
#2831=FACE_BOUND('',#2646,.T.);
#2832=FACE_BOUND('',#2647,.T.);
#2833=FACE_BOUND('',#2648,.T.);
#2834=FACE_BOUND('',#2649,.T.);
#2835=FACE_BOUND('',#2650,.T.);
#2836=FACE_BOUND('',#2651,.T.);
#2837=FACE_BOUND('',#2652,.T.);
#2838=FACE_BOUND('',#2653,.T.);
#2839=FACE_BOUND('',#2654,.T.);
#2840=FACE_BOUND('',#2655,.T.);
#2841=FACE_BOUND('',#2656,.T.);
#2842=FACE_BOUND('',#2657,.T.);
#2843=FACE_BOUND('',#2658,.T.);
#2844=FACE_BOUND('',#2659,.T.);
#2845=FACE_BOUND('',#2660,.T.);
#2846=FACE_BOUND('',#2661,.T.);
#2847=FACE_BOUND('',#2662,.T.);
#2848=FACE_BOUND('',#2663,.T.);
#2849=FACE_BOUND('',#2664,.T.);
#2850=FACE_BOUND('',#2665,.T.);
#2851=FACE_BOUND('',#2666,.T.);
#2852=FACE_BOUND('',#2667,.T.);
#2853=FACE_BOUND('',#2668,.T.);
#2854=FACE_BOUND('',#2669,.T.);
#2855=FACE_BOUND('',#2670,.T.);
#2856=FACE_BOUND('',#2671,.T.);
#2857=FACE_BOUND('',#2672,.T.);
#2858=FACE_BOUND('',#2673,.T.);
#2859=FACE_BOUND('',#2674,.T.);
#2860=FACE_BOUND('',#2675,.T.);
#2861=FACE_BOUND('',#2676,.T.);
#2862=FACE_BOUND('',#2677,.T.);
#2863=FACE_BOUND('',#2678,.T.);
#2864=FACE_BOUND('',#2679,.T.);
#2865=FACE_BOUND('',#2680,.T.);
#2866=FACE_BOUND('',#2681,.T.);
#2867=FACE_BOUND('',#2682,.T.);
#2868=FACE_BOUND('',#2683,.T.);
#2869=FACE_BOUND('',#2684,.T.);
#2870=FACE_BOUND('',#2685,.T.);
#2871=FACE_BOUND('',#2686,.T.);
#2872=FACE_BOUND('',#2687,.T.);
#2873=FACE_BOUND('',#2688,.T.);
#2874=FACE_BOUND('',#2689,.T.);
#2875=FACE_BOUND('',#2690,.T.);
#2876=FACE_BOUND('',#2691,.T.);
#2877=FACE_BOUND('',#2692,.T.);
#2878=FACE_BOUND('',#2693,.T.);
#2879=FACE_BOUND('',#2694,.T.);
#2880=FACE_BOUND('',#2695,.T.);
#2881=FACE_BOUND('',#2696,.T.);
#2882=FACE_BOUND('',#2697,.T.);
#2883=FACE_BOUND('',#2698,.T.);
#2884=FACE_BOUND('',#2699,.T.);
#2885=FACE_BOUND('',#2700,.T.);
#2886=FACE_BOUND('',#2701,.T.);
#2887=FACE_BOUND('',#2702,.T.);
#2888=FACE_BOUND('',#2703,.T.);
#2889=FACE_BOUND('',#2704,.T.);
#2890=FACE_BOUND('',#2705,.T.);
#2891=FACE_BOUND('',#2706,.T.);
#2892=FACE_BOUND('',#2707,.T.);
#2893=FACE_BOUND('',#2708,.T.);
#2894=FACE_BOUND('',#2709,.T.);
#2895=FACE_BOUND('',#2710,.T.);
#2896=FACE_BOUND('',#2711,.T.);
#2897=FACE_BOUND('',#2712,.T.);
#2898=FACE_BOUND('',#2713,.T.);
#2899=FACE_BOUND('',#2714,.T.);
#2900=FACE_BOUND('',#2715,.T.);
#2901=FACE_BOUND('',#2716,.T.);
#2902=FACE_BOUND('',#2717,.T.);
#2903=FACE_BOUND('',#2718,.T.);
#2904=FACE_BOUND('',#2719,.T.);
#2905=FACE_BOUND('',#2720,.T.);
#2906=FACE_BOUND('',#2721,.T.);
#2907=FACE_BOUND('',#2722,.T.);
#2908=FACE_BOUND('',#2723,.T.);
#2909=FACE_BOUND('',#2724,.T.);
#2910=FACE_BOUND('',#2725,.T.);
#2911=FACE_BOUND('',#2726,.T.);
#2912=FACE_BOUND('',#2727,.T.);
#2913=FACE_BOUND('',#2728,.T.);
#2914=FACE_BOUND('',#2729,.T.);
#2915=FACE_BOUND('',#2730,.T.);
#2916=FACE_BOUND('',#2731,.T.);
#2917=FACE_BOUND('',#2732,.T.);
#2918=FACE_BOUND('',#2733,.T.);
#2919=FACE_BOUND('',#2734,.T.);
#2920=FACE_BOUND('',#2735,.T.);
#2921=FACE_BOUND('',#2736,.T.);
#2922=FACE_BOUND('',#2737,.T.);
#2923=FACE_BOUND('',#2738,.T.);
#2924=FACE_BOUND('',#2739,.T.);
#2925=FACE_BOUND('',#2740,.T.);
#2926=FACE_BOUND('',#2741,.T.);
#2927=FACE_BOUND('',#2742,.T.);
#2928=FACE_BOUND('',#2743,.T.);
#2929=FACE_BOUND('',#2744,.T.);
#2930=FACE_BOUND('',#2745,.T.);
#2931=FACE_BOUND('',#2746,.T.);
#2932=FACE_BOUND('',#2747,.T.);
#2933=FACE_BOUND('',#2748,.T.);
#2934=FACE_BOUND('',#2749,.T.);
#2935=FACE_BOUND('',#2750,.T.);
#2936=FACE_BOUND('',#2751,.T.);
#2937=FACE_BOUND('',#2752,.T.);
#2938=FACE_BOUND('',#2753,.T.);
#2939=FACE_BOUND('',#2754,.T.);
#2940=FACE_BOUND('',#2755,.T.);
#2941=FACE_BOUND('',#2756,.T.);
#2942=FACE_BOUND('',#2757,.T.);
#2943=FACE_BOUND('',#2758,.T.);
#2944=FACE_BOUND('',#2759,.T.);
#2945=FACE_BOUND('',#2760,.T.);
#2946=FACE_BOUND('',#2761,.T.);
#2947=FACE_BOUND('',#2762,.T.);
#2948=FACE_BOUND('',#2763,.T.);
#2949=FACE_BOUND('',#2764,.T.);
#2950=FACE_BOUND('',#2765,.T.);
#2951=FACE_BOUND('',#2766,.T.);
#2952=FACE_BOUND('',#2767,.T.);
#2953=FACE_BOUND('',#2768,.T.);
#2954=FACE_BOUND('',#2769,.T.);
#2955=FACE_BOUND('',#2770,.T.);
#2956=FACE_BOUND('',#2771,.T.);
#2957=FACE_BOUND('',#2772,.T.);
#2958=FACE_BOUND('',#2773,.T.);
#2959=FACE_BOUND('',#2774,.T.);
#2960=FACE_BOUND('',#2775,.T.);
#2961=FACE_BOUND('',#2776,.T.);
#2962=PLANE('',#3218);
#2963=PLANE('',#3226);
#2964=PLANE('',#3227);
#2965=PLANE('',#3228);
#2966=PLANE('',#3229);
#2967=PLANE('',#3230);
#2968=PLANE('',#3231);
#2969=PLANE('',#3232);
#2970=PLANE('',#3233);
#2971=PLANE('',#3234);
#2972=PLANE('',#3235);
#2973=PLANE('',#3280);
#2974=PLANE('',#3283);
#2975=PLANE('',#3284);
#2976=PLANE('',#3285);
#2977=PLANE('',#3286);
#2978=PLANE('',#3287);
#2979=PLANE('',#3288);
#2980=PLANE('',#3289);
#2981=PLANE('',#3290);
#2982=PLANE('',#3291);
#2983=PLANE('',#3292);
#2984=PLANE('',#3293);
#2985=PLANE('',#3294);
#2986=PLANE('',#3295);
#2987=PLANE('',#3296);
#2988=PLANE('',#3297);
#2989=PLANE('',#3298);
#2990=PLANE('',#3299);
#2991=PLANE('',#3305);
#2992=PLANE('',#3306);
#2993=PLANE('',#3307);
#2994=PLANE('',#3308);
#2995=PLANE('',#3309);
#2996=PLANE('',#3310);
#2997=PLANE('',#3315);
#2998=PLANE('',#3316);
#2999=PLANE('',#3317);
#3000=PLANE('',#3318);
#3001=PLANE('',#3319);
#3002=PLANE('',#3320);
#3003=PLANE('',#3321);
#3004=PLANE('',#3322);
#3005=PLANE('',#3323);
#3006=PLANE('',#3324);
#3007=PLANE('',#3325);
#3008=PLANE('',#3326);
#3009=PLANE('',#3327);
#3010=PLANE('',#3328);
#3011=PLANE('',#3331);
#3012=PLANE('',#3332);
#3013=PLANE('',#3333);
#3014=PLANE('',#3334);
#3015=PLANE('',#3335);
#3016=PLANE('',#3338);
#3017=PLANE('',#3339);
#3018=PLANE('',#3340);
#3019=PLANE('',#3341);
#3020=PLANE('',#3342);
#3021=PLANE('',#3343);
#3022=PLANE('',#3344);
#3023=PLANE('',#3345);
#3024=PLANE('',#3346);
#3025=PLANE('',#3347);
#3026=PLANE('',#3352);
#3027=PLANE('',#3355);
#3028=PLANE('',#3356);
#3029=ADVANCED_FACE('',(#2777,#2778,#2779,#2780,#2781,#2782),#2962,.F.);
#3030=ADVANCED_FACE('',(#2783),#2963,.F.);
#3031=ADVANCED_FACE('',(#2784),#2964,.T.);
#3032=ADVANCED_FACE('',(#2785,#2786),#2965,.T.);
#3033=ADVANCED_FACE('',(#2787),#2966,.T.);
#3034=ADVANCED_FACE('',(#2788),#2967,.F.);
#3035=ADVANCED_FACE('',(#2789),#2968,.F.);
#3036=ADVANCED_FACE('',(#2790),#2969,.T.);
#3037=ADVANCED_FACE('',(#2791,#2792),#2970,.T.);
#3038=ADVANCED_FACE('',(#2793),#2971,.F.);
#3039=ADVANCED_FACE('',(#2794),#2972,.T.);
#3040=ADVANCED_FACE('',(#2795),#101,.T.);
#3041=ADVANCED_FACE('',(#2796),#93,.T.);
#3042=ADVANCED_FACE('',(#2797),#94,.T.);
#3043=ADVANCED_FACE('',(#2798),#102,.T.);
#3044=ADVANCED_FACE('',(#2799),#103,.T.);
#3045=ADVANCED_FACE('',(#2800),#104,.T.);
#3046=ADVANCED_FACE('',(#2801),#105,.T.);
#3047=ADVANCED_FACE('',(#2802),#106,.T.);
#3048=ADVANCED_FACE('',(#2803),#107,.T.);
#3049=ADVANCED_FACE('',(#2804),#95,.T.);
#3050=ADVANCED_FACE('',(#2805),#96,.T.);
#3051=ADVANCED_FACE('',(#2806),#97,.T.);
#3052=ADVANCED_FACE('',(#2807),#98,.T.);
#3053=ADVANCED_FACE('',(#2808),#108,.T.);
#3054=ADVANCED_FACE('',(#2809),#109,.T.);
#3055=ADVANCED_FACE('',(#2810),#110,.T.);
#3056=ADVANCED_FACE('',(#2811),#111,.T.);
#3057=ADVANCED_FACE('',(#2812),#99,.T.);
#3058=ADVANCED_FACE('',(#2813),#100,.T.);
#3059=ADVANCED_FACE('',(#2814),#112,.T.);
#3060=ADVANCED_FACE('',(#2815),#2973,.F.);
#3061=ADVANCED_FACE('',(#2816),#2974,.F.);
#3062=ADVANCED_FACE('',(#2817),#2975,.F.);
#3063=ADVANCED_FACE('',(#2818),#2976,.F.);
#3064=ADVANCED_FACE('',(#2819),#2977,.T.);
#3065=ADVANCED_FACE('',(#2820),#2978,.F.);
#3066=ADVANCED_FACE('',(#2821),#2979,.T.);
#3067=ADVANCED_FACE('',(#2822),#2980,.T.);
#3068=ADVANCED_FACE('',(#2823),#2981,.T.);
#3069=ADVANCED_FACE('',(#2824),#2982,.T.);
#3070=ADVANCED_FACE('',(#2825),#2983,.T.);
#3071=ADVANCED_FACE('',(#2826),#2984,.T.);
#3072=ADVANCED_FACE('',(#2827),#2985,.T.);
#3073=ADVANCED_FACE('',(#2828),#2986,.T.);
#3074=ADVANCED_FACE('',(#2829),#2987,.F.);
#3075=ADVANCED_FACE('',(#2830),#2988,.F.);
#3076=ADVANCED_FACE('',(#2831),#2989,.T.);
#3077=ADVANCED_FACE('',(#2832),#2990,.T.);
#3078=ADVANCED_FACE('',(#2833),#113,.T.);
#3079=ADVANCED_FACE('',(#2834),#114,.T.);
#3080=ADVANCED_FACE('',(#2835),#115,.T.);
#3081=ADVANCED_FACE('',(#2836),#12,.T.);
#3082=ADVANCED_FACE('',(#2837),#13,.T.);
#3083=ADVANCED_FACE('',(#2838),#14,.T.);
#3084=ADVANCED_FACE('',(#2839),#15,.T.);
#3085=ADVANCED_FACE('',(#2840),#2991,.T.);
#3086=ADVANCED_FACE('',(#2841),#16,.T.);
#3087=ADVANCED_FACE('',(#2842),#17,.T.);
#3088=ADVANCED_FACE('',(#2843),#18,.T.);
#3089=ADVANCED_FACE('',(#2844),#19,.T.);
#3090=ADVANCED_FACE('',(#2845),#2992,.T.);
#3091=ADVANCED_FACE('',(#2846),#2993,.T.);
#3092=ADVANCED_FACE('',(#2847),#20,.T.);
#3093=ADVANCED_FACE('',(#2848),#21,.T.);
#3094=ADVANCED_FACE('',(#2849),#22,.T.);
#3095=ADVANCED_FACE('',(#2850),#23,.T.);
#3096=ADVANCED_FACE('',(#2851),#2994,.T.);
#3097=ADVANCED_FACE('',(#2852),#24,.T.);
#3098=ADVANCED_FACE('',(#2853),#25,.T.);
#3099=ADVANCED_FACE('',(#2854),#26,.T.);
#3100=ADVANCED_FACE('',(#2855),#27,.T.);
#3101=ADVANCED_FACE('',(#2856,#2857),#2995,.T.);
#3102=ADVANCED_FACE('',(#2858),#2996,.F.);
#3103=ADVANCED_FACE('',(#2859),#28,.T.);
#3104=ADVANCED_FACE('',(#2860),#29,.T.);
#3105=ADVANCED_FACE('',(#2861),#116,.F.);
#3106=ADVANCED_FACE('',(#2862),#117,.F.);
#3107=ADVANCED_FACE('',(#2863),#2997,.T.);
#3108=ADVANCED_FACE('',(#2864),#30,.T.);
#3109=ADVANCED_FACE('',(#2865),#31,.T.);
#3110=ADVANCED_FACE('',(#2866),#32,.T.);
#3111=ADVANCED_FACE('',(#2867),#2998,.T.);
#3112=ADVANCED_FACE('',(#2868),#2999,.T.);
#3113=ADVANCED_FACE('',(#2869),#3000,.T.);
#3114=ADVANCED_FACE('',(#2870),#3001,.T.);
#3115=ADVANCED_FACE('',(#2871),#3002,.T.);
#3116=ADVANCED_FACE('',(#2872),#3003,.T.);
#3117=ADVANCED_FACE('',(#2873),#3004,.T.);
#3118=ADVANCED_FACE('',(#2874),#3005,.T.);
#3119=ADVANCED_FACE('',(#2875),#3006,.T.);
#3120=ADVANCED_FACE('',(#2876),#3007,.T.);
#3121=ADVANCED_FACE('',(#2877),#3008,.T.);
#3122=ADVANCED_FACE('',(#2878),#3009,.T.);
#3123=ADVANCED_FACE('',(#2879),#33,.T.);
#3124=ADVANCED_FACE('',(#2880),#3010,.F.);
#3125=ADVANCED_FACE('',(#2881),#118,.F.);
#3126=ADVANCED_FACE('',(#2882),#3011,.T.);
#3127=ADVANCED_FACE('',(#2883),#34,.T.);
#3128=ADVANCED_FACE('',(#2884),#35,.T.);
#3129=ADVANCED_FACE('',(#2885),#36,.T.);
#3130=ADVANCED_FACE('',(#2886),#3012,.T.);
#3131=ADVANCED_FACE('',(#2887),#37,.T.);
#3132=ADVANCED_FACE('',(#2888),#38,.T.);
#3133=ADVANCED_FACE('',(#2889),#39,.T.);
#3134=ADVANCED_FACE('',(#2890),#3013,.T.);
#3135=ADVANCED_FACE('',(#2891),#40,.T.);
#3136=ADVANCED_FACE('',(#2892),#41,.T.);
#3137=ADVANCED_FACE('',(#2893),#42,.T.);
#3138=ADVANCED_FACE('',(#2894),#43,.T.);
#3139=ADVANCED_FACE('',(#2895),#3014,.T.);
#3140=ADVANCED_FACE('',(#2896),#3015,.T.);
#3141=ADVANCED_FACE('',(#2897),#44,.T.);
#3142=ADVANCED_FACE('',(#2898),#45,.T.);
#3143=ADVANCED_FACE('',(#2899),#46,.T.);
#3144=ADVANCED_FACE('',(#2900),#47,.T.);
#3145=ADVANCED_FACE('',(#2901),#48,.T.);
#3146=ADVANCED_FACE('',(#2902),#49,.T.);
#3147=ADVANCED_FACE('',(#2903),#119,.F.);
#3148=ADVANCED_FACE('',(#2904),#50,.T.);
#3149=ADVANCED_FACE('',(#2905),#3016,.T.);
#3150=ADVANCED_FACE('',(#2906),#51,.T.);
#3151=ADVANCED_FACE('',(#2907),#52,.T.);
#3152=ADVANCED_FACE('',(#2908),#53,.T.);
#3153=ADVANCED_FACE('',(#2909),#54,.T.);
#3154=ADVANCED_FACE('',(#2910),#55,.T.);
#3155=ADVANCED_FACE('',(#2911),#56,.T.);
#3156=ADVANCED_FACE('',(#2912),#3017,.T.);
#3157=ADVANCED_FACE('',(#2913),#3018,.T.);
#3158=ADVANCED_FACE('',(#2914),#57,.T.);
#3159=ADVANCED_FACE('',(#2915),#58,.T.);
#3160=ADVANCED_FACE('',(#2916),#59,.T.);
#3161=ADVANCED_FACE('',(#2917,#2918),#3019,.T.);
#3162=ADVANCED_FACE('',(#2919),#3020,.F.);
#3163=ADVANCED_FACE('',(#2920),#3021,.T.);
#3164=ADVANCED_FACE('',(#2921),#3022,.F.);
#3165=ADVANCED_FACE('',(#2922),#3023,.T.);
#3166=ADVANCED_FACE('',(#2923),#3024,.T.);
#3167=ADVANCED_FACE('',(#2924),#3025,.T.);
#3168=ADVANCED_FACE('',(#2925),#60,.T.);
#3169=ADVANCED_FACE('',(#2926),#61,.T.);
#3170=ADVANCED_FACE('',(#2927),#62,.T.);
#3171=ADVANCED_FACE('',(#2928),#63,.T.);
#3172=ADVANCED_FACE('',(#2929),#64,.T.);
#3173=ADVANCED_FACE('',(#2930),#65,.T.);
#3174=ADVANCED_FACE('',(#2931),#66,.T.);
#3175=ADVANCED_FACE('',(#2932),#120,.F.);
#3176=ADVANCED_FACE('',(#2933),#121,.F.);
#3177=ADVANCED_FACE('',(#2934),#67,.T.);
#3178=ADVANCED_FACE('',(#2935),#68,.T.);
#3179=ADVANCED_FACE('',(#2936),#69,.T.);
#3180=ADVANCED_FACE('',(#2937),#70,.T.);
#3181=ADVANCED_FACE('',(#2938),#71,.T.);
#3182=ADVANCED_FACE('',(#2939),#72,.T.);
#3183=ADVANCED_FACE('',(#2940),#73,.T.);
#3184=ADVANCED_FACE('',(#2941),#3026,.T.);
#3185=ADVANCED_FACE('',(#2942),#74,.T.);
#3186=ADVANCED_FACE('',(#2943),#75,.T.);
#3187=ADVANCED_FACE('',(#2944),#76,.T.);
#3188=ADVANCED_FACE('',(#2945),#77,.T.);
#3189=ADVANCED_FACE('',(#2946),#78,.T.);
#3190=ADVANCED_FACE('',(#2947),#79,.T.);
#3191=ADVANCED_FACE('',(#2948),#80,.T.);
#3192=ADVANCED_FACE('',(#2949),#81,.T.);
#3193=ADVANCED_FACE('',(#2950),#122,.T.);
#3194=ADVANCED_FACE('',(#2951),#82,.T.);
#3195=ADVANCED_FACE('',(#2952),#83,.T.);
#3196=ADVANCED_FACE('',(#2953),#84,.T.);
#3197=ADVANCED_FACE('',(#2954),#85,.T.);
#3198=ADVANCED_FACE('',(#2955),#86,.T.);
#3199=ADVANCED_FACE('',(#2956),#87,.T.);
#3200=ADVANCED_FACE('',(#2957),#88,.T.);
#3201=ADVANCED_FACE('',(#2958),#3027,.T.);
#3202=ADVANCED_FACE('',(#2959),#89,.T.);
#3203=ADVANCED_FACE('',(#2960),#90,.T.);
#3204=ADVANCED_FACE('',(#2961),#3028,.T.);
#3205=CLOSED_SHELL('',(#3029,#3030,#3031,#3032,#3033,#3034,#3035,#3036,
#3037,#3038,#3039,#3040,#3041,#3042,#3043,#3044,#3045,#3046,#3047,#3048,
#3049,#3050,#3051,#3052,#3053,#3054,#3055,#3056,#3057,#3058,#3059,#3060,
#3061,#3062,#3063,#3064,#3065,#3066,#3067,#3068,#3069,#3070,#3071,#3072,
#3073,#3074,#3075,#3076,#3077,#3078,#3079,#3080,#3081,#3082,#3083,#3084,
#3085,#3086,#3087,#3088,#3089,#3090,#3091,#3092,#3093,#3094,#3095,#3096,
#3097,#3098,#3099,#3100,#3101,#3102,#3103,#3104,#3105,#3106,#3107,#3108,
#3109,#3110,#3111,#3112,#3113,#3114,#3115,#3116,#3117,#3118,#3119,#3120,
#3121,#3122,#3123,#3124,#3125,#3126,#3127,#3128,#3129,#3130,#3131,#3132,
#3133,#3134,#3135,#3136,#3137,#3138,#3139,#3140,#3141,#3142,#3143,#3144,
#3145,#3146,#3147,#3148,#3149,#3150,#3151,#3152,#3153,#3154,#3155,#3156,
#3157,#3158,#3159,#3160,#3161,#3162,#3163,#3164,#3165,#3166,#3167,#3168,
#3169,#3170,#3171,#3172,#3173,#3174,#3175,#3176,#3177,#3178,#3179,#3180,
#3181,#3182,#3183,#3184,#3185,#3186,#3187,#3188,#3189,#3190,#3191,#3192,
#3193,#3194,#3195,#3196,#3197,#3198,#3199,#3200,#3201,#3202,#3203,#3204));
#3206=STYLED_ITEM('',(#3207),#3214);
#3207=PRESENTATION_STYLE_ASSIGNMENT((#3208));
#3208=SURFACE_STYLE_USAGE(.BOTH.,#3209);
#3209=SURFACE_SIDE_STYLE('',(#3210));
#3210=SURFACE_STYLE_FILL_AREA(#3211);
#3211=FILL_AREA_STYLE('',(#3212));
#3212=FILL_AREA_STYLE_COLOUR('',#3213);
#3213=COLOUR_RGB('',0.615686274509804,0.811764705882353,0.929411764705882);
#3214=MANIFOLD_SOLID_BREP('Keyboard Case',#3205);
#3215=SHAPE_DEFINITION_REPRESENTATION(#5741,#3216);
#3216=SHAPE_REPRESENTATION('Keyboard Case',(#3217),#5736);
#3217=AXIS2_PLACEMENT_3D('',#3910,#3357,#3358);
#3218=AXIS2_PLACEMENT_3D('',#3911,#3359,#3360);
#3219=AXIS2_PLACEMENT_3D('',#3961,#3377,#3378);
#3220=AXIS2_PLACEMENT_3D('',#3963,#3379,#3380);
#3221=AXIS2_PLACEMENT_3D('',#4045,#3389,#3390);
#3222=AXIS2_PLACEMENT_3D('',#4121,#3396,#3397);
#3223=AXIS2_PLACEMENT_3D('',#4167,#3400,#3401);
#3224=AXIS2_PLACEMENT_3D('',#4231,#3403,#3404);
#3225=AXIS2_PLACEMENT_3D('',#4233,#3405,#3406);
#3226=AXIS2_PLACEMENT_3D('',#4258,#3407,#3408);
#3227=AXIS2_PLACEMENT_3D('',#4287,#3423,#3424);
#3228=AXIS2_PLACEMENT_3D('',#4311,#3438,#3439);
#3229=AXIS2_PLACEMENT_3D('',#4325,#3447,#3448);
#3230=AXIS2_PLACEMENT_3D('',#4342,#3457,#3458);
#3231=AXIS2_PLACEMENT_3D('',#4351,#3463,#3464);
#3232=AXIS2_PLACEMENT_3D('',#4360,#3469,#3470);
#3233=AXIS2_PLACEMENT_3D('',#4369,#3475,#3476);
#3234=AXIS2_PLACEMENT_3D('',#4389,#3488,#3489);
#3235=AXIS2_PLACEMENT_3D('',#4390,#3490,#3491);
#3236=AXIS2_PLACEMENT_3D('',#4392,#3493,#3494);
#3237=AXIS2_PLACEMENT_3D('',#4393,#3495,#3496);
#3238=AXIS2_PLACEMENT_3D('',#4394,#3497,#3498);
#3239=AXIS2_PLACEMENT_3D('',#4396,#3500,#3501);
#3240=AXIS2_PLACEMENT_3D('',#4397,#3502,#3503);
#3241=AXIS2_PLACEMENT_3D('',#4398,#3504,#3505);
#3242=AXIS2_PLACEMENT_3D('',#4399,#3506,#3507);
#3243=AXIS2_PLACEMENT_3D('',#4400,#3508,#3509);
#3244=AXIS2_PLACEMENT_3D('',#4401,#3510,#3511);
#3245=AXIS2_PLACEMENT_3D('',#4402,#3512,#3513);
#3246=AXIS2_PLACEMENT_3D('',#4403,#3514,#3515);
#3247=AXIS2_PLACEMENT_3D('',#4404,#3516,#3517);
#3248=AXIS2_PLACEMENT_3D('',#4405,#3518,#3519);
#3249=AXIS2_PLACEMENT_3D('',#4406,#3520,#3521);
#3250=AXIS2_PLACEMENT_3D('',#4407,#3522,#3523);
#3251=AXIS2_PLACEMENT_3D('',#4408,#3524,#3525);
#3252=AXIS2_PLACEMENT_3D('',#4409,#3526,#3527);
#3253=AXIS2_PLACEMENT_3D('',#4410,#3528,#3529);
#3254=AXIS2_PLACEMENT_3D('',#4411,#3530,#3531);
#3255=AXIS2_PLACEMENT_3D('',#4412,#3532,#3533);
#3256=AXIS2_PLACEMENT_3D('',#4413,#3534,#3535);
#3257=AXIS2_PLACEMENT_3D('',#4414,#3536,#3537);
#3258=AXIS2_PLACEMENT_3D('',#4415,#3538,#3539);
#3259=AXIS2_PLACEMENT_3D('',#4416,#3540,#3541);
#3260=AXIS2_PLACEMENT_3D('',#4417,#3542,#3543);
#3261=AXIS2_PLACEMENT_3D('',#4418,#3544,#3545);
#3262=AXIS2_PLACEMENT_3D('',#4419,#3546,#3547);
#3263=AXIS2_PLACEMENT_3D('',#4420,#3548,#3549);
#3264=AXIS2_PLACEMENT_3D('',#4421,#3550,#3551);
#3265=AXIS2_PLACEMENT_3D('',#4422,#3552,#3553);
#3266=AXIS2_PLACEMENT_3D('',#4423,#3554,#3555);
#3267=AXIS2_PLACEMENT_3D('',#4424,#3556,#3557);
#3268=AXIS2_PLACEMENT_3D('',#4425,#3558,#3559);
#3269=AXIS2_PLACEMENT_3D('',#4426,#3560,#3561);
#3270=AXIS2_PLACEMENT_3D('',#4427,#3562,#3563);
#3271=AXIS2_PLACEMENT_3D('',#4428,#3564,#3565);
#3272=AXIS2_PLACEMENT_3D('',#4429,#3566,#3567);
#3273=AXIS2_PLACEMENT_3D('',#4430,#3568,#3569);
#3274=AXIS2_PLACEMENT_3D('',#4431,#3570,#3571);
#3275=AXIS2_PLACEMENT_3D('',#4432,#3572,#3573);
#3276=AXIS2_PLACEMENT_3D('',#4433,#3574,#3575);
#3277=AXIS2_PLACEMENT_3D('',#4434,#3576,#3577);
#3278=AXIS2_PLACEMENT_3D('',#4435,#3578,#3579);
#3279=AXIS2_PLACEMENT_3D('',#4436,#3580,#3581);
#3280=AXIS2_PLACEMENT_3D('',#4437,#3582,#3583);
#3281=AXIS2_PLACEMENT_3D('',#4440,#3585,#3586);
#3282=AXIS2_PLACEMENT_3D('',#4441,#3587,#3588);
#3283=AXIS2_PLACEMENT_3D('',#4444,#3590,#3591);
#3284=AXIS2_PLACEMENT_3D('',#4448,#3594,#3595);
#3285=AXIS2_PLACEMENT_3D('',#4452,#3598,#3599);
#3286=AXIS2_PLACEMENT_3D('',#4454,#3601,#3602);
#3287=AXIS2_PLACEMENT_3D('',#4456,#3604,#3605);
#3288=AXIS2_PLACEMENT_3D('',#4457,#3606,#3607);
#3289=AXIS2_PLACEMENT_3D('',#4461,#3610,#3611);
#3290=AXIS2_PLACEMENT_3D('',#4465,#3614,#3615);
#3291=AXIS2_PLACEMENT_3D('',#4467,#3617,#3618);
#3292=AXIS2_PLACEMENT_3D('',#4468,#3619,#3620);
#3293=AXIS2_PLACEMENT_3D('',#4472,#3623,#3624);
#3294=AXIS2_PLACEMENT_3D('',#4476,#3627,#3628);
#3295=AXIS2_PLACEMENT_3D('',#4478,#3630,#3631);
#3296=AXIS2_PLACEMENT_3D('',#4479,#3632,#3633);
#3297=AXIS2_PLACEMENT_3D('',#4483,#3636,#3637);
#3298=AXIS2_PLACEMENT_3D('',#4487,#3640,#3641);
#3299=AXIS2_PLACEMENT_3D('',#4489,#3643,#3644);
#3300=AXIS2_PLACEMENT_3D('',#4490,#3645,#3646);
#3301=AXIS2_PLACEMENT_3D('',#4491,#3647,#3648);
#3302=AXIS2_PLACEMENT_3D('',#4492,#3649,#3650);
#3303=AXIS2_PLACEMENT_3D('',#4493,#3651,#3652);
#3304=AXIS2_PLACEMENT_3D('',#4494,#3653,#3654);
#3305=AXIS2_PLACEMENT_3D('',#4549,#3660,#3661);
#3306=AXIS2_PLACEMENT_3D('',#4605,#3668,#3669);
#3307=AXIS2_PLACEMENT_3D('',#4609,#3672,#3673);
#3308=AXIS2_PLACEMENT_3D('',#4672,#3681,#3682);
#3309=AXIS2_PLACEMENT_3D('',#4737,#3688,#3689);
#3310=AXIS2_PLACEMENT_3D('',#4738,#3690,#3691);
#3311=AXIS2_PLACEMENT_3D('',#4767,#3695,#3696);
#3312=AXIS2_PLACEMENT_3D('',#4770,#3698,#3699);
#3313=AXIS2_PLACEMENT_3D('',#4771,#3700,#3701);
#3314=AXIS2_PLACEMENT_3D('',#4774,#3703,#3704);
#3315=AXIS2_PLACEMENT_3D('',#4775,#3705,#3706);
#3316=AXIS2_PLACEMENT_3D('',#4818,#3712,#3713);
#3317=AXIS2_PLACEMENT_3D('',#4822,#3716,#3717);
#3318=AXIS2_PLACEMENT_3D('',#4826,#3720,#3721);
#3319=AXIS2_PLACEMENT_3D('',#4830,#3724,#3725);
#3320=AXIS2_PLACEMENT_3D('',#4834,#3728,#3729);
#3321=AXIS2_PLACEMENT_3D('',#4838,#3732,#3733);
#3322=AXIS2_PLACEMENT_3D('',#4842,#3736,#3737);
#3323=AXIS2_PLACEMENT_3D('',#4846,#3740,#3741);
#3324=AXIS2_PLACEMENT_3D('',#4850,#3744,#3745);
#3325=AXIS2_PLACEMENT_3D('',#4854,#3748,#3749);
#3326=AXIS2_PLACEMENT_3D('',#4858,#3752,#3753);
#3327=AXIS2_PLACEMENT_3D('',#4860,#3755,#3756);
#3328=AXIS2_PLACEMENT_3D('',#4876,#3759,#3760);
#3329=AXIS2_PLACEMENT_3D('',#4880,#3763,#3764);
#3330=AXIS2_PLACEMENT_3D('',#4883,#3766,#3767);
#3331=AXIS2_PLACEMENT_3D('',#4884,#3768,#3769);
#3332=AXIS2_PLACEMENT_3D('',#4927,#3775,#3776);
#3333=AXIS2_PLACEMENT_3D('',#4970,#3782,#3783);
#3334=AXIS2_PLACEMENT_3D('',#5026,#3790,#3791);
#3335=AXIS2_PLACEMENT_3D('',#5030,#3794,#3795);
#3336=AXIS2_PLACEMENT_3D('',#5112,#3804,#3805);
#3337=AXIS2_PLACEMENT_3D('',#5115,#3807,#3808);
#3338=AXIS2_PLACEMENT_3D('',#5129,#3810,#3811);
#3339=AXIS2_PLACEMENT_3D('',#5238,#3821,#3822);
#3340=AXIS2_PLACEMENT_3D('',#5244,#3826,#3827);
#3341=AXIS2_PLACEMENT_3D('',#5292,#3832,#3833);
#3342=AXIS2_PLACEMENT_3D('',#5293,#3834,#3835);
#3343=AXIS2_PLACEMENT_3D('',#5294,#3836,#3837);
#3344=AXIS2_PLACEMENT_3D('',#5300,#3841,#3842);
#3345=AXIS2_PLACEMENT_3D('',#5304,#3845,#3846);
#3346=AXIS2_PLACEMENT_3D('',#5308,#3849,#3850);
#3347=AXIS2_PLACEMENT_3D('',#5310,#3852,#3853);
#3348=AXIS2_PLACEMENT_3D('',#5404,#3862,#3863);
#3349=AXIS2_PLACEMENT_3D('',#5407,#3865,#3866);
#3350=AXIS2_PLACEMENT_3D('',#5408,#3867,#3868);
#3351=AXIS2_PLACEMENT_3D('',#5411,#3870,#3871);
#3352=AXIS2_PLACEMENT_3D('',#5503,#3879,#3880);
#3353=AXIS2_PLACEMENT_3D('',#5611,#3891,#3892);
#3354=AXIS2_PLACEMENT_3D('',#5614,#3894,#3895);
#3355=AXIS2_PLACEMENT_3D('',#5706,#3903,#3904);
#3356=AXIS2_PLACEMENT_3D('',#5734,#3908,#3909);
#3357=DIRECTION('',(0.,0.,1.));
#3358=DIRECTION('',(1.,0.,0.));
#3359=DIRECTION('',(0.,0.,1.));
#3360=DIRECTION('',(1.,0.,0.));
#3361=DIRECTION('',(-2.18547839493141E-16,1.,0.));
#3362=DIRECTION('',(-1.,0.,0.));
#3363=DIRECTION('',(1.09273919746571E-16,-1.,0.));
#3364=DIRECTION('',(-1.,0.,0.));
#3365=DIRECTION('',(0.,1.,0.));
#3366=DIRECTION('',(1.,0.,0.));
#3367=DIRECTION('',(0.,1.,0.));
#3368=DIRECTION('',(-1.,0.,0.));
#3369=DIRECTION('',(-0.214197114653865,0.976790456584194,0.));
#3370=DIRECTION('',(-1.,0.,0.));
#3371=DIRECTION('',(0.,-1.,0.));
#3372=DIRECTION('',(-1.,0.,0.));
#3373=DIRECTION('',(0.,-1.,0.));
#3374=DIRECTION('',(1.,0.,0.));
#3375=DIRECTION('',(0.,-1.,0.));
#3376=DIRECTION('',(0.,-1.,0.));
#3377=DIRECTION('',(1.45184744169835E-17,5.94862451097566E-17,1.));
#3378=DIRECTION('',(-0.260520104379678,-0.965468422691287,6.12144457084902E-17));
#3379=DIRECTION('',(0.,0.,-1.));
#3380=DIRECTION('',(-1.,0.,0.));
#3381=DIRECTION('',(0.,-1.,0.));
#3382=DIRECTION('',(1.,0.,0.));
#3383=DIRECTION('',(0.,-1.,0.));
#3384=DIRECTION('',(1.,0.,0.));
#3385=DIRECTION('',(0.,-1.,0.));
#3386=DIRECTION('',(1.,1.02605922397133E-16,0.));
#3387=DIRECTION('',(-0.961964495972823,-0.273174501898976,0.));
#3388=DIRECTION('',(1.,0.,0.));
#3389=DIRECTION('',(0.,0.,-1.));
#3390=DIRECTION('',(-1.,0.,0.));
#3391=DIRECTION('',(-0.999853737081671,0.0171027612921864,0.));
#3392=DIRECTION('',(0.,1.,0.));
#3393=DIRECTION('',(0.995948647187252,0.0899238131191218,0.));
#3394=DIRECTION('',(0.,-1.,0.));
#3395=DIRECTION('',(0.,-1.,0.));
#3396=DIRECTION('',(1.25686195692612E-17,5.9928534595615E-17,1.));
#3397=DIRECTION('',(-0.229559932464883,-0.973294527574628,6.12133662269753E-17));
#3398=DIRECTION('',(-1.,0.,0.));
#3399=DIRECTION('',(-0.980449975558231,0.196768507205458,0.));
#3400=DIRECTION('',(0.,0.,-1.));
#3401=DIRECTION('',(-1.,0.,0.));
#3402=DIRECTION('',(0.98500200931994,-0.172542868979514,0.));
#3403=DIRECTION('',(1.39138010711942E-17,-5.96305760194037E-17,1.));
#3404=DIRECTION('',(-0.220991963581857,0.975275628749245,6.12310857396141E-17));
#3405=DIRECTION('',(0.,0.,-1.));
#3406=DIRECTION('',(-1.,0.,0.));
#3407=DIRECTION('',(0.,-1.,0.));
#3408=DIRECTION('',(0.,0.,-1.));
#3409=DIRECTION('',(0.,0.,-1.));
#3410=DIRECTION('',(1.,0.,0.));
#3411=DIRECTION('',(0.,0.,-1.));
#3412=DIRECTION('',(1.,0.,0.));
#3413=DIRECTION('',(0.,0.,1.));
#3414=DIRECTION('',(1.,0.,0.));
#3415=DIRECTION('',(0.,0.,1.));
#3416=DIRECTION('',(1.,0.,0.));
#3417=DIRECTION('',(0.,0.,1.));
#3418=DIRECTION('',(1.,0.,0.));
#3419=DIRECTION('',(0.,0.,-1.));
#3420=DIRECTION('',(1.,0.,0.));
#3421=DIRECTION('',(0.,0.,-1.));
#3422=DIRECTION('',(1.,0.,0.));
#3423=DIRECTION('',(0.,0.,1.));
#3424=DIRECTION('',(1.,0.,0.));
#3425=DIRECTION('',(1.,0.,0.));
#3426=DIRECTION('',(0.,-1.,0.));
#3427=DIRECTION('',(1.,0.,0.));
#3428=DIRECTION('',(0.,-1.,0.));
#3429=DIRECTION('',(1.,0.,0.));
#3430=DIRECTION('',(-2.73184799366426E-16,-1.,0.));
#3431=DIRECTION('',(0.,1.,0.));
#3432=DIRECTION('',(1.,0.,0.));
#3433=DIRECTION('',(7.80527998189789E-16,-1.,0.));
#3434=DIRECTION('',(0.,1.,0.));
#3435=DIRECTION('',(1.,0.,0.));
#3436=DIRECTION('',(0.,-1.,0.));
#3437=DIRECTION('',(-2.73184799366426E-16,-1.,0.));
#3438=DIRECTION('',(0.,0.,1.));
#3439=DIRECTION('',(1.,0.,0.));
#3440=DIRECTION('',(1.,0.,0.));
#3441=DIRECTION('',(0.,-1.,0.));
#3442=DIRECTION('',(1.,0.,0.));
#3443=DIRECTION('',(0.,-1.,0.));
#3444=DIRECTION('',(-2.73184799366426E-16,-1.,0.));
#3445=DIRECTION('',(1.,0.,0.));
#3446=DIRECTION('',(0.,-1.,0.));
#3447=DIRECTION('',(0.,1.,0.));
#3448=DIRECTION('',(0.,0.,1.));
#3449=DIRECTION('',(-1.,0.,1.85649145832143E-16));
#3450=DIRECTION('',(0.,0.,-1.));
#3451=DIRECTION('',(1.,0.,0.));
#3452=DIRECTION('',(0.,0.,-1.));
#3453=DIRECTION('',(1.,0.,0.));
#3454=DIRECTION('',(0.,0.,-1.));
#3455=DIRECTION('',(1.,0.,0.));
#3456=DIRECTION('',(0.,0.,1.));
#3457=DIRECTION('',(1.,0.,0.));
#3458=DIRECTION('',(0.,0.,-1.));
#3459=DIRECTION('',(0.,0.,-1.));
#3460=DIRECTION('',(0.,-1.,0.));
#3461=DIRECTION('',(0.,0.,-1.));
#3462=DIRECTION('',(0.,-1.,0.));
#3463=DIRECTION('',(0.,1.,0.));
#3464=DIRECTION('',(0.,0.,1.));
#3465=DIRECTION('',(0.,0.,-1.));
#3466=DIRECTION('',(1.,0.,0.));
#3467=DIRECTION('',(0.,0.,-1.));
#3468=DIRECTION('',(1.,0.,0.));
#3469=DIRECTION('',(1.,0.,0.));
#3470=DIRECTION('',(0.,0.,-1.));
#3471=DIRECTION('',(0.,0.,-1.));
#3472=DIRECTION('',(0.,-1.,0.));
#3473=DIRECTION('',(0.,0.,-1.));
#3474=DIRECTION('',(0.,-1.,0.));
#3475=DIRECTION('',(0.,-1.,0.));
#3476=DIRECTION('',(0.,0.,-1.));
#3477=DIRECTION('',(0.,0.,-1.));
#3478=DIRECTION('',(1.,0.,0.));
#3479=DIRECTION('',(0.,0.,-1.));
#3480=DIRECTION('',(0.,0.,1.));
#3481=DIRECTION('',(1.,0.,0.));
#3482=DIRECTION('',(0.,0.,1.));
#3483=DIRECTION('',(0.,0.,1.));
#3484=DIRECTION('',(-1.,0.,0.));
#3485=DIRECTION('',(0.,0.,1.));
#3486=DIRECTION('',(1.,0.,-1.85649145832143E-16));
#3487=DIRECTION('',(0.,0.,-1.));
#3488=DIRECTION('',(-1.,2.73184799366426E-16,0.));
#3489=DIRECTION('',(-2.73184799366426E-16,-1.,0.));
#3490=DIRECTION('',(-1.,2.73184799366426E-16,0.));
#3491=DIRECTION('',(-2.73184799366426E-16,-1.,0.));
#3492=DIRECTION('',(-2.73184799366426E-16,-1.,0.));
#3493=DIRECTION('',(1.,0.,0.));
#3494=DIRECTION('',(0.,0.,-1.));
#3495=DIRECTION('',(-1.,0.,0.));
#3496=DIRECTION('',(0.,0.,1.));
#3497=DIRECTION('',(1.,0.,-2.18547839493141E-14));
#3498=DIRECTION('',(-2.18547839493141E-14,0.,-1.));
#3499=DIRECTION('',(1.,0.,0.));
#3500=DIRECTION('',(0.,1.,0.));
#3501=DIRECTION('',(0.,0.,1.));
#3502=DIRECTION('',(0.,1.,0.));
#3503=DIRECTION('',(0.,0.,1.));
#3504=DIRECTION('',(0.,0.,1.));
#3505=DIRECTION('',(1.,0.,0.));
#3506=DIRECTION('',(0.,0.,1.));
#3507=DIRECTION('',(1.,0.,0.));
#3508=DIRECTION('',(0.,0.,1.));
#3509=DIRECTION('',(1.,0.,0.));
#3510=DIRECTION('',(0.,1.,0.));
#3511=DIRECTION('',(0.,0.,1.));
#3512=DIRECTION('',(0.,0.,1.));
#3513=DIRECTION('',(1.,0.,0.));
#3514=DIRECTION('',(0.,0.,-1.));
#3515=DIRECTION('',(-1.,0.,0.));
#3516=DIRECTION('',(0.,1.,0.));
#3517=DIRECTION('',(0.,0.,1.));
#3518=DIRECTION('',(0.,-1.,0.));
#3519=DIRECTION('',(0.,0.,-1.));
#3520=DIRECTION('',(-1.,0.,0.));
#3521=DIRECTION('',(0.,0.,1.));
#3522=DIRECTION('',(1.,0.,0.));
#3523=DIRECTION('',(0.,0.,-1.));
#3524=DIRECTION('',(-1.,0.,-2.18547839493141E-14));
#3525=DIRECTION('',(-2.18547839493141E-14,0.,1.));
#3526=DIRECTION('',(0.,-1.,0.));
#3527=DIRECTION('',(0.,0.,-1.));
#3528=DIRECTION('',(0.,-1.,0.));
#3529=DIRECTION('',(0.,0.,-1.));
#3530=DIRECTION('',(0.,0.,-1.));
#3531=DIRECTION('',(-1.,0.,0.));
#3532=DIRECTION('',(0.,0.,-1.));
#3533=DIRECTION('',(-1.,0.,0.));
#3534=DIRECTION('',(-1.,0.,0.));
#3535=DIRECTION('',(0.,0.,1.));
#3536=DIRECTION('',(-1.,0.,0.));
#3537=DIRECTION('',(0.,0.,1.));
#3538=DIRECTION('',(1.,2.18547839493141E-14,0.));
#3539=DIRECTION('',(-2.18547839493141E-14,1.,0.));
#3540=DIRECTION('',(0.,1.,0.));
#3541=DIRECTION('',(0.,0.,1.));
#3542=DIRECTION('',(0.,1.,0.));
#3543=DIRECTION('',(0.,0.,1.));
#3544=DIRECTION('',(0.,0.,1.));
#3545=DIRECTION('',(1.,0.,0.));
#3546=DIRECTION('',(0.,0.,1.));
#3547=DIRECTION('',(1.,0.,0.));
#3548=DIRECTION('',(0.,0.,1.));
#3549=DIRECTION('',(1.,0.,0.));
#3550=DIRECTION('',(0.,0.,1.));
#3551=DIRECTION('',(1.,0.,0.));
#3552=DIRECTION('',(-2.18547839493141E-14,1.,0.));
#3553=DIRECTION('',(-1.,-2.18547839493141E-14,0.));
#3554=DIRECTION('',(0.,1.,0.));
#3555=DIRECTION('',(0.,0.,1.));
#3556=DIRECTION('',(0.,-1.,0.));
#3557=DIRECTION('',(0.,0.,-1.));
#3558=DIRECTION('',(0.,-1.,0.));
#3559=DIRECTION('',(0.,0.,-1.));
#3560=DIRECTION('',(0.,0.,-1.));
#3561=DIRECTION('',(-1.,0.,0.));
#3562=DIRECTION('',(0.,0.,-1.));
#3563=DIRECTION('',(-1.,0.,0.));
#3564=DIRECTION('',(0.,0.,1.));
#3565=DIRECTION('',(1.,0.,0.));
#3566=DIRECTION('',(0.,0.,-1.));
#3567=DIRECTION('',(-1.,0.,0.));
#3568=DIRECTION('',(0.,1.,0.));
#3569=DIRECTION('',(0.,0.,1.));
#3570=DIRECTION('',(0.,-1.,0.));
#3571=DIRECTION('',(0.,0.,-1.));
#3572=DIRECTION('',(-1.,0.,0.));
#3573=DIRECTION('',(0.,0.,1.));
#3574=DIRECTION('',(-1.,-2.18547839493141E-14,0.));
#3575=DIRECTION('',(2.18547839493141E-14,-1.,0.));
#3576=DIRECTION('',(1.,0.,0.));
#3577=DIRECTION('',(0.,0.,-1.));
#3578=DIRECTION('',(1.,0.,0.));
#3579=DIRECTION('',(0.,0.,-1.));
#3580=DIRECTION('',(1.,0.,0.));
#3581=DIRECTION('',(0.,0.,-1.));
#3582=DIRECTION('',(0.,0.,1.));
#3583=DIRECTION('',(1.,0.,0.));
#3584=DIRECTION('',(0.,1.,0.));
#3585=DIRECTION('',(0.,0.,1.));
#3586=DIRECTION('',(1.,0.,0.));
#3587=DIRECTION('',(0.,0.,1.));
#3588=DIRECTION('',(1.,0.,0.));
#3589=DIRECTION('',(0.,1.,0.));
#3590=DIRECTION('',(1.,0.,0.));
#3591=DIRECTION('',(0.,0.,-1.));
#3592=DIRECTION('',(0.,0.,-1.));
#3593=DIRECTION('',(0.,1.,0.));
#3594=DIRECTION('',(-1.85649145832143E-16,0.,-1.));
#3595=DIRECTION('',(-1.,0.,1.85649145832143E-16));
#3596=DIRECTION('',(-1.,0.,1.85649145832143E-16));
#3597=DIRECTION('',(0.,1.,0.));
#3598=DIRECTION('',(-1.,0.,0.));
#3599=DIRECTION('',(0.,0.,1.));
#3600=DIRECTION('',(0.,0.,1.));
#3601=DIRECTION('',(-1.,0.,0.));
#3602=DIRECTION('',(0.,0.,1.));
#3603=DIRECTION('',(0.,-1.,0.));
#3604=DIRECTION('',(0.,0.,1.));
#3605=DIRECTION('',(1.,0.,0.));
#3606=DIRECTION('',(-1.,0.,0.));
#3607=DIRECTION('',(0.,0.,1.));
#3608=DIRECTION('',(0.,1.,0.));
#3609=DIRECTION('',(0.,0.,-1.));
#3610=DIRECTION('',(1.,0.,0.));
#3611=DIRECTION('',(0.,0.,-1.));
#3612=DIRECTION('',(0.,0.,-1.));
#3613=DIRECTION('',(0.,-1.,0.));
#3614=DIRECTION('',(0.,1.,0.));
#3615=DIRECTION('',(0.,0.,1.));
#3616=DIRECTION('',(1.,0.,0.));
#3617=DIRECTION('',(0.,0.,1.));
#3618=DIRECTION('',(1.,0.,0.));
#3619=DIRECTION('',(-1.,0.,0.));
#3620=DIRECTION('',(0.,0.,1.));
#3621=DIRECTION('',(0.,1.,0.));
#3622=DIRECTION('',(0.,0.,-1.));
#3623=DIRECTION('',(1.,7.80527998189789E-16,0.));
#3624=DIRECTION('',(-7.80527998189789E-16,1.,0.));
#3625=DIRECTION('',(0.,0.,-1.));
#3626=DIRECTION('',(7.80527998189789E-16,-1.,0.));
#3627=DIRECTION('',(0.,1.,0.));
#3628=DIRECTION('',(0.,0.,1.));
#3629=DIRECTION('',(1.,0.,0.));
#3630=DIRECTION('',(0.,0.,1.));
#3631=DIRECTION('',(1.,0.,0.));
#3632=DIRECTION('',(1.,0.,0.));
#3633=DIRECTION('',(0.,0.,-1.));
#3634=DIRECTION('',(0.,0.,-1.));
#3635=DIRECTION('',(0.,-1.,0.));
#3636=DIRECTION('',(0.,1.,0.));
#3637=DIRECTION('',(0.,0.,1.));
#3638=DIRECTION('',(0.,0.,-1.));
#3639=DIRECTION('',(1.,0.,0.));
#3640=DIRECTION('',(1.,0.,0.));
#3641=DIRECTION('',(0.,0.,-1.));
#3642=DIRECTION('',(0.,-1.,0.));
#3643=DIRECTION('',(0.,0.,1.));
#3644=DIRECTION('',(1.,0.,0.));
#3645=DIRECTION('',(0.,0.,-1.));
#3646=DIRECTION('',(-1.,0.,0.));
#3647=DIRECTION('',(0.707106781186548,0.,-0.707106781186548));
#3648=DIRECTION('',(0.707106781186548,0.,0.707106781186548));
#3649=DIRECTION('',(1.,0.,-1.85649145832143E-16));
#3650=DIRECTION('',(-1.85649145832143E-16,0.,-1.));
#3651=DIRECTION('',(0.707106781186548,0.,0.707106781186548));
#3652=DIRECTION('',(-0.707106781186548,0.,0.707106781186548));
#3653=DIRECTION('',(0.,0.,1.));
#3654=DIRECTION('',(1.,0.,0.));
#3655=DIRECTION('',(0.,0.,-1.));
#3656=DIRECTION('',(0.,0.,-1.));
#3657=DIRECTION('',(0.,0.,-1.));
#3658=DIRECTION('',(0.,0.,-1.));
#3659=DIRECTION('',(0.,0.,-1.));
#3660=DIRECTION('',(0.273174501898976,-0.961964495972823,0.));
#3661=DIRECTION('',(0.961964495972823,0.273174501898976,0.));
#3662=DIRECTION('',(0.,0.,-1.));
#3663=DIRECTION('',(-0.961964495972823,-0.273174501898976,0.));
#3664=DIRECTION('',(0.,0.,-1.));
#3665=DIRECTION('',(0.,0.,-1.));
#3666=DIRECTION('',(0.,0.,-1.));
#3667=DIRECTION('',(0.,0.,-1.));
#3668=DIRECTION('',(-1.02605922397133E-16,1.,0.));
#3669=DIRECTION('',(-1.,-1.02605922397133E-16,0.));
#3670=DIRECTION('',(0.,0.,-1.));
#3671=DIRECTION('',(1.,1.02605922397133E-16,0.));
#3672=DIRECTION('',(1.,0.,0.));
#3673=DIRECTION('',(0.,0.,-1.));
#3674=DIRECTION('',(0.,0.,-1.));
#3675=DIRECTION('',(0.,-1.,0.));
#3676=DIRECTION('',(0.,0.,-1.));
#3677=DIRECTION('',(0.,0.,-1.));
#3678=DIRECTION('',(0.,0.,-1.));
#3679=DIRECTION('',(0.,0.,-1.));
#3680=DIRECTION('',(0.,0.,-1.));
#3681=DIRECTION('',(1.35608484833909E-16,-1.,0.));
#3682=DIRECTION('',(1.,1.35608484833909E-16,0.));
#3683=DIRECTION('',(-1.,-1.35608484833909E-16,0.));
#3684=DIRECTION('',(0.,0.,-1.));
#3685=DIRECTION('',(-1.,-1.35608484833909E-16,0.));
#3686=DIRECTION('',(0.,0.,-1.));
#3687=DIRECTION('',(0.,0.,-1.));
#3688=DIRECTION('',(0.,0.,-1.));
#3689=DIRECTION('',(1.,0.,0.));
#3690=DIRECTION('',(0.,0.,1.));
#3691=DIRECTION('',(1.,0.,0.));
#3692=DIRECTION('',(0.,0.,-1.));
#3693=DIRECTION('',(0.,0.,-1.));
#3694=DIRECTION('',(0.,0.,-1.));
#3695=DIRECTION('',(0.,0.,-1.));
#3696=DIRECTION('',(-0.106979299613148,-0.9942612480904,0.));
#3697=DIRECTION('',(0.,0.,-1.));
#3698=DIRECTION('',(0.,0.,-1.));
#3699=DIRECTION('',(-1.,0.,0.));
#3700=DIRECTION('',(0.,0.,-1.));
#3701=DIRECTION('',(-0.237089498738741,-0.971487812372246,0.));
#3702=DIRECTION('',(0.,0.,-1.));
#3703=DIRECTION('',(-8.80494383342859E-16,-3.60763143571248E-15,1.));
#3704=DIRECTION('',(-0.260520104379678,-0.965468422691287,-3.71301000926487E-15));
#3705=DIRECTION('',(1.,0.,0.));
#3706=DIRECTION('',(0.,0.,-1.));
#3707=DIRECTION('',(0.,0.,-1.));
#3708=DIRECTION('',(0.,-1.,0.));
#3709=DIRECTION('',(0.,0.,-1.));
#3710=DIRECTION('',(0.,0.,-1.));
#3711=DIRECTION('',(0.,0.,-1.));
#3712=DIRECTION('',(1.,0.,0.));
#3713=DIRECTION('',(0.,0.,-1.));
#3714=DIRECTION('',(0.,0.,-1.));
#3715=DIRECTION('',(0.,-1.,0.));
#3716=DIRECTION('',(0.,1.,0.));
#3717=DIRECTION('',(0.,0.,1.));
#3718=DIRECTION('',(0.,0.,-1.));
#3719=DIRECTION('',(1.,0.,0.));
#3720=DIRECTION('',(1.,0.,0.));
#3721=DIRECTION('',(0.,0.,-1.));
#3722=DIRECTION('',(0.,0.,-1.));
#3723=DIRECTION('',(0.,-1.,0.));
#3724=DIRECTION('',(0.,-1.,0.));
#3725=DIRECTION('',(0.,0.,-1.));
#3726=DIRECTION('',(0.,0.,-1.));
#3727=DIRECTION('',(-1.,0.,0.));
#3728=DIRECTION('',(1.,0.,0.));
#3729=DIRECTION('',(0.,0.,-1.));
#3730=DIRECTION('',(0.,0.,-1.));
#3731=DIRECTION('',(0.,-1.,0.));
#3732=DIRECTION('',(0.,-1.,0.));
#3733=DIRECTION('',(0.,0.,-1.));
#3734=DIRECTION('',(0.,0.,-1.));
#3735=DIRECTION('',(-1.,0.,0.));
#3736=DIRECTION('',(-0.976790456584194,-0.214197114653865,0.));
#3737=DIRECTION('',(0.214197114653865,-0.976790456584194,0.));
#3738=DIRECTION('',(0.,0.,-1.));
#3739=DIRECTION('',(-0.214197114653865,0.976790456584194,0.));
#3740=DIRECTION('',(0.,-1.,0.));
#3741=DIRECTION('',(0.,0.,-1.));
#3742=DIRECTION('',(0.,0.,-1.));
#3743=DIRECTION('',(-1.,0.,0.));
#3744=DIRECTION('',(-1.,0.,0.));
#3745=DIRECTION('',(0.,0.,1.));
#3746=DIRECTION('',(0.,0.,-1.));
#3747=DIRECTION('',(0.,1.,0.));
#3748=DIRECTION('',(0.,1.,0.));
#3749=DIRECTION('',(0.,0.,1.));
#3750=DIRECTION('',(0.,0.,-1.));
#3751=DIRECTION('',(1.,0.,0.));
#3752=DIRECTION('',(-1.,0.,0.));
#3753=DIRECTION('',(0.,0.,1.));
#3754=DIRECTION('',(0.,1.,0.));
#3755=DIRECTION('',(0.,0.,-1.));
#3756=DIRECTION('',(1.,0.,0.));
#3757=DIRECTION('',(0.,0.,-1.));
#3758=DIRECTION('',(0.,0.,-1.));
#3759=DIRECTION('',(0.,-1.,0.));
#3760=DIRECTION('',(0.,0.,-1.));
#3761=DIRECTION('',(0.,0.,-1.));
#3762=DIRECTION('',(-1.,0.,0.));
#3763=DIRECTION('',(0.,0.,-1.));
#3764=DIRECTION('',(-0.205259263256157,-0.978707635020561,0.));
#3765=DIRECTION('',(0.,0.,-1.));
#3766=DIRECTION('',(-2.1531701804092E-16,-1.02665478046993E-15,1.));
#3767=DIRECTION('',(-0.229559932464883,-0.973294527574628,-1.04821578150307E-15));
#3768=DIRECTION('',(1.,0.,0.));
#3769=DIRECTION('',(0.,0.,-1.));
#3770=DIRECTION('',(0.,0.,-1.));
#3771=DIRECTION('',(0.,-1.,0.));
#3772=DIRECTION('',(0.,0.,-1.));
#3773=DIRECTION('',(0.,0.,-1.));
#3774=DIRECTION('',(0.,0.,-1.));
#3775=DIRECTION('',(1.,0.,0.));
#3776=DIRECTION('',(0.,0.,-1.));
#3777=DIRECTION('',(0.,0.,-1.));
#3778=DIRECTION('',(0.,-1.,0.));
#3779=DIRECTION('',(0.,0.,-1.));
#3780=DIRECTION('',(0.,0.,-1.));
#3781=DIRECTION('',(0.,0.,-1.));
#3782=DIRECTION('',(-0.0899238131191218,0.995948647187252,0.));
#3783=DIRECTION('',(-0.995948647187252,-0.0899238131191218,0.));
#3784=DIRECTION('',(0.,0.,-1.));
#3785=DIRECTION('',(0.995948647187252,0.0899238131191218,0.));
#3786=DIRECTION('',(0.,0.,-1.));
#3787=DIRECTION('',(0.,0.,-1.));
#3788=DIRECTION('',(0.,0.,-1.));
#3789=DIRECTION('',(0.,0.,-1.));
#3790=DIRECTION('',(-1.,0.,0.));
#3791=DIRECTION('',(0.,0.,1.));
#3792=DIRECTION('',(0.,0.,-1.));
#3793=DIRECTION('',(0.,1.,0.));
#3794=DIRECTION('',(-0.0171027612921864,-0.999853737081671,0.));
#3795=DIRECTION('',(0.999853737081671,-0.0171027612921864,0.));
#3796=DIRECTION('',(0.,0.,-1.));
#3797=DIRECTION('',(-0.999853737081671,0.0171027612921864,0.));
#3798=DIRECTION('',(0.,0.,-1.));
#3799=DIRECTION('',(0.,0.,-1.));
#3800=DIRECTION('',(0.,0.,-1.));
#3801=DIRECTION('',(0.,0.,-1.));
#3802=DIRECTION('',(0.,0.,-1.));
#3803=DIRECTION('',(0.,0.,-1.));
#3804=DIRECTION('',(0.,0.,-1.));
#3805=DIRECTION('',(-0.390861254099144,-0.920449607552768,0.));
#3806=DIRECTION('',(0.,0.,-1.));
#3807=DIRECTION('',(0.,0.,-1.));
#3808=DIRECTION('',(-1.,0.,0.));
#3809=DIRECTION('',(0.,0.,-1.));
#3810=DIRECTION('',(0.,1.,0.));
#3811=DIRECTION('',(0.,0.,1.));
#3812=DIRECTION('',(0.,0.,-1.));
#3813=DIRECTION('',(1.,0.,0.));
#3814=DIRECTION('',(0.,0.,-1.));
#3815=DIRECTION('',(0.,0.,-1.));
#3816=DIRECTION('',(0.,0.,-1.));
#3817=DIRECTION('',(0.,0.,-1.));
#3818=DIRECTION('',(0.,0.,-1.));
#3819=DIRECTION('',(0.,0.,-1.));
#3820=DIRECTION('',(0.,0.,-1.));
#3821=DIRECTION('',(0.0210991981052572,0.999777387141415,0.));
#3822=DIRECTION('',(-0.999777387141415,0.0210991981052572,0.));
#3823=DIRECTION('',(0.999777387141415,-0.0210991981052572,0.));
#3824=DIRECTION('',(0.,0.,-1.));
#3825=DIRECTION('',(0.999777387141415,-0.0210991981052572,0.));
#3826=DIRECTION('',(-1.,0.,0.));
#3827=DIRECTION('',(0.,0.,1.));
#3828=DIRECTION('',(0.,1.,0.));
#3829=DIRECTION('',(0.,0.,-1.));
#3830=DIRECTION('',(0.,1.,0.));
#3831=DIRECTION('',(0.,0.,-1.));
#3832=DIRECTION('',(0.,0.,-1.));
#3833=DIRECTION('',(1.,0.,0.));
#3834=DIRECTION('',(0.,0.,1.));
#3835=DIRECTION('',(1.,0.,0.));
#3836=DIRECTION('',(-1.,-2.18547839493141E-16,0.));
#3837=DIRECTION('',(2.18547839493141E-16,-1.,0.));
#3838=DIRECTION('',(0.,0.,-1.));
#3839=DIRECTION('',(-2.18547839493141E-16,1.,0.));
#3840=DIRECTION('',(0.,0.,-1.));
#3841=DIRECTION('',(0.,-1.,0.));
#3842=DIRECTION('',(0.,0.,-1.));
#3843=DIRECTION('',(0.,0.,-1.));
#3844=DIRECTION('',(-1.,0.,0.));
#3845=DIRECTION('',(1.,1.09273919746571E-16,0.));
#3846=DIRECTION('',(-1.09273919746571E-16,1.,0.));
#3847=DIRECTION('',(0.,0.,-1.));
#3848=DIRECTION('',(1.09273919746571E-16,-1.,0.));
#3849=DIRECTION('',(0.,-1.,0.));
#3850=DIRECTION('',(0.,0.,-1.));
#3851=DIRECTION('',(-1.,0.,0.));
#3852=DIRECTION('',(0.,0.,-1.));
#3853=DIRECTION('',(1.,0.,0.));
#3854=DIRECTION('',(0.,0.,-1.));
#3855=DIRECTION('',(0.,0.,-1.));
#3856=DIRECTION('',(0.,0.,-1.));
#3857=DIRECTION('',(0.,0.,-1.));
#3858=DIRECTION('',(0.,0.,-1.));
#3859=DIRECTION('',(0.,0.,-1.));
#3860=DIRECTION('',(0.,0.,-1.));
#3861=DIRECTION('',(0.,0.,-1.));
#3862=DIRECTION('',(0.,0.,-1.));
#3863=DIRECTION('',(-0.288338552154979,0.957528526646162,0.));
#3864=DIRECTION('',(0.,0.,-1.));
#3865=DIRECTION('',(0.,0.,-1.));
#3866=DIRECTION('',(-1.,0.,0.));
#3867=DIRECTION('',(0.,0.,-1.));
#3868=DIRECTION('',(-0.2272316253512,0.973840740799158,0.));
#3869=DIRECTION('',(0.,0.,-1.));
#3870=DIRECTION('',(1.65279131744976E-16,-7.08339136049897E-16,1.));
#3871=DIRECTION('',(-0.220991963581857,0.975275628749245,7.27248622733755E-16));
#3872=DIRECTION('',(0.,0.,-1.));
#3873=DIRECTION('',(0.,0.,-1.));
#3874=DIRECTION('',(0.,0.,-1.));
#3875=DIRECTION('',(0.,0.,-1.));
#3876=DIRECTION('',(0.,0.,-1.));
#3877=DIRECTION('',(0.,0.,-1.));
#3878=DIRECTION('',(0.,0.,-1.));
#3879=DIRECTION('',(0.172542868979514,0.98500200931994,0.));
#3880=DIRECTION('',(-0.98500200931994,0.172542868979514,0.));
#3881=DIRECTION('',(0.,0.,-1.));
#3882=DIRECTION('',(0.98500200931994,-0.172542868979514,0.));
#3883=DIRECTION('',(0.,0.,-1.));
#3884=DIRECTION('',(0.,0.,-1.));
#3885=DIRECTION('',(0.,0.,-1.));
#3886=DIRECTION('',(0.,0.,-1.));
#3887=DIRECTION('',(0.,0.,-1.));
#3888=DIRECTION('',(0.,0.,-1.));
#3889=DIRECTION('',(0.,0.,-1.));
#3890=DIRECTION('',(0.,0.,-1.));
#3891=DIRECTION('',(0.,0.,-1.));
#3892=DIRECTION('',(-0.22741506627133,0.973797919299896,0.));
#3893=DIRECTION('',(0.,0.,-1.));
#3894=DIRECTION('',(0.,0.,-1.));
#3895=DIRECTION('',(-1.,0.,0.));
#3896=DIRECTION('',(0.,0.,-1.));
#3897=DIRECTION('',(0.,0.,-1.));
#3898=DIRECTION('',(0.,0.,-1.));
#3899=DIRECTION('',(0.,0.,-1.));
#3900=DIRECTION('',(0.,0.,-1.));
#3901=DIRECTION('',(0.,0.,-1.));
#3902=DIRECTION('',(0.,0.,-1.));
#3903=DIRECTION('',(-0.196768507205458,-0.980449975558231,0.));
#3904=DIRECTION('',(0.980449975558231,-0.196768507205458,0.));
#3905=DIRECTION('',(0.,0.,-1.));
#3906=DIRECTION('',(-0.980449975558231,0.196768507205458,0.));
#3907=DIRECTION('',(0.,0.,-1.));
#3908=DIRECTION('',(0.,0.,-1.));
#3909=DIRECTION('',(1.,0.,0.));
#3910=CARTESIAN_POINT('',(0.,0.,0.));
#3911=CARTESIAN_POINT('',(0.,-6.93889390390723E-18,0.));
#3912=CARTESIAN_POINT('',(0.0387804713051689,-6.93889390390723E-18,0.));
#3913=CARTESIAN_POINT('',(0.0387804713051689,-0.03175,0.));
#3914=CARTESIAN_POINT('',(0.0387804713051689,0.03175,0.));
#3915=CARTESIAN_POINT('',(0.0348341820200504,0.03175,0.));
#3916=CARTESIAN_POINT('',(0.0308878927349319,0.03175,0.));
#3917=CARTESIAN_POINT('',(0.0308878927349319,0.,0.));
#3918=CARTESIAN_POINT('',(0.0308878927349319,-0.03175,0.));
#3919=CARTESIAN_POINT('',(0.0348341820200504,-0.03175,0.));
#3920=CARTESIAN_POINT('',(-0.0370913373999394,-0.0317500000021039,0.));
#3921=CARTESIAN_POINT('',(-0.0318461909272527,-0.0297074082696164,0.));
#3922=CARTESIAN_POINT('',(-0.0318461909272527,-0.0217125466140504,0.));
#3923=CARTESIAN_POINT('',(-0.0370913373999394,-0.0317500000021039,0.));
#3924=CARTESIAN_POINT('',(-0.0318461909272527,-0.0217125466140504,0.));
#3925=CARTESIAN_POINT('',(-0.0318461909272527,-0.00589935189428636,0.));
#3926=CARTESIAN_POINT('',(-0.0318461909272527,0.00991384282547773,0.));
#3927=CARTESIAN_POINT('',(-0.0291055175516199,0.00991384282547773,0.));
#3928=CARTESIAN_POINT('',(-0.026364844175987,0.00991384282547773,0.));
#3929=CARTESIAN_POINT('',(-0.026364844175987,0.0127806853079172,0.));
#3930=CARTESIAN_POINT('',(-0.026364844175987,0.0156475277903568,0.));
#3931=CARTESIAN_POINT('',(-0.0292527148428943,0.0156475277903568,0.));
#3932=CARTESIAN_POINT('',(-0.0321405855098015,0.0156475277903568,0.));
#3933=CARTESIAN_POINT('',(-0.0333041450503515,0.0209536396710577,0.));
#3934=CARTESIAN_POINT('',(-0.0344677045909016,0.0262597515517587,0.));
#3935=CARTESIAN_POINT('',(-0.0370962276493729,0.0262597515517587,0.));
#3936=CARTESIAN_POINT('',(-0.0397247507078444,0.0262597515517587,0.));
#3937=CARTESIAN_POINT('',(-0.0397247507078444,0.0209536396710577,0.));
#3938=CARTESIAN_POINT('',(-0.0397247507078444,0.0156475277903568,0.));
#3939=CARTESIAN_POINT('',(-0.0441056224719635,0.0156475277903568,0.));
#3940=CARTESIAN_POINT('',(-0.0484864942360825,0.0156475277903568,0.));
#3941=CARTESIAN_POINT('',(-0.0484864942360825,0.0127806853079172,0.));
#3942=CARTESIAN_POINT('',(-0.0484864942360825,0.00991384282547773,0.));
#3943=CARTESIAN_POINT('',(-0.0441056224719635,0.00991384282547773,0.));
#3944=CARTESIAN_POINT('',(-0.0397247507078444,0.00991384282547773,0.));
#3945=CARTESIAN_POINT('',(-0.0397247507078444,-0.00504420572593033,0.));
#3946=CARTESIAN_POINT('',(-0.0397247507078444,-0.0200022542773384,0.));
#3947=CARTESIAN_POINT('',(-0.0397247507078444,-0.0200022542773384,0.));
#3948=CARTESIAN_POINT('',(-0.0397247507078444,-0.0234228389507625,0.));
#3949=CARTESIAN_POINT('',(-0.0408392444846363,-0.0248036897308128,0.));
#3950=CARTESIAN_POINT('',(-0.0408392444846363,-0.0248036897308128,0.));
#3951=CARTESIAN_POINT('',(-0.0408392444846363,-0.0248036897308128,0.));
#3952=CARTESIAN_POINT('',(-0.0419537382614282,-0.0261845405108632,0.));
#3953=CARTESIAN_POINT('',(-0.0447154398215288,-0.0261845405108632,0.));
#3954=CARTESIAN_POINT('',(-0.0447154398215288,-0.0261845405108632,0.));
#3955=CARTESIAN_POINT('',(-0.0447154398215288,-0.0261845405108632,0.));
#3956=CARTESIAN_POINT('',(-0.0462995630514343,-0.0261845405108632,0.));
#3957=CARTESIAN_POINT('',(-0.0492715464562126,-0.0255677137664752,0.));
#3958=CARTESIAN_POINT('',(-0.0492715464562126,-0.0255677137664752,0.));
#3959=CARTESIAN_POINT('',(-0.0492715464562126,-0.0284836220126728,0.));
#3960=CARTESIAN_POINT('',(-0.0492715464562126,-0.0313995302588705,0.));
#3961=CARTESIAN_POINT('',(-0.0413067977435921,-0.00188275497960347,-1.87147812953397E-18));
#3962=CARTESIAN_POINT('',(-0.0478356008073219,-0.0317501228243522,0.));
#3963=CARTESIAN_POINT('',(-0.0413401033590299,-0.00197592729215801,0.));
#3964=CARTESIAN_POINT('',(-0.0413088739377499,-0.0324509394822591,0.));
#3965=CARTESIAN_POINT('',(-0.0413088739377499,-0.0324509394822591,0.));
#3966=CARTESIAN_POINT('',(-0.0388912713678624,-0.0324509394822591,0.));
#3967=CARTESIAN_POINT('',(-0.0370913373999394,-0.0317500000021039,0.));
#3968=CARTESIAN_POINT('',(0.174625,-0.05715,0.));
#3969=CARTESIAN_POINT('',(0.174625,0.05588,0.));
#3970=CARTESIAN_POINT('',(0.174625,-0.05588,0.));
#3971=CARTESIAN_POINT('',(0.,-0.05588,0.));
#3972=CARTESIAN_POINT('',(-0.174625,-0.05588,0.));
#3973=CARTESIAN_POINT('',(-0.174625,-6.93889390390723E-18,0.));
#3974=CARTESIAN_POINT('',(-0.174625,0.05588,0.));
#3975=CARTESIAN_POINT('',(0.175895,0.05588,0.));
#3976=CARTESIAN_POINT('',(-0.0680613161934207,-0.0317500000001234,0.));
#3977=CARTESIAN_POINT('',(-0.0626712055419218,-0.0302806570789279,0.));
#3978=CARTESIAN_POINT('',(-0.0592389058939363,-0.0263667847762506,0.));
#3979=CARTESIAN_POINT('',(-0.0680613161934207,-0.0317500000001234,0.));
#3980=CARTESIAN_POINT('',(-0.0592389058939363,-0.0263667847762506,0.));
#3981=CARTESIAN_POINT('',(-0.0592389058939363,-0.0263667847762506,0.));
#3982=CARTESIAN_POINT('',(-0.0537435403530253,-0.0201003858048547,0.));
#3983=CARTESIAN_POINT('',(-0.0537435403530253,-0.00773581333780507,0.));
#3984=CARTESIAN_POINT('',(-0.0537435403530253,-0.00773581333780507,0.));
#3985=CARTESIAN_POINT('',(-0.0537435403530253,-0.00773581333780507,0.));
#3986=CARTESIAN_POINT('',(-0.0537435403530253,0.00399791359521137,0.));
#3987=CARTESIAN_POINT('',(-0.0592389058939363,0.0102643125666072,0.));
#3988=CARTESIAN_POINT('',(-0.0592389058939363,0.0102643125666072,0.));
#3989=CARTESIAN_POINT('',(-0.0592389058939363,0.0102643125666072,0.));
#3990=CARTESIAN_POINT('',(-0.0647342714348472,0.0165307115380031,0.));
#3991=CARTESIAN_POINT('',(-0.0749399502965389,0.0165307115380031,0.));
#3992=CARTESIAN_POINT('',(-0.0749399502965389,0.0165307115380031,0.));
#3993=CARTESIAN_POINT('',(-0.0749399502965389,0.0165307115380031,0.));
#3994=CARTESIAN_POINT('',(-0.0958419656575037,0.0165307115380031,0.));
#3995=CARTESIAN_POINT('',(-0.0958419656575037,-0.00866105345438702,0.));
#3996=CARTESIAN_POINT('',(-0.0958419656575037,-0.00866105345438702,0.));
#3997=CARTESIAN_POINT('',(-0.0958419656575037,-0.0091867580660813,0.));
#3998=CARTESIAN_POINT('',(-0.0958419656575037,-0.00971246267777559,0.));
#3999=CARTESIAN_POINT('',(-0.0789353053454155,-0.00971246267777558,0.));
#4000=CARTESIAN_POINT('',(-0.0620286450333273,-0.00971246267777558,0.));
#4001=CARTESIAN_POINT('',(-0.0620286450333273,-0.00971246267777558,0.));
#4002=CARTESIAN_POINT('',(-0.0620286450333273,-0.0178573794616257,0.));
#4003=CARTESIAN_POINT('',(-0.0654001639429933,-0.0222873169895029,0.));
#4004=CARTESIAN_POINT('',(-0.0654001639429933,-0.0222873169895029,0.));
#4005=CARTESIAN_POINT('',(-0.0654001639429933,-0.0222873169895029,0.));
#4006=CARTESIAN_POINT('',(-0.0687716828526593,-0.02671725451738,0.));
#4007=CARTESIAN_POINT('',(-0.0752483636687329,-0.02671725451738,0.));
#4008=CARTESIAN_POINT('',(-0.0752483636687329,-0.02671725451738,0.));
#4009=CARTESIAN_POINT('',(-0.0752483636687329,-0.02671725451738,0.));
#4010=CARTESIAN_POINT('',(-0.0803792406788691,-0.02671725451738,0.));
#4011=CARTESIAN_POINT('',(-0.0834703837956315,-0.0246564924395384,0.));
#4012=CARTESIAN_POINT('',(-0.0834703837956315,-0.0246564924395384,0.));
#4013=CARTESIAN_POINT('',(-0.0834703837956315,-0.0246564924395384,0.));
#4014=CARTESIAN_POINT('',(-0.0865615269123939,-0.0225957303616968,0.));
#4015=CARTESIAN_POINT('',(-0.087654992504718,-0.0194415026915312,0.));
#4016=CARTESIAN_POINT('',(-0.087654992504718,-0.0194415026915312,0.));
#4017=CARTESIAN_POINT('',(-0.0911106241522551,-0.0204228179666938,0.));
#4018=CARTESIAN_POINT('',(-0.0945662557997922,-0.0214041332418565,0.));
#4019=CARTESIAN_POINT('',(-0.0945662557997922,-0.0214041332418565,0.));
#4020=CARTESIAN_POINT('',(-0.0915098241996503,-0.0294840068778751,0.));
#4021=CARTESIAN_POINT('',(-0.0828500021374773,-0.0317499999956462,0.));
#4022=CARTESIAN_POINT('',(-0.0828500021374773,-0.0317499999956462,0.));
#4023=CARTESIAN_POINT('',(-0.0828500021374773,-0.0317499999956462,0.));
#4024=CARTESIAN_POINT('',(-0.0794747870582512,-0.0326331837476464,0.));
#4025=CARTESIAN_POINT('',(-0.0752483636687329,-0.0326331837476464,0.));
#4026=CARTESIAN_POINT('',(-0.0752483636687329,-0.0326331837476464,0.));
#4027=CARTESIAN_POINT('',(-0.0752483636687329,-0.0326331837476464,0.));
#4028=CARTESIAN_POINT('',(-0.0713011712715542,-0.0326331837476464,0.));
#4029=CARTESIAN_POINT('',(-0.0680613161934207,-0.0317500000001234,0.));
#4030=CARTESIAN_POINT('',(-0.0155667811092103,-0.0317499999903008,0.));
#4031=CARTESIAN_POINT('',(-0.013678475530752,-0.0311850122909797,0.));
#4032=CARTESIAN_POINT('',(-0.0125493269806612,-0.029885500977191,0.));
#4033=CARTESIAN_POINT('',(-0.0155667811092103,-0.0317499999903008,0.));
#4034=CARTESIAN_POINT('',(-0.0125493269806612,-0.029885500977191,0.));
#4035=CARTESIAN_POINT('',(-0.0125493269806612,-0.029885500977191,0.));
#4036=CARTESIAN_POINT('',(-0.0105516494562229,-0.0275864194753812,0.));
#4037=CARTESIAN_POINT('',(-0.0102852924529644,-0.022679843099568,0.));
#4038=CARTESIAN_POINT('',(-0.0102852924529644,-0.022679843099568,0.));
#4039=CARTESIAN_POINT('',(-0.0101591233461578,-0.022679843099568,0.));
#4040=CARTESIAN_POINT('',(-0.0100329542393512,-0.022679843099568,0.));
#4041=CARTESIAN_POINT('',(-0.0100329542393512,-0.022679843099568,0.));
#4042=CARTESIAN_POINT('',(-0.00700489567599209,-0.0281191334818982,0.));
#4043=CARTESIAN_POINT('',(-0.00299552183747036,-0.0303761586147723,0.));
#4044=CARTESIAN_POINT('',(-0.00299552183747036,-0.0303761586147723,0.));
#4045=CARTESIAN_POINT('',(0.00487487652397419,-0.0162858687869989,0.));
#4046=CARTESIAN_POINT('',(0.000248931644098365,-0.0317500000007453,0.));
#4047=CARTESIAN_POINT('',(0.000248931644098365,-0.0317500000007453,0.));
#4048=CARTESIAN_POINT('',(0.0031608690849248,-0.0326331837476464,0.));
#4049=CARTESIAN_POINT('',(0.0067475369659304,-0.0326331837476464,0.));
#4050=CARTESIAN_POINT('',(0.0067475369659304,-0.0326331837476464,0.));
#4051=CARTESIAN_POINT('',(0.0067475369659304,-0.0326331837476464,0.));
#4052=CARTESIAN_POINT('',(0.0102075268417551,-0.0326331837476464,0.));
#4053=CARTESIAN_POINT('',(0.0128335811416747,-0.0317500000078099,0.));
#4054=CARTESIAN_POINT('',(0.0128335811416747,-0.0317500000078099,0.));
#4055=CARTESIAN_POINT('',(0.0128335811416747,-0.0317500000078099,0.));
#4056=CARTESIAN_POINT('',(0.0156338989167592,-0.0308082086954958,0.));
#4057=CARTESIAN_POINT('',(0.017485929834139,-0.0288621293330928,0.));
#4058=CARTESIAN_POINT('',(0.017485929834139,-0.0288621293330928,0.));
#4059=CARTESIAN_POINT('',(0.017485929834139,-0.0288621293330928,0.));
#4060=CARTESIAN_POINT('',(0.0210747399833053,-0.025091074918539,0.));
#4061=CARTESIAN_POINT('',(0.0210747399833053,-0.0185162625749492,0.));
#4062=CARTESIAN_POINT('',(0.0210747399833053,-0.0185162625749492,0.));
#4063=CARTESIAN_POINT('',(0.0210747399833053,-0.0185162625749492,0.));
#4064=CARTESIAN_POINT('',(0.0210747399833053,-0.0111563980112292,0.));
#4065=CARTESIAN_POINT('',(0.0162312481608953,-0.00721711812093336,0.));
#4066=CARTESIAN_POINT('',(0.0162312481608953,-0.00721711812093336,0.));
#4067=CARTESIAN_POINT('',(0.0162312481608953,-0.00721711812093336,0.));
#4068=CARTESIAN_POINT('',(0.0113877563384853,-0.00327783823063753,0.));
#4069=CARTESIAN_POINT('',(0.000621325890986332,-0.00301148122737909,0.));
#4070=CARTESIAN_POINT('',(0.000621325890986338,-0.00301148122737909,0.));
#4071=CARTESIAN_POINT('',(-0.00470581417418242,-0.00292035909468541,0.));
#4072=CARTESIAN_POINT('',(-0.0100329542393512,-0.00282923696199173,0.));
#4073=CARTESIAN_POINT('',(-0.0100329542393512,-0.00153950831463509,0.));
#4074=CARTESIAN_POINT('',(-0.0100329542393512,-0.000249779667278439,0.));
#4075=CARTESIAN_POINT('',(-0.0100329542393512,-0.000249779667278439,0.));
#4076=CARTESIAN_POINT('',(-0.0100329542393512,0.0055259616665361,0.));
#4077=CARTESIAN_POINT('',(-0.00757966605144451,0.0080283156182009,0.));
#4078=CARTESIAN_POINT('',(-0.00757966605144451,0.0080283156182009,0.));
#4079=CARTESIAN_POINT('',(-0.00757966605144451,0.0080283156182009,0.));
#4080=CARTESIAN_POINT('',(-0.00512637786353785,0.0105306695698657,0.));
#4081=CARTESIAN_POINT('',(0.000130668253404992,0.0105306695698657,0.));
#4082=CARTESIAN_POINT('',(0.000130668253404992,0.0105306695698657,0.));
#4083=CARTESIAN_POINT('',(0.000130668253404992,0.0105306695698657,0.));
#4084=CARTESIAN_POINT('',(0.00542977073928339,0.0105306695698657,0.));
#4085=CARTESIAN_POINT('',(0.00784100255825451,0.00872925510045994,0.));
#4086=CARTESIAN_POINT('',(0.00784100255825451,0.00872925510045994,0.));
#4087=CARTESIAN_POINT('',(0.00784100255825451,0.00872925510045994,0.));
#4088=CARTESIAN_POINT('',(0.0102522343772256,0.00692784063105419,0.));
#4089=CARTESIAN_POINT('',(0.010742892014807,0.00298856074075835,0.));
#4090=CARTESIAN_POINT('',(0.010742892014807,0.00298856074075836,0.));
#4091=CARTESIAN_POINT('',(0.0148574067756676,0.00336005866635565,0.));
#4092=CARTESIAN_POINT('',(0.0189719215365282,0.00373155659195294,0.));
#4093=CARTESIAN_POINT('',(0.0189719215365282,0.00373155659195294,0.));
#4094=CARTESIAN_POINT('',(0.0169532158276221,0.0165307115380031,0.));
#4095=CARTESIAN_POINT('',(-3.75572223371701E-5,0.0165307115380031,0.));
#4096=CARTESIAN_POINT('',(-3.75572223371701E-5,0.0165307115380031,0.));
#4097=CARTESIAN_POINT('',(-3.75572223371701E-5,0.0165307115380031,0.));
#4098=CARTESIAN_POINT('',(-0.00898154501596261,0.0165307115380031,0.));
#4099=CARTESIAN_POINT('',(-0.0134885858868883,0.0124302155667877,0.));
#4100=CARTESIAN_POINT('',(-0.0134885858868883,0.0124302155667877,0.));
#4101=CARTESIAN_POINT('',(-0.0134885858868883,0.0124302155667877,0.));
#4102=CARTESIAN_POINT('',(-0.017995626757814,0.00832971959557229,0.));
#4103=CARTESIAN_POINT('',(-0.017995626757814,0.000577328921787232,0.));
#4104=CARTESIAN_POINT('',(-0.017995626757814,0.000577328921787228,0.));
#4105=CARTESIAN_POINT('',(-0.017995626757814,-0.00962834993990449,0.));
#4106=CARTESIAN_POINT('',(-0.017995626757814,-0.0198340288015962,0.));
#4107=CARTESIAN_POINT('',(-0.017995626757814,-0.0198340288015962,0.));
#4108=CARTESIAN_POINT('',(-0.017995626757814,-0.0233387262128914,0.));
#4109=CARTESIAN_POINT('',(-0.0189208668743959,-0.0251121031030069,0.));
#4110=CARTESIAN_POINT('',(-0.0189208668743959,-0.0251121031030069,0.));
#4111=CARTESIAN_POINT('',(-0.0189208668743959,-0.0251121031030069,0.));
#4112=CARTESIAN_POINT('',(-0.0198461069909779,-0.0268854799931222,0.));
#4113=CARTESIAN_POINT('',(-0.0224255642856911,-0.0268854799931222,0.));
#4114=CARTESIAN_POINT('',(-0.0224255642856911,-0.0268854799931222,0.));
#4115=CARTESIAN_POINT('',(-0.0224255642856911,-0.0268854799931222,0.));
#4116=CARTESIAN_POINT('',(-0.0235610862469508,-0.0268854799931222,0.));
#4117=CARTESIAN_POINT('',(-0.0250050215804044,-0.0265770666209282,0.));
#4118=CARTESIAN_POINT('',(-0.0250050215804044,-0.0265770666209282,0.));
#4119=CARTESIAN_POINT('',(-0.0250050215804044,-0.0290303548088349,0.));
#4120=CARTESIAN_POINT('',(-0.0250050215804044,-0.0314836429967415,0.));
#4121=CARTESIAN_POINT('',(-0.0190215090026254,-0.00611458148372164,-1.59553517381929E-18));
#4122=CARTESIAN_POINT('',(-0.0237350026206078,-0.03175,0.));
#4123=CARTESIAN_POINT('',(-0.019650891864909,-0.03175,0.));
#4124=CARTESIAN_POINT('',(0.0649353419684106,-0.0317499999902719,0.));
#4125=CARTESIAN_POINT('',(0.0691756066566447,-0.0326331837476464,0.));
#4126=CARTESIAN_POINT('',(0.0744442721625091,-0.0326331837476464,0.));
#4127=CARTESIAN_POINT('',(0.0649353419684106,-0.03175,0.));
#4128=CARTESIAN_POINT('',(0.0744442721625091,-0.0326331837476464,0.));
#4129=CARTESIAN_POINT('',(0.0744442721625091,-0.0326331837476464,0.));
#4130=CARTESIAN_POINT('',(0.0797963422821955,-0.0326331837476464,0.));
#4131=CARTESIAN_POINT('',(0.084080541436267,-0.0317500000000314,0.));
#4132=CARTESIAN_POINT('',(0.084080541436267,-0.0317500000000314,0.));
#4133=CARTESIAN_POINT('',(0.084080541436267,-0.0317500000000314,0.));
#4134=CARTESIAN_POINT('',(0.0978520460009463,-0.02891101689623,0.));
#4135=CARTESIAN_POINT('',(0.100589314850772,-0.0169461581346889,0.));
#4136=CARTESIAN_POINT('',(0.100589314850772,-0.016946158134689,0.));
#4137=CARTESIAN_POINT('',(0.0965378846433143,-0.0161330683352684,0.));
#4138=CARTESIAN_POINT('',(0.092486454435857,-0.015319978535848,0.));
#4139=CARTESIAN_POINT('',(0.092486454435857,-0.015319978535848,0.));
#4140=CARTESIAN_POINT('',(0.0910845754713389,-0.0208854380249847,0.));
#4141=CARTESIAN_POINT('',(0.0865284688366551,-0.0234929328989884,0.));
#4142=CARTESIAN_POINT('',(0.0865284688366551,-0.0234929328989884,0.));
#4143=CARTESIAN_POINT('',(0.0865284688366551,-0.0234929328989884,0.));
#4144=CARTESIAN_POINT('',(0.0819723622019713,-0.0261004277729921,0.));
#4145=CARTESIAN_POINT('',(0.0741358587903152,-0.0261004277729921,0.));
#4146=CARTESIAN_POINT('',(0.0741358587903152,-0.0261004277729921,0.));
#4147=CARTESIAN_POINT('',(0.0741358587903152,-0.0261004277729921,0.));
#4148=CARTESIAN_POINT('',(0.0660329983754006,-0.0261004277729921,0.));
#4149=CARTESIAN_POINT('',(0.0616310984268138,-0.0233176980284237,0.));
#4150=CARTESIAN_POINT('',(0.0616310984268138,-0.0233176980284237,0.));
#4151=CARTESIAN_POINT('',(0.0616310984268138,-0.0233176980284237,0.));
#4152=CARTESIAN_POINT('',(0.0572291984782269,-0.0205349682838552,0.));
#4153=CARTESIAN_POINT('',(0.0572291984782269,-0.0151517530601058,0.));
#4154=CARTESIAN_POINT('',(0.0572291984782269,-0.0151517530601058,0.));
#4155=CARTESIAN_POINT('',(0.0572291984782269,-0.0151517530601058,0.));
#4156=CARTESIAN_POINT('',(0.0572291984782269,-0.0121236944967467,0.));
#4157=CARTESIAN_POINT('',(0.0586030398634547,-0.0102381672894698,0.));
#4158=CARTESIAN_POINT('',(0.0586030398634547,-0.0102381672894698,0.));
#4159=CARTESIAN_POINT('',(0.0586030398634547,-0.0102381672894698,0.));
#4160=CARTESIAN_POINT('',(0.0599768812486824,-0.00835264008219301,0.));
#4161=CARTESIAN_POINT('',(0.0624792352003472,-0.00712599598823968,0.));
#4162=CARTESIAN_POINT('',(0.0624792352003472,-0.00712599598823968,0.));
#4163=CARTESIAN_POINT('',(0.0624792352003472,-0.00712599598823968,0.));
#4164=CARTESIAN_POINT('',(0.064981589152012,-0.00589935189428635,0.));
#4165=CARTESIAN_POINT('',(0.0684372207995491,-0.00506523391039808,0.));
#4166=CARTESIAN_POINT('',(0.0684372207995491,-0.00506523391039808,0.));
#4167=CARTESIAN_POINT('',(0.201762645337197,-0.559504665305941,0.));
#4168=CARTESIAN_POINT('',(0.0760984893406405,-0.00327783823063752,0.));
#4169=CARTESIAN_POINT('',(0.0760984893406405,-0.00327783823063752,0.));
#4170=CARTESIAN_POINT('',(0.0834162975354249,-0.00165165863179652,0.));
#4171=CARTESIAN_POINT('',(0.0872083801344464,-3.24884277781226E-5,0.));
#4172=CARTESIAN_POINT('',(0.0872083801344464,-3.24884277781226E-5,0.));
#4173=CARTESIAN_POINT('',(0.0872083801344464,-3.24884277781226E-5,0.));
#4174=CARTESIAN_POINT('',(0.0910004627334678,0.00158668177624028,0.));
#4175=CARTESIAN_POINT('',(0.093187393918116,0.00358435930067856,0.));
#4176=CARTESIAN_POINT('',(0.093187393918116,0.00358435930067856,0.));
#4177=CARTESIAN_POINT('',(0.093187393918116,0.00358435930067856,0.));
#4178=CARTESIAN_POINT('',(0.0953743251027643,0.00558203682511684,0.));
#4179=CARTESIAN_POINT('',(0.0965378846433143,0.00825261625252381,0.));
#4180=CARTESIAN_POINT('',(0.0965378846433143,0.00825261625252381,0.));
#4181=CARTESIAN_POINT('',(0.0965378846433143,0.00825261625252381,0.));
#4182=CARTESIAN_POINT('',(0.0977014441838643,0.0109231956799308,0.));
#4183=CARTESIAN_POINT('',(0.0977014441838643,0.0143858367222905,0.));
#4184=CARTESIAN_POINT('',(0.0977014441838643,0.0143858367222905,0.));
#4185=CARTESIAN_POINT('',(0.0977014441838643,0.0143858367222905,0.));
#4186=CARTESIAN_POINT('',(0.0977014441838643,0.0223064528718177,0.));
#4187=CARTESIAN_POINT('',(0.0916313082675009,0.0266032118980656,0.));
#4188=CARTESIAN_POINT('',(0.0916313082675009,0.0266032118980656,0.));
#4189=CARTESIAN_POINT('',(0.0916313082675009,0.0266032118980656,0.));
#4190=CARTESIAN_POINT('',(0.0855611723511376,0.0308999709243136,0.));
#4191=CARTESIAN_POINT('',(0.0742620278971218,0.0308999709243136,0.));
#4192=CARTESIAN_POINT('',(0.0742620278971218,0.0308999709243136,0.));
#4193=CARTESIAN_POINT('',(0.0742620278971218,0.0308999709243136,0.));
#4194=CARTESIAN_POINT('',(0.0637479356632361,0.0308999709243136,0.));
#4195=CARTESIAN_POINT('',(0.0581824761740992,0.027675649305922,0.));
#4196=CARTESIAN_POINT('',(0.0581824761740992,0.027675649305922,0.));
#4197=CARTESIAN_POINT('',(0.0581824761740992,0.027675649305922,0.));
#4198=CARTESIAN_POINT('',(0.0526170166849624,0.0244513276875304,0.));
#4199=CARTESIAN_POINT('',(0.0503880291313786,0.0166989370137453,0.));
#4200=CARTESIAN_POINT('',(0.0503880291313786,0.0166989370137453,0.));
#4201=CARTESIAN_POINT('',(0.0545095532870618,0.0159769693470185,0.));
#4202=CARTESIAN_POINT('',(0.058631077442745,0.0152550016802917,0.));
#4203=CARTESIAN_POINT('',(0.058631077442745,0.0152550016802917,0.));
#4204=CARTESIAN_POINT('',(0.0599768812486824,0.020161578056105,0.));
#4205=CARTESIAN_POINT('',(0.0637899920321716,0.0223765468200436,0.));
#4206=CARTESIAN_POINT('',(0.0637899920321716,0.0223765468200436,0.));
#4207=CARTESIAN_POINT('',(0.0637899920321716,0.0223765468200436,0.));
#4208=CARTESIAN_POINT('',(0.0676031028156608,0.0245915155839822,0.));
#4209=CARTESIAN_POINT('',(0.0743461406349929,0.0245915155839822,0.));
#4210=CARTESIAN_POINT('',(0.0743461406349929,0.0245915155839822,0.));
#4211=CARTESIAN_POINT('',(0.0743461406349929,0.0245915155839822,0.));
#4212=CARTESIAN_POINT('',(0.0817620803572936,0.0245915155839822,0.));
#4213=CARTESIAN_POINT('',(0.0856593038786539,0.0221382273960755,0.));
#4214=CARTESIAN_POINT('',(0.0856593038786539,0.0221382273960755,0.));
#4215=CARTESIAN_POINT('',(0.0856593038786539,0.0221382273960755,0.));
#4216=CARTESIAN_POINT('',(0.0895565274000142,0.0196849392081689,0.));
#4217=CARTESIAN_POINT('',(0.0895565274000142,0.0148204192012911,0.));
#4218=CARTESIAN_POINT('',(0.0895565274000142,0.0148204192012911,0.));
#4219=CARTESIAN_POINT('',(0.0895565274000142,0.0148204192012911,0.));
#4220=CARTESIAN_POINT('',(0.0895565274000142,0.0119746049033193,0.));
#4221=CARTESIAN_POINT('',(0.0880424981183346,0.0101101058805103,0.));
#4222=CARTESIAN_POINT('',(0.0880424981183346,0.0101101058805103,0.));
#4223=CARTESIAN_POINT('',(0.0880424981183346,0.0101101058805103,0.));
#4224=CARTESIAN_POINT('',(0.0865284688366551,0.00824560685770122,0.));
#4225=CARTESIAN_POINT('',(0.0836826545386834,0.00695587821034457,0.));
#4226=CARTESIAN_POINT('',(0.0836826545386834,0.00695587821034457,0.));
#4227=CARTESIAN_POINT('',(0.0836826545386834,0.00695587821034457,0.));
#4228=CARTESIAN_POINT('',(0.0808368402407116,0.00566614956298792,0.));
#4229=CARTESIAN_POINT('',(0.072341453715732,0.00377361296088849,0.));
#4230=CARTESIAN_POINT('',(0.072341453715732,0.00377361296088849,0.));
#4231=CARTESIAN_POINT('',(0.172991750788318,-0.440413497602996,-2.78875614745435E-17));
#4232=CARTESIAN_POINT('',(0.0666639377763257,0.00244844296269131,0.));
#4233=CARTESIAN_POINT('',(0.0779536112771553,-0.0449837339221096,0.));
#4234=CARTESIAN_POINT('',(0.0612525911063939,0.000822657740577909,0.));
#4235=CARTESIAN_POINT('',(0.0612525911063939,0.000822657740577909,0.));
#4236=CARTESIAN_POINT('',(0.0586731338116806,-0.000123610560471804,0.));
#4237=CARTESIAN_POINT('',(0.0564161086788064,-0.00139231102336068,0.));
#4238=CARTESIAN_POINT('',(0.0564161086788064,-0.00139231102336068,0.));
#4239=CARTESIAN_POINT('',(0.0564161086788064,-0.00139231102336068,0.));
#4240=CARTESIAN_POINT('',(0.0541590835459323,-0.00266101148624955,0.));
#4241=CARTESIAN_POINT('',(0.0524908475781558,-0.00449747292976826,0.));
#4242=CARTESIAN_POINT('',(0.0524908475781558,-0.00449747292976826,0.));
#4243=CARTESIAN_POINT('',(0.0524908475781558,-0.00449747292976826,0.));
#4244=CARTESIAN_POINT('',(0.0508226116103793,-0.00633393437328696,0.));
#4245=CARTESIAN_POINT('',(0.0498833527041521,-0.00883628832495176,0.));
#4246=CARTESIAN_POINT('',(0.0498833527041521,-0.00883628832495176,0.));
#4247=CARTESIAN_POINT('',(0.0498833527041521,-0.00883628832495176,0.));
#4248=CARTESIAN_POINT('',(0.048944093797925,-0.0113386422766166,0.));
#4249=CARTESIAN_POINT('',(0.048944093797925,-0.01470315179146,0.));
#4250=CARTESIAN_POINT('',(0.048944093797925,-0.01470315179146,0.));
#4251=CARTESIAN_POINT('',(0.048944093797925,-0.01470315179146,0.));
#4252=CARTESIAN_POINT('',(0.048944093797925,-0.0232546134750203,0.));
#4253=CARTESIAN_POINT('',(0.0556240470638537,-0.0279438986113334,0.));
#4254=CARTESIAN_POINT('',(0.0556240470638537,-0.0279438986113334,0.));
#4255=CARTESIAN_POINT('',(0.0556240470638537,-0.0279438986113334,0.));
#4256=CARTESIAN_POINT('',(0.059405017519685,-0.0305981160666861,0.));
#4257=CARTESIAN_POINT('',(0.0649353419684106,-0.0317499999902719,0.));
#4258=CARTESIAN_POINT('',(-2.77555756156289E-17,-0.0508,0.00127));
#4259=CARTESIAN_POINT('',(-0.046228,-0.0508,0.00562));
#4260=CARTESIAN_POINT('',(-0.046228,-0.0508,0.00562));
#4261=CARTESIAN_POINT('',(-0.046228,-0.0508,0.00127));
#4262=CARTESIAN_POINT('',(-2.77555756156289E-17,-0.0508,0.00562));
#4263=CARTESIAN_POINT('',(-0.079248,-0.0508,0.00562));
#4264=CARTESIAN_POINT('',(-0.079248,-0.0508,0.00562));
#4265=CARTESIAN_POINT('',(-0.079248,-0.0508,0.00127));
#4266=CARTESIAN_POINT('',(-2.77555756156289E-17,-0.0508,0.00127));
#4267=CARTESIAN_POINT('',(-0.168148,-0.0508,0.00127));
#4268=CARTESIAN_POINT('',(-0.168148,-0.0508,0.00127));
#4269=CARTESIAN_POINT('',(-0.168148,-0.0508,0.0127));
#4270=CARTESIAN_POINT('',(-2.77555756156289E-17,-0.0508,0.0127));
#4271=CARTESIAN_POINT('',(0.142748,-0.0508,0.0127));
#4272=CARTESIAN_POINT('',(0.142748,-0.0508,0.0117));
#4273=CARTESIAN_POINT('',(0.142748,-0.0508,0.0117));
#4274=CARTESIAN_POINT('',(-2.77555756156289E-17,-0.0508,0.0117));
#4275=CARTESIAN_POINT('',(0.168148,-0.0508,0.0117));
#4276=CARTESIAN_POINT('',(0.168148,-0.0508,0.00127));
#4277=CARTESIAN_POINT('',(0.168148,-0.0508,0.00127));
#4278=CARTESIAN_POINT('',(-2.77555756156289E-17,-0.0508,0.00127));
#4279=CARTESIAN_POINT('',(0.002032,-0.0508,0.00127));
#4280=CARTESIAN_POINT('',(0.002032,-0.0508,0.00562));
#4281=CARTESIAN_POINT('',(0.002032,-0.0508,0.00562));
#4282=CARTESIAN_POINT('',(-2.77555756156289E-17,-0.0508,0.00562));
#4283=CARTESIAN_POINT('',(-0.025908,-0.0508,0.00562));
#4284=CARTESIAN_POINT('',(-0.025908,-0.0508,0.00562));
#4285=CARTESIAN_POINT('',(-0.025908,-0.0508,0.00127));
#4286=CARTESIAN_POINT('',(-2.77555756156289E-17,-0.0508,0.00127));
#4287=CARTESIAN_POINT('',(0.,6.24500451351651E-17,0.00127));
#4288=CARTESIAN_POINT('',(-1.38777878078145E-17,0.0508,0.00127));
#4289=CARTESIAN_POINT('',(0.0622868466258049,0.0508,0.00127));
#4290=CARTESIAN_POINT('',(0.168148,0.0508,0.00127));
#4291=CARTESIAN_POINT('',(0.0622868466258049,0.0483489,0.00127));
#4292=CARTESIAN_POINT('',(0.0622868466258049,0.0458978,0.00127));
#4293=CARTESIAN_POINT('',(-0.0266131533741951,0.0458978,0.00127));
#4294=CARTESIAN_POINT('',(-0.115513153374195,0.0458978,0.00127));
#4295=CARTESIAN_POINT('',(-0.115513153374195,0.0483489,0.00127));
#4296=CARTESIAN_POINT('',(-0.115513153374195,0.0508,0.00127));
#4297=CARTESIAN_POINT('',(-1.38777878078145E-17,0.0508,0.00127));
#4298=CARTESIAN_POINT('',(-0.168148,0.0508,0.00127));
#4299=CARTESIAN_POINT('',(-0.168148,3.46944695195361E-17,0.00127));
#4300=CARTESIAN_POINT('',(-0.079248,-0.04191,0.00127));
#4301=CARTESIAN_POINT('',(-0.079248,-0.03302,0.00127));
#4302=CARTESIAN_POINT('',(-0.062738,-0.03302,0.00127));
#4303=CARTESIAN_POINT('',(-0.046228,-0.03302,0.00127));
#4304=CARTESIAN_POINT('',(-0.046228,-0.04191,0.00127));
#4305=CARTESIAN_POINT('',(-0.025908,-0.04191,0.00127));
#4306=CARTESIAN_POINT('',(-0.025908,-0.03302,0.00127));
#4307=CARTESIAN_POINT('',(-0.011938,-0.03302,0.00127));
#4308=CARTESIAN_POINT('',(0.002032,-0.03302,0.00127));
#4309=CARTESIAN_POINT('',(0.002032,-0.04191,0.00127));
#4310=CARTESIAN_POINT('',(0.168148,3.46944695195361E-17,0.00127));
#4311=CARTESIAN_POINT('',(0.,-6.93889390390723E-18,0.0127));
#4312=CARTESIAN_POINT('',(0.175895,-0.05588,0.0127));
#4313=CARTESIAN_POINT('',(-0.174625,-0.05588,0.0127));
#4314=CARTESIAN_POINT('',(0.174625,-0.05588,0.0127));
#4315=CARTESIAN_POINT('',(0.174625,-6.93889390390723E-18,0.0127));
#4316=CARTESIAN_POINT('',(0.174625,0.05588,0.0127));
#4317=CARTESIAN_POINT('',(0.,0.05588,0.0127));
#4318=CARTESIAN_POINT('',(-0.174625,0.05588,0.0127));
#4319=CARTESIAN_POINT('',(-0.174625,-0.05715,0.0127));
#4320=CARTESIAN_POINT('',(-0.168148,3.46944695195361E-17,0.0127));
#4321=CARTESIAN_POINT('',(-0.168148,0.0508,0.0127));
#4322=CARTESIAN_POINT('',(-1.38777878078145E-17,0.0508,0.0127));
#4323=CARTESIAN_POINT('',(0.142748,0.0508,0.0127));
#4324=CARTESIAN_POINT('',(0.142748,6.93889390390723E-18,0.0127));
#4325=CARTESIAN_POINT('',(0.,0.05715,0.0127));
#4326=CARTESIAN_POINT('',(0.159341837172508,0.05715,0.00516));
#4327=CARTESIAN_POINT('',(0.148727740983963,0.05715,0.00516));
#4328=CARTESIAN_POINT('',(0.160611837172508,0.05715,0.00516));
#4329=CARTESIAN_POINT('',(0.160611837172508,0.05715,0.01143));
#4330=CARTESIAN_POINT('',(0.160611837172508,0.05715,0.01143));
#4331=CARTESIAN_POINT('',(0.,0.05715,0.01143));
#4332=CARTESIAN_POINT('',(0.174625,0.05715,0.01143));
#4333=CARTESIAN_POINT('',(0.174625,0.05715,0.0127));
#4334=CARTESIAN_POINT('',(0.174625,0.05715,0.00127));
#4335=CARTESIAN_POINT('',(-0.175895,0.05715,0.00127));
#4336=CARTESIAN_POINT('',(-0.174625,0.05715,0.00127));
#4337=CARTESIAN_POINT('',(-0.174625,0.05715,0.0127));
#4338=CARTESIAN_POINT('',(-0.174625,0.05715,0.01143));
#4339=CARTESIAN_POINT('',(0.,0.05715,0.01143));
#4340=CARTESIAN_POINT('',(0.148727740983963,0.05715,0.01143));
#4341=CARTESIAN_POINT('',(0.148727740983963,0.05715,0.00643));
#4342=CARTESIAN_POINT('',(-0.175895,-6.93889390390723E-18,0.0127));
#4343=CARTESIAN_POINT('',(-0.175895,0.05588,0.));
#4344=CARTESIAN_POINT('',(-0.175895,0.05588,0.01143));
#4345=CARTESIAN_POINT('',(-0.175895,0.05588,0.00127));
#4346=CARTESIAN_POINT('',(-0.175895,-6.93889390390723E-18,0.00127));
#4347=CARTESIAN_POINT('',(-0.175895,-0.05588,0.00127));
#4348=CARTESIAN_POINT('',(-0.175895,-0.05588,0.0127));
#4349=CARTESIAN_POINT('',(-0.175895,-0.05588,0.01143));
#4350=CARTESIAN_POINT('',(-0.175895,0.05715,0.01143));
#4351=CARTESIAN_POINT('',(0.,-0.05715,0.0127));
#4352=CARTESIAN_POINT('',(-0.174625,-0.05715,0.0127));
#4353=CARTESIAN_POINT('',(-0.174625,-0.05715,0.01143));
#4354=CARTESIAN_POINT('',(-0.174625,-0.05715,0.00127));
#4355=CARTESIAN_POINT('',(0.,-0.05715,0.00127));
#4356=CARTESIAN_POINT('',(0.174625,-0.05715,0.00127));
#4357=CARTESIAN_POINT('',(0.174625,-0.05715,0.0127));
#4358=CARTESIAN_POINT('',(0.174625,-0.05715,0.01143));
#4359=CARTESIAN_POINT('',(-0.175895,-0.05715,0.01143));
#4360=CARTESIAN_POINT('',(0.175895,-6.93889390390723E-18,0.0127));
#4361=CARTESIAN_POINT('',(0.175895,-0.05588,0.));
#4362=CARTESIAN_POINT('',(0.175895,-0.05588,0.01143));
#4363=CARTESIAN_POINT('',(0.175895,-0.05588,0.00127));
#4364=CARTESIAN_POINT('',(0.175895,0.05715,0.00127));
#4365=CARTESIAN_POINT('',(0.175895,0.05588,0.00127));
#4366=CARTESIAN_POINT('',(0.175895,0.05588,0.0127));
#4367=CARTESIAN_POINT('',(0.175895,0.05588,0.01143));
#4368=CARTESIAN_POINT('',(0.175895,-6.93889390390723E-18,0.01143));
#4369=CARTESIAN_POINT('',(-1.38777878078145E-17,0.0508,0.00127));
#4370=CARTESIAN_POINT('',(-0.115513153374195,0.0508,0.00562));
#4371=CARTESIAN_POINT('',(-0.115513153374195,0.0508,0.00562));
#4372=CARTESIAN_POINT('',(-1.38777878078145E-17,0.0508,0.00562));
#4373=CARTESIAN_POINT('',(0.0622868466258049,0.0508,0.00562));
#4374=CARTESIAN_POINT('',(0.0622868466258049,0.0508,0.00562));
#4375=CARTESIAN_POINT('',(0.168148,0.0508,0.00127));
#4376=CARTESIAN_POINT('',(0.168148,0.0508,0.0117));
#4377=CARTESIAN_POINT('',(-1.38777878078145E-17,0.0508,0.0117));
#4378=CARTESIAN_POINT('',(0.142748,0.0508,0.0117));
#4379=CARTESIAN_POINT('',(0.142748,0.0508,0.0117));
#4380=CARTESIAN_POINT('',(-0.168148,0.0508,0.00127));
#4381=CARTESIAN_POINT('',(-1.38777878078145E-17,0.0508,0.01143));
#4382=CARTESIAN_POINT('',(0.159341837172508,0.0508,0.01143));
#4383=CARTESIAN_POINT('',(0.149997740983963,0.0508,0.01143));
#4384=CARTESIAN_POINT('',(0.159341837172508,0.0508,0.00127));
#4385=CARTESIAN_POINT('',(0.159341837172508,0.0508,0.00643));
#4386=CARTESIAN_POINT('',(-1.29198382153206E-17,0.0508,0.00643));
#4387=CARTESIAN_POINT('',(0.149997740983963,0.0508,0.00643));
#4388=CARTESIAN_POINT('',(0.149997740983963,0.0508,0.00127));
#4389=CARTESIAN_POINT('',(-0.168148,3.46944695195361E-17,0.00127));
#4390=CARTESIAN_POINT('',(0.168148,3.46944695195361E-17,0.00127));
#4391=CARTESIAN_POINT('',(0.168148,3.46944695195361E-17,0.0117));
#4392=CARTESIAN_POINT('',(0.,0.05588,0.01143));
#4393=CARTESIAN_POINT('',(-0.174625,0.05588,0.01143));
#4394=CARTESIAN_POINT('',(0.174625,0.05588,0.01143));
#4395=CARTESIAN_POINT('',(0.,0.05715,0.01143));
#4396=CARTESIAN_POINT('',(-0.174625,0.05588,0.01143));
#4397=CARTESIAN_POINT('',(-0.174625,0.05588,0.01143));
#4398=CARTESIAN_POINT('',(-0.174625,0.05588,0.01143));
#4399=CARTESIAN_POINT('',(0.174625,0.05588,0.01143));
#4400=CARTESIAN_POINT('',(0.174625,0.05588,0.01143));
#4401=CARTESIAN_POINT('',(0.174625,0.05588,0.01143));
#4402=CARTESIAN_POINT('',(-0.174625,0.05588,0.0127));
#4403=CARTESIAN_POINT('',(-0.174625,0.05588,0.00127));
#4404=CARTESIAN_POINT('',(-0.174625,-6.93889390390723E-18,0.01143));
#4405=CARTESIAN_POINT('',(-0.174625,-0.05588,0.01143));
#4406=CARTESIAN_POINT('',(0.,-0.05588,0.01143));
#4407=CARTESIAN_POINT('',(0.174625,-0.05588,0.01143));
#4408=CARTESIAN_POINT('',(-0.174625,-0.05588,0.01143));
#4409=CARTESIAN_POINT('',(0.174625,-6.93889390390723E-18,0.01143));
#4410=CARTESIAN_POINT('',(0.174625,-0.05588,0.01143));
#4411=CARTESIAN_POINT('',(0.174625,0.05588,0.0127));
#4412=CARTESIAN_POINT('',(0.174625,0.05588,0.00127));
#4413=CARTESIAN_POINT('',(0.,0.05588,0.00127));
#4414=CARTESIAN_POINT('',(-0.174625,0.05588,0.00127));
#4415=CARTESIAN_POINT('',(0.174625,0.05588,0.00127));
#4416=CARTESIAN_POINT('',(-0.174625,0.05588,0.00127));
#4417=CARTESIAN_POINT('',(-0.174625,0.05588,0.00127));
#4418=CARTESIAN_POINT('',(-0.174625,-0.05588,0.01143));
#4419=CARTESIAN_POINT('',(-0.174625,-0.05588,0.01143));
#4420=CARTESIAN_POINT('',(0.174625,-0.05588,0.01143));
#4421=CARTESIAN_POINT('',(0.174625,-0.05588,0.01143));
#4422=CARTESIAN_POINT('',(0.174625,0.05588,0.00127));
#4423=CARTESIAN_POINT('',(0.174625,0.05588,0.00127));
#4424=CARTESIAN_POINT('',(-0.174625,-6.93889390390723E-18,0.00127));
#4425=CARTESIAN_POINT('',(-0.174625,-0.05588,0.00127));
#4426=CARTESIAN_POINT('',(-0.174625,-0.05588,0.0127));
#4427=CARTESIAN_POINT('',(-0.174625,-0.05588,0.00127));
#4428=CARTESIAN_POINT('',(0.174625,-0.05588,0.0127));
#4429=CARTESIAN_POINT('',(0.174625,-0.05588,0.00127));
#4430=CARTESIAN_POINT('',(0.174625,-6.93889390390723E-18,0.00127));
#4431=CARTESIAN_POINT('',(0.174625,-0.05588,0.00127));
#4432=CARTESIAN_POINT('',(-0.174625,-0.05588,0.00127));
#4433=CARTESIAN_POINT('',(-0.174625,-0.05588,0.00127));
#4434=CARTESIAN_POINT('',(0.174625,-0.05588,0.00127));
#4435=CARTESIAN_POINT('',(0.174625,-0.05588,0.00127));
#4436=CARTESIAN_POINT('',(0.,-0.05588,0.00127));
#4437=CARTESIAN_POINT('',(0.,0.03175,0.01143));
#4438=CARTESIAN_POINT('',(0.149997740983963,0.03175,0.01143));
#4439=CARTESIAN_POINT('',(0.149997740983963,0.05588,0.01143));
#4440=CARTESIAN_POINT('',(0.148727740983963,0.05588,0.01143));
#4441=CARTESIAN_POINT('',(0.160611837172508,0.05588,0.01143));
#4442=CARTESIAN_POINT('',(0.159341837172508,0.05588,0.01143));
#4443=CARTESIAN_POINT('',(0.159341837172508,0.03175,0.01143));
#4444=CARTESIAN_POINT('',(0.159341837172508,0.03175,0.00893));
#4445=CARTESIAN_POINT('',(0.159341837172508,0.05588,0.00643));
#4446=CARTESIAN_POINT('',(0.159341837172508,0.05588,0.00643));
#4447=CARTESIAN_POINT('',(0.159341837172508,0.03175,0.00643));
#4448=CARTESIAN_POINT('',(0.154669789078236,0.03175,0.00643));
#4449=CARTESIAN_POINT('',(0.149997740983963,0.05588,0.00643));
#4450=CARTESIAN_POINT('',(0.149997740983963,0.05588,0.00643));
#4451=CARTESIAN_POINT('',(0.149997740983963,0.03175,0.00643));
#4452=CARTESIAN_POINT('',(0.149997740983963,0.03175,0.00893));
#4453=CARTESIAN_POINT('',(0.149997740983963,0.05588,0.01143));
#4454=CARTESIAN_POINT('',(0.142748,6.93889390390723E-18,0.0117));
#4455=CARTESIAN_POINT('',(0.142748,6.93889390390723E-18,0.0117));
#4456=CARTESIAN_POINT('',(2.77555756156289E-17,0.,0.0117));
#4457=CARTESIAN_POINT('',(-0.025908,-0.04191,0.00562));
#4458=CARTESIAN_POINT('',(-0.025908,-0.04191,0.00562));
#4459=CARTESIAN_POINT('',(-0.025908,-0.03302,0.00562));
#4460=CARTESIAN_POINT('',(-0.025908,-0.03302,0.00562));
#4461=CARTESIAN_POINT('',(0.002032,-0.04191,0.00562));
#4462=CARTESIAN_POINT('',(0.002032,-0.03302,0.00562));
#4463=CARTESIAN_POINT('',(0.002032,-0.03302,0.00562));
#4464=CARTESIAN_POINT('',(0.002032,-0.04191,0.00562));
#4465=CARTESIAN_POINT('',(-0.011938,-0.03302,0.00562));
#4466=CARTESIAN_POINT('',(-0.011938,-0.03302,0.00562));
#4467=CARTESIAN_POINT('',(0.,3.46944695195361E-17,0.00562));
#4468=CARTESIAN_POINT('',(-0.079248,-0.04191,0.00562));
#4469=CARTESIAN_POINT('',(-0.079248,-0.04191,0.00562));
#4470=CARTESIAN_POINT('',(-0.079248,-0.03302,0.00562));
#4471=CARTESIAN_POINT('',(-0.079248,-0.03302,0.00562));
#4472=CARTESIAN_POINT('',(-0.046228,-0.04191,0.00562));
#4473=CARTESIAN_POINT('',(-0.046228,-0.03302,0.00562));
#4474=CARTESIAN_POINT('',(-0.046228,-0.03302,0.00562));
#4475=CARTESIAN_POINT('',(-0.046228,-0.04191,0.00562));
#4476=CARTESIAN_POINT('',(-0.062738,-0.03302,0.00562));
#4477=CARTESIAN_POINT('',(-0.062738,-0.03302,0.00562));
#4478=CARTESIAN_POINT('',(0.,3.46944695195361E-17,0.00562));
#4479=CARTESIAN_POINT('',(-0.115513153374195,0.0483489,0.00562));
#4480=CARTESIAN_POINT('',(-0.115513153374195,0.0458978,0.00562));
#4481=CARTESIAN_POINT('',(-0.115513153374195,0.0458978,0.00562));
#4482=CARTESIAN_POINT('',(-0.115513153374195,0.0483489,0.00562));
#4483=CARTESIAN_POINT('',(-0.0266131533741951,0.0458978,0.00562));
#4484=CARTESIAN_POINT('',(0.0622868466258049,0.0458978,0.00562));
#4485=CARTESIAN_POINT('',(0.0622868466258049,0.0458978,0.00562));
#4486=CARTESIAN_POINT('',(-0.0266131533741951,0.0458978,0.00562));
#4487=CARTESIAN_POINT('',(0.0622868466258049,0.0483489,0.00562));
#4488=CARTESIAN_POINT('',(0.0622868466258049,0.0483489,0.00562));
#4489=CARTESIAN_POINT('',(0.,3.46944695195361E-17,0.00562));
#4490=CARTESIAN_POINT('',(0.148727740983963,0.05588,0.00893));
#4491=CARTESIAN_POINT('',(0.148727740983963,0.05588,0.00516));
#4492=CARTESIAN_POINT('',(0.154669789078236,0.05588,0.00516));
#4493=CARTESIAN_POINT('',(0.160611837172508,0.05588,0.00516));
#4494=CARTESIAN_POINT('',(0.160611837172508,0.05588,0.00893));
#4495=CARTESIAN_POINT('',(-0.0680613161934207,-0.0317500000001234,0.0008));
#4496=CARTESIAN_POINT('',(-0.0680613161934207,-0.0317500000001234,0.));
#4497=CARTESIAN_POINT('',(-0.0644679090924214,-0.0307704380526597,0.0008));
#4498=CARTESIAN_POINT('',(-0.0644679090924214,-0.0307704380526597,0.));
#4499=CARTESIAN_POINT('',(-0.06152710565926,-0.0289760329780355,0.0008));
#4500=CARTESIAN_POINT('',(-0.06152710565926,-0.0289760329780355,0.));
#4501=CARTESIAN_POINT('',(-0.0592389058939363,-0.0263667847762506,0.0008));
#4502=CARTESIAN_POINT('',(-0.0592389058939363,-0.0263667847762506,0.));
#4503=CARTESIAN_POINT('',(-0.0680613161934207,-0.0317500000001234,0.0008));
#4504=CARTESIAN_POINT('',(-0.0680613161934207,-0.0317500000001234,0.0008));
#4505=CARTESIAN_POINT('',(-0.0680613161934207,-0.0317500000001234,0.0008));
#4506=CARTESIAN_POINT('',(-0.0626712055419218,-0.0302806570789279,0.0008));
#4507=CARTESIAN_POINT('',(-0.0592389058939363,-0.0263667847762506,0.0008));
#4508=CARTESIAN_POINT('',(-0.0592389058939363,-0.0263667847762506,0.0008));
#4509=CARTESIAN_POINT('',(-0.0592389058939363,-0.0263667847762506,0.0008));
#4510=CARTESIAN_POINT('',(-0.0752483636687329,-0.0326331837476464,0.0008));
#4511=CARTESIAN_POINT('',(-0.0752483636687329,-0.0326331837476464,0.));
#4512=CARTESIAN_POINT('',(-0.0726169020706138,-0.0326331837476464,0.0008));
#4513=CARTESIAN_POINT('',(-0.0726169020706138,-0.0326331837476464,0.));
#4514=CARTESIAN_POINT('',(-0.070221219578843,-0.0323387891651387,0.0008));
#4515=CARTESIAN_POINT('',(-0.070221219578843,-0.0323387891651387,0.));
#4516=CARTESIAN_POINT('',(-0.0680613161934207,-0.0317500000001234,0.0008));
#4517=CARTESIAN_POINT('',(-0.0680613161934207,-0.0317500000001234,0.));
#4518=CARTESIAN_POINT('',(-0.0752483636687329,-0.0326331837476464,0.0008));
#4519=CARTESIAN_POINT('',(-0.0752483636687329,-0.0326331837476464,0.0008));
#4520=CARTESIAN_POINT('',(-0.0752483636687329,-0.0326331837476464,0.0008));
#4521=CARTESIAN_POINT('',(-0.0713011712715542,-0.0326331837476464,0.0008));
#4522=CARTESIAN_POINT('',(-0.0680613161934207,-0.0317500000001234,0.0008));
#4523=CARTESIAN_POINT('',(-0.0828500021374773,-0.0317499999956462,0.0008));
#4524=CARTESIAN_POINT('',(-0.0828500021374773,-0.0317499999956462,0.));
#4525=CARTESIAN_POINT('',(-0.0805998587513266,-0.0323387891636464,0.0008));
#4526=CARTESIAN_POINT('',(-0.0805998587513266,-0.0323387891636464,0.));
#4527=CARTESIAN_POINT('',(-0.0780659792617451,-0.0326331837476464,0.0008));
#4528=CARTESIAN_POINT('',(-0.0780659792617451,-0.0326331837476464,0.));
#4529=CARTESIAN_POINT('',(-0.0752483636687329,-0.0326331837476464,0.0008));
#4530=CARTESIAN_POINT('',(-0.0752483636687329,-0.0326331837476464,0.));
#4531=CARTESIAN_POINT('',(-0.0828500021374773,-0.0317499999956462,0.0008));
#4532=CARTESIAN_POINT('',(-0.0828500021374773,-0.0317499999956462,0.0008));
#4533=CARTESIAN_POINT('',(-0.0828500021374773,-0.0317499999956462,0.0008));
#4534=CARTESIAN_POINT('',(-0.0794747870582512,-0.0326331837476464,0.0008));
#4535=CARTESIAN_POINT('',(-0.0752483636687329,-0.0326331837476464,0.0008));
#4536=CARTESIAN_POINT('',(-0.0945662557997922,-0.0214041332418565,0.0008));
#4537=CARTESIAN_POINT('',(-0.0945662557997922,-0.0214041332418565,0.));
#4538=CARTESIAN_POINT('',(-0.0925286347330309,-0.0267907156658689,0.0008));
#4539=CARTESIAN_POINT('',(-0.0925286347330309,-0.0267907156658689,0.));
#4540=CARTESIAN_POINT('',(-0.0886232168455926,-0.0302393379171321,0.0008));
#4541=CARTESIAN_POINT('',(-0.0886232168455926,-0.0302393379171321,0.));
#4542=CARTESIAN_POINT('',(-0.0828500021374773,-0.0317499999956462,0.0008));
#4543=CARTESIAN_POINT('',(-0.0828500021374773,-0.0317499999956462,0.));
#4544=CARTESIAN_POINT('',(-0.0945662557997922,-0.0214041332418565,0.0008));
#4545=CARTESIAN_POINT('',(-0.0945662557997922,-0.0214041332418565,0.0008));
#4546=CARTESIAN_POINT('',(-0.0945662557997922,-0.0214041332418565,0.0008));
#4547=CARTESIAN_POINT('',(-0.0915098241996503,-0.0294840068778751,0.0008));
#4548=CARTESIAN_POINT('',(-0.0828500021374773,-0.0317499999956462,0.0008));
#4549=CARTESIAN_POINT('',(-0.0911106241522551,-0.0204228179666938,0.0008));
#4550=CARTESIAN_POINT('',(-0.087654992504718,-0.0194415026915312,0.0008));
#4551=CARTESIAN_POINT('',(-0.087654992504718,-0.0194415026915312,0.0008));
#4552=CARTESIAN_POINT('',(-0.0911106241522551,-0.0204228179666938,0.0008));
#4553=CARTESIAN_POINT('',(-0.0834703837956315,-0.0246564924395384,0.0008));
#4554=CARTESIAN_POINT('',(-0.0834703837956315,-0.0246564924395384,0.));
#4555=CARTESIAN_POINT('',(-0.0855311458734731,-0.0232826510543107,0.0008));
#4556=CARTESIAN_POINT('',(-0.0855311458734731,-0.0232826510543107,0.));
#4557=CARTESIAN_POINT('',(-0.0869260154431686,-0.0215443211383083,0.0008));
#4558=CARTESIAN_POINT('',(-0.0869260154431686,-0.0215443211383083,0.));
#4559=CARTESIAN_POINT('',(-0.087654992504718,-0.0194415026915312,0.0008));
#4560=CARTESIAN_POINT('',(-0.087654992504718,-0.0194415026915312,0.));
#4561=CARTESIAN_POINT('',(-0.0834703837956315,-0.0246564924395384,0.0008));
#4562=CARTESIAN_POINT('',(-0.0834703837956315,-0.0246564924395384,0.0008));
#4563=CARTESIAN_POINT('',(-0.0834703837956315,-0.0246564924395384,0.0008));
#4564=CARTESIAN_POINT('',(-0.0865615269123939,-0.0225957303616968,0.0008));
#4565=CARTESIAN_POINT('',(-0.087654992504718,-0.0194415026915312,0.0008));
#4566=CARTESIAN_POINT('',(-0.0752483636687329,-0.02671725451738,0.0008));
#4567=CARTESIAN_POINT('',(-0.0752483636687329,-0.02671725451738,0.));
#4568=CARTESIAN_POINT('',(-0.078668948342157,-0.02671725451738,0.0008));
#4569=CARTESIAN_POINT('',(-0.078668948342157,-0.02671725451738,0.));
#4570=CARTESIAN_POINT('',(-0.0814096217177899,-0.0260303338247662,0.0008));
#4571=CARTESIAN_POINT('',(-0.0814096217177899,-0.0260303338247662,0.));
#4572=CARTESIAN_POINT('',(-0.0834703837956315,-0.0246564924395384,0.0008));
#4573=CARTESIAN_POINT('',(-0.0834703837956315,-0.0246564924395384,0.));
#4574=CARTESIAN_POINT('',(-0.0752483636687329,-0.02671725451738,0.0008));
#4575=CARTESIAN_POINT('',(-0.0752483636687329,-0.02671725451738,0.0008));
#4576=CARTESIAN_POINT('',(-0.0752483636687329,-0.02671725451738,0.0008));
#4577=CARTESIAN_POINT('',(-0.0803792406788691,-0.02671725451738,0.0008));
#4578=CARTESIAN_POINT('',(-0.0834703837956315,-0.0246564924395384,0.0008));
#4579=CARTESIAN_POINT('',(-0.0654001639429933,-0.0222873169895029,0.0008));
#4580=CARTESIAN_POINT('',(-0.0654001639429933,-0.0222873169895029,0.));
#4581=CARTESIAN_POINT('',(-0.067647843216104,-0.0252406086747543,0.0008));
#4582=CARTESIAN_POINT('',(-0.067647843216104,-0.0252406086747543,0.));
#4583=CARTESIAN_POINT('',(-0.0709305764580172,-0.02671725451738,0.0008));
#4584=CARTESIAN_POINT('',(-0.0709305764580172,-0.02671725451738,0.));
#4585=CARTESIAN_POINT('',(-0.0752483636687329,-0.02671725451738,0.0008));
#4586=CARTESIAN_POINT('',(-0.0752483636687329,-0.02671725451738,0.));
#4587=CARTESIAN_POINT('',(-0.0654001639429933,-0.0222873169895029,0.0008));
#4588=CARTESIAN_POINT('',(-0.0654001639429933,-0.0222873169895029,0.0008));
#4589=CARTESIAN_POINT('',(-0.0654001639429933,-0.0222873169895029,0.0008));
#4590=CARTESIAN_POINT('',(-0.0687716828526593,-0.02671725451738,0.0008));
#4591=CARTESIAN_POINT('',(-0.0752483636687329,-0.02671725451738,0.0008));
#4592=CARTESIAN_POINT('',(-0.0620286450333273,-0.00971246267777558,0.0008));
#4593=CARTESIAN_POINT('',(-0.0620286450333273,-0.00971246267777558,0.));
#4594=CARTESIAN_POINT('',(-0.0620286450333273,-0.0151424072003423,0.0008));
#4595=CARTESIAN_POINT('',(-0.0620286450333273,-0.0151424072003423,0.));
#4596=CARTESIAN_POINT('',(-0.0631524846698826,-0.0193340253042514,0.0008));
#4597=CARTESIAN_POINT('',(-0.0631524846698826,-0.0193340253042514,0.));
#4598=CARTESIAN_POINT('',(-0.0654001639429933,-0.0222873169895029,0.0008));
#4599=CARTESIAN_POINT('',(-0.0654001639429933,-0.0222873169895029,0.));
#4600=CARTESIAN_POINT('',(-0.0620286450333273,-0.00971246267777558,0.0008));
#4601=CARTESIAN_POINT('',(-0.0620286450333273,-0.00971246267777558,0.0008));
#4602=CARTESIAN_POINT('',(-0.0620286450333273,-0.00971246267777558,0.0008));
#4603=CARTESIAN_POINT('',(-0.0620286450333273,-0.0178573794616257,0.0008));
#4604=CARTESIAN_POINT('',(-0.0654001639429933,-0.0222873169895029,0.0008));
#4605=CARTESIAN_POINT('',(-0.0789353053454155,-0.00971246267777558,0.0008));
#4606=CARTESIAN_POINT('',(-0.0958419656575037,-0.00971246267777559,0.0008));
#4607=CARTESIAN_POINT('',(-0.0958419656575037,-0.00971246267777559,0.0008));
#4608=CARTESIAN_POINT('',(-0.0789353053454155,-0.00971246267777558,0.0008));
#4609=CARTESIAN_POINT('',(-0.0958419656575037,-0.0091867580660813,0.0008));
#4610=CARTESIAN_POINT('',(-0.0958419656575037,-0.00866105345438702,0.0008));
#4611=CARTESIAN_POINT('',(-0.0958419656575037,-0.00866105345438702,0.0008));
#4612=CARTESIAN_POINT('',(-0.0958419656575037,-0.0091867580660813,0.0008));
#4613=CARTESIAN_POINT('',(-0.0749399502965389,0.0165307115380031,0.0008));
#4614=CARTESIAN_POINT('',(-0.0749399502965389,0.0165307115380031,0.));
#4615=CARTESIAN_POINT('',(-0.0888746272038488,0.0165307115380031,0.0008));
#4616=CARTESIAN_POINT('',(-0.0888746272038488,0.0165307115380031,0.));
#4617=CARTESIAN_POINT('',(-0.0958419656575037,0.00813345654053976,0.0008));
#4618=CARTESIAN_POINT('',(-0.0958419656575037,0.00813345654053976,0.));
#4619=CARTESIAN_POINT('',(-0.0958419656575037,-0.00866105345438702,0.0008));
#4620=CARTESIAN_POINT('',(-0.0958419656575037,-0.00866105345438702,0.));
#4621=CARTESIAN_POINT('',(-0.0749399502965389,0.0165307115380031,0.0008));
#4622=CARTESIAN_POINT('',(-0.0749399502965389,0.0165307115380031,0.0008));
#4623=CARTESIAN_POINT('',(-0.0749399502965389,0.0165307115380031,0.0008));
#4624=CARTESIAN_POINT('',(-0.0958419656575037,0.0165307115380031,0.0008));
#4625=CARTESIAN_POINT('',(-0.0958419656575037,-0.00866105345438702,0.0008));
#4626=CARTESIAN_POINT('',(-0.0592389058939363,0.0102643125666072,0.0008));
#4627=CARTESIAN_POINT('',(-0.0592389058939363,0.0102643125666072,0.));
#4628=CARTESIAN_POINT('',(-0.0629024829212102,0.0144419118808712,0.0008));
#4629=CARTESIAN_POINT('',(-0.0629024829212102,0.0144419118808712,0.));
#4630=CARTESIAN_POINT('',(-0.0681361643887444,0.0165307115380031,0.0008));
#4631=CARTESIAN_POINT('',(-0.0681361643887444,0.0165307115380031,0.));
#4632=CARTESIAN_POINT('',(-0.0749399502965389,0.0165307115380031,0.0008));
#4633=CARTESIAN_POINT('',(-0.0749399502965389,0.0165307115380031,0.));
#4634=CARTESIAN_POINT('',(-0.0592389058939363,0.0102643125666072,0.0008));
#4635=CARTESIAN_POINT('',(-0.0592389058939363,0.0102643125666072,0.0008));
#4636=CARTESIAN_POINT('',(-0.0592389058939363,0.0102643125666072,0.0008));
#4637=CARTESIAN_POINT('',(-0.0647342714348472,0.0165307115380031,0.0008));
#4638=CARTESIAN_POINT('',(-0.0749399502965389,0.0165307115380031,0.0008));
#4639=CARTESIAN_POINT('',(-0.0537435403530253,-0.00773581333780507,0.0008));
#4640=CARTESIAN_POINT('',(-0.0537435403530253,-0.00773581333780507,0.));
#4641=CARTESIAN_POINT('',(-0.0537435403530253,8.66712842058903E-5,0.0008));
#4642=CARTESIAN_POINT('',(-0.0537435403530253,8.66712842058903E-5,0.));
#4643=CARTESIAN_POINT('',(-0.0555753288666623,0.00608671325234333,0.0008));
#4644=CARTESIAN_POINT('',(-0.0555753288666623,0.00608671325234333,0.));
#4645=CARTESIAN_POINT('',(-0.0592389058939363,0.0102643125666072,0.0008));
#4646=CARTESIAN_POINT('',(-0.0592389058939363,0.0102643125666072,0.));
#4647=CARTESIAN_POINT('',(-0.0537435403530253,-0.00773581333780507,0.0008));
#4648=CARTESIAN_POINT('',(-0.0537435403530253,-0.00773581333780507,0.0008));
#4649=CARTESIAN_POINT('',(-0.0537435403530253,-0.00773581333780507,0.0008));
#4650=CARTESIAN_POINT('',(-0.0537435403530253,0.00399791359521137,0.0008));
#4651=CARTESIAN_POINT('',(-0.0592389058939363,0.0102643125666072,0.0008));
#4652=CARTESIAN_POINT('',(-0.0876970488736536,-0.0036703643407026,0.0008));
#4653=CARTESIAN_POINT('',(-0.0876970488736536,-0.0036703643407026,0.));
#4654=CARTESIAN_POINT('',(-0.0872577934647713,0.00132967063274526,0.0008));
#4655=CARTESIAN_POINT('',(-0.0872577934647713,0.00132967063274526,0.));
#4656=CARTESIAN_POINT('',(-0.0859867565369415,0.0049745559404923,0.0008));
#4657=CARTESIAN_POINT('',(-0.0859867565369415,0.0049745559404923,0.));
#4658=CARTESIAN_POINT('',(-0.0838839380901643,0.00726429158253852,0.0008));
#4659=CARTESIAN_POINT('',(-0.0838839380901643,0.00726429158253852,0.));
#4660=CARTESIAN_POINT('',(-0.0876970488736536,-0.0036703643407026,0.));
#4661=CARTESIAN_POINT('',(-0.0870381657603301,0.00382968811946919,0.));
#4662=CARTESIAN_POINT('',(-0.0838839380901643,0.00726429158253852,0.));
#4663=CARTESIAN_POINT('',(-0.0876970488736536,-0.0036703643407026,0.));
#4664=CARTESIAN_POINT('',(-0.0838839380901643,0.00726429158253852,0.));
#4665=CARTESIAN_POINT('',(-0.0876970488736536,-0.0036703643407026,0.0008));
#4666=CARTESIAN_POINT('',(-0.0876970488736536,-0.0036703643407026,0.0008));
#4667=CARTESIAN_POINT('',(-0.0876970488736536,-0.0036703643407026,0.0008));
#4668=CARTESIAN_POINT('',(-0.0870381657603301,0.00382968811946919,0.0008));
#4669=CARTESIAN_POINT('',(-0.0838839380901643,0.00726429158253852,0.0008));
#4670=CARTESIAN_POINT('',(-0.0838839380901643,0.00726429158253852,0.0008));
#4671=CARTESIAN_POINT('',(-0.0838839380901643,0.00726429158253852,0.0008));
#4672=CARTESIAN_POINT('',(-0.074904903322426,-0.0036703643407026,0.0008));
#4673=CARTESIAN_POINT('',(-0.074904903322426,-0.0036703643407026,0.));
#4674=CARTESIAN_POINT('',(-0.0621127577711984,-0.0036703643407026,0.));
#4675=CARTESIAN_POINT('',(-0.0621127577711984,-0.0036703643407026,0.0008));
#4676=CARTESIAN_POINT('',(-0.0621127577711984,-0.0036703643407026,0.0008));
#4677=CARTESIAN_POINT('',(-0.074904903322426,-0.0036703643407026,0.0008));
#4678=CARTESIAN_POINT('',(-0.065729605499655,0.00686475607765087,0.0008));
#4679=CARTESIAN_POINT('',(-0.065729605499655,0.00686475607765087,0.));
#4680=CARTESIAN_POINT('',(-0.0634959450161895,0.00430866343234622,0.0008));
#4681=CARTESIAN_POINT('',(-0.0634959450161895,0.00430866343234622,0.));
#4682=CARTESIAN_POINT('',(-0.062290329106704,0.000796956626228395,0.0008));
#4683=CARTESIAN_POINT('',(-0.062290329106704,0.000796956626228395,0.));
#4684=CARTESIAN_POINT('',(-0.0621127577711984,-0.0036703643407026,0.0008));
#4685=CARTESIAN_POINT('',(-0.0621127577711984,-0.0036703643407026,0.));
#4686=CARTESIAN_POINT('',(-0.065729605499655,0.00686475607765087,0.));
#4687=CARTESIAN_POINT('',(-0.0623791147744568,0.00303061710969389,0.));
#4688=CARTESIAN_POINT('',(-0.0621127577711984,-0.0036703643407026,0.));
#4689=CARTESIAN_POINT('',(-0.065729605499655,0.00686475607765087,0.));
#4690=CARTESIAN_POINT('',(-0.065729605499655,0.00686475607765087,0.0008));
#4691=CARTESIAN_POINT('',(-0.065729605499655,0.00686475607765087,0.0008));
#4692=CARTESIAN_POINT('',(-0.065729605499655,0.00686475607765087,0.0008));
#4693=CARTESIAN_POINT('',(-0.0623791147744568,0.00303061710969389,0.0008));
#4694=CARTESIAN_POINT('',(-0.0621127577711984,-0.0036703643407026,0.0008));
#4695=CARTESIAN_POINT('',(-0.0748137811897323,0.0106988950456079,0.0008));
#4696=CARTESIAN_POINT('',(-0.0748137811897323,0.0106988950456079,0.));
#4697=CARTESIAN_POINT('',(-0.0709913245464796,0.0106988950456079,0.0008));
#4698=CARTESIAN_POINT('',(-0.0709913245464796,0.0106988950456079,0.));
#4699=CARTESIAN_POINT('',(-0.0679632659831205,0.00942084872295553,0.0008));
#4700=CARTESIAN_POINT('',(-0.0679632659831205,0.00942084872295553,0.));
#4701=CARTESIAN_POINT('',(-0.065729605499655,0.00686475607765087,0.0008));
#4702=CARTESIAN_POINT('',(-0.065729605499655,0.00686475607765087,0.));
#4703=CARTESIAN_POINT('',(-0.0748137811897323,0.0106988950456079,0.));
#4704=CARTESIAN_POINT('',(-0.0690800962248533,0.0106988950456079,0.));
#4705=CARTESIAN_POINT('',(-0.065729605499655,0.00686475607765087,0.));
#4706=CARTESIAN_POINT('',(-0.0748137811897323,0.0106988950456079,0.));
#4707=CARTESIAN_POINT('',(-0.0748137811897323,0.0106988950456079,0.0008));
#4708=CARTESIAN_POINT('',(-0.0748137811897323,0.0106988950456079,0.0008));
#4709=CARTESIAN_POINT('',(-0.0748137811897323,0.0106988950456079,0.0008));
#4710=CARTESIAN_POINT('',(-0.0690800962248533,0.0106988950456079,0.0008));
#4711=CARTESIAN_POINT('',(-0.065729605499655,0.00686475607765087,0.0008));
#4712=CARTESIAN_POINT('',(-0.0838839380901643,0.00726429158253852,0.0008));
#4713=CARTESIAN_POINT('',(-0.0838839380901643,0.00726429158253852,0.));
#4714=CARTESIAN_POINT('',(-0.0817811196433872,0.00955402722458473,0.0008));
#4715=CARTESIAN_POINT('',(-0.0817811196433872,0.00955402722458473,0.));
#4716=CARTESIAN_POINT('',(-0.0787577340099098,0.0106988950456078,0.0008));
#4717=CARTESIAN_POINT('',(-0.0787577340099098,0.0106988950456078,0.));
#4718=CARTESIAN_POINT('',(-0.0748137811897323,0.0106988950456079,0.0008));
#4719=CARTESIAN_POINT('',(-0.0748137811897323,0.0106988950456079,0.));
#4720=CARTESIAN_POINT('',(-0.0838839380901643,0.00726429158253852,0.));
#4721=CARTESIAN_POINT('',(-0.0807297104199986,0.0106988950456078,0.));
#4722=CARTESIAN_POINT('',(-0.0748137811897323,0.0106988950456079,0.));
#4723=CARTESIAN_POINT('',(-0.0838839380901643,0.00726429158253852,0.0008));
#4724=CARTESIAN_POINT('',(-0.0807297104199986,0.0106988950456078,0.0008));
#4725=CARTESIAN_POINT('',(-0.0748137811897323,0.0106988950456079,0.0008));
#4726=CARTESIAN_POINT('',(-0.0592389058939363,-0.0263667847762506,0.0008));
#4727=CARTESIAN_POINT('',(-0.0592389058939363,-0.0263667847762506,0.));
#4728=CARTESIAN_POINT('',(-0.0555753288666623,-0.0221891854619866,0.0008));
#4729=CARTESIAN_POINT('',(-0.0555753288666623,-0.0221891854619866,0.));
#4730=CARTESIAN_POINT('',(-0.0537435403530253,-0.0159788616491715,0.0008));
#4731=CARTESIAN_POINT('',(-0.0537435403530253,-0.0159788616491715,0.));
#4732=CARTESIAN_POINT('',(-0.0537435403530253,-0.00773581333780507,0.0008));
#4733=CARTESIAN_POINT('',(-0.0537435403530253,-0.00773581333780507,0.));
#4734=CARTESIAN_POINT('',(-0.0592389058939363,-0.0263667847762506,0.0008));
#4735=CARTESIAN_POINT('',(-0.0537435403530253,-0.0201003858048547,0.0008));
#4736=CARTESIAN_POINT('',(-0.0537435403530253,-0.00773581333780507,0.0008));
#4737=CARTESIAN_POINT('',(2.77555756156289E-17,0.,0.0008));
#4738=CARTESIAN_POINT('',(0.,-6.93889390390723E-18,0.));
#4739=CARTESIAN_POINT('',(-0.0370913373999394,-0.0317500000021039,0.0008));
#4740=CARTESIAN_POINT('',(-0.0370913373999394,-0.0317500000021039,0.));
#4741=CARTESIAN_POINT('',(-0.0335945730848149,-0.0303882721804456,0.0008));
#4742=CARTESIAN_POINT('',(-0.0335945730848149,-0.0303882721804456,0.));
#4743=CARTESIAN_POINT('',(-0.0318461909272527,-0.0270424543844277,0.0008));
#4744=CARTESIAN_POINT('',(-0.0318461909272527,-0.0270424543844277,0.));
#4745=CARTESIAN_POINT('',(-0.0318461909272527,-0.0217125466140504,0.0008));
#4746=CARTESIAN_POINT('',(-0.0318461909272527,-0.0217125466140504,0.));
#4747=CARTESIAN_POINT('',(-0.0370913373999394,-0.0317500000021039,0.0008));
#4748=CARTESIAN_POINT('',(-0.0370913373999394,-0.0317500000021039,0.0008));
#4749=CARTESIAN_POINT('',(-0.0370913373999394,-0.0317500000021039,0.0008));
#4750=CARTESIAN_POINT('',(-0.0318461909272527,-0.0297074082696164,0.0008));
#4751=CARTESIAN_POINT('',(-0.0318461909272527,-0.0217125466140504,0.0008));
#4752=CARTESIAN_POINT('',(-0.0318461909272527,-0.0217125466140504,0.0008));
#4753=CARTESIAN_POINT('',(-0.0318461909272527,-0.0217125466140504,0.0008));
#4754=CARTESIAN_POINT('',(-0.0413088739377499,-0.0324509394822591,0.0008));
#4755=CARTESIAN_POINT('',(-0.0413088739377499,-0.0324509394822591,0.));
#4756=CARTESIAN_POINT('',(-0.0396971388911582,-0.0324509394822591,0.0008));
#4757=CARTESIAN_POINT('',(-0.0396971388911582,-0.0324509394822591,0.));
#4758=CARTESIAN_POINT('',(-0.0382912933785547,-0.032217292988874,0.0008));
#4759=CARTESIAN_POINT('',(-0.0382912933785547,-0.032217292988874,0.));
#4760=CARTESIAN_POINT('',(-0.0370913373999394,-0.0317500000021039,0.0008));
#4761=CARTESIAN_POINT('',(-0.0370913373999394,-0.0317500000021039,0.));
#4762=CARTESIAN_POINT('',(-0.0413088739377499,-0.0324509394822591,0.0008));
#4763=CARTESIAN_POINT('',(-0.0413088739377499,-0.0324509394822591,0.0008));
#4764=CARTESIAN_POINT('',(-0.0413088739377499,-0.0324509394822591,0.0008));
#4765=CARTESIAN_POINT('',(-0.0388912713678624,-0.0324509394822591,0.0008));
#4766=CARTESIAN_POINT('',(-0.0370913373999394,-0.0317500000021039,0.0008));
#4767=CARTESIAN_POINT('',(-0.0413401033590299,-0.00197592729215801,0.000799999999999994));
#4768=CARTESIAN_POINT('',(-0.0478355740126102,-0.03175,0.0008));
#4769=CARTESIAN_POINT('',(-0.0478356008073219,-0.0317501228243522,0.0008));
#4770=CARTESIAN_POINT('',(-0.0413401033590299,-0.00197592729215801,0.0008));
#4771=CARTESIAN_POINT('',(-0.0413067680083381,-0.00188366681666499,0.0008));
#4772=CARTESIAN_POINT('',(-0.0492715464562126,-0.0313995302588705,0.0008));
#4773=CARTESIAN_POINT('',(-0.0492715464562126,-0.0313995302588705,0.0008));
#4774=CARTESIAN_POINT('',(-0.0413067977435921,-0.00188275497960347,0.000800000000000114));
#4775=CARTESIAN_POINT('',(-0.0492715464562126,-0.0284836220126728,0.0008));
#4776=CARTESIAN_POINT('',(-0.0492715464562126,-0.0255677137664752,0.0008));
#4777=CARTESIAN_POINT('',(-0.0492715464562126,-0.0255677137664752,0.0008));
#4778=CARTESIAN_POINT('',(-0.0492715464562126,-0.0284836220126728,0.0008));
#4779=CARTESIAN_POINT('',(-0.0447154398215288,-0.0261845405108632,0.0008));
#4780=CARTESIAN_POINT('',(-0.0447154398215288,-0.0261845405108632,0.));
#4781=CARTESIAN_POINT('',(-0.0457715219747991,-0.0261845405108632,0.0008));
#4782=CARTESIAN_POINT('',(-0.0457715219747991,-0.0261845405108632,0.));
#4783=CARTESIAN_POINT('',(-0.0472902241863604,-0.0259789315960672,0.0008));
#4784=CARTESIAN_POINT('',(-0.0472902241863604,-0.0259789315960672,0.));
#4785=CARTESIAN_POINT('',(-0.0492715464562126,-0.0255677137664752,0.0008));
#4786=CARTESIAN_POINT('',(-0.0492715464562126,-0.0255677137664752,0.));
#4787=CARTESIAN_POINT('',(-0.0447154398215288,-0.0261845405108632,0.0008));
#4788=CARTESIAN_POINT('',(-0.0447154398215288,-0.0261845405108632,0.0008));
#4789=CARTESIAN_POINT('',(-0.0447154398215288,-0.0261845405108632,0.0008));
#4790=CARTESIAN_POINT('',(-0.0462995630514343,-0.0261845405108632,0.0008));
#4791=CARTESIAN_POINT('',(-0.0492715464562126,-0.0255677137664752,0.0008));
#4792=CARTESIAN_POINT('',(-0.0408392444846363,-0.0248036897308128,0.0008));
#4793=CARTESIAN_POINT('',(-0.0408392444846363,-0.0248036897308128,0.));
#4794=CARTESIAN_POINT('',(-0.0415822403358309,-0.0257242569175131,0.0008));
#4795=CARTESIAN_POINT('',(-0.0415822403358309,-0.0257242569175131,0.));
#4796=CARTESIAN_POINT('',(-0.0428743054481284,-0.0261845405108632,0.0008));
#4797=CARTESIAN_POINT('',(-0.0428743054481284,-0.0261845405108632,0.));
#4798=CARTESIAN_POINT('',(-0.0447154398215288,-0.0261845405108632,0.0008));
#4799=CARTESIAN_POINT('',(-0.0447154398215288,-0.0261845405108632,0.));
#4800=CARTESIAN_POINT('',(-0.0408392444846363,-0.0248036897308128,0.0008));
#4801=CARTESIAN_POINT('',(-0.0408392444846363,-0.0248036897308128,0.0008));
#4802=CARTESIAN_POINT('',(-0.0408392444846363,-0.0248036897308128,0.0008));
#4803=CARTESIAN_POINT('',(-0.0419537382614282,-0.0261845405108632,0.0008));
#4804=CARTESIAN_POINT('',(-0.0447154398215288,-0.0261845405108632,0.0008));
#4805=CARTESIAN_POINT('',(-0.0397247507078444,-0.0200022542773384,0.0008));
#4806=CARTESIAN_POINT('',(-0.0397247507078444,-0.0200022542773384,0.));
#4807=CARTESIAN_POINT('',(-0.0397247507078444,-0.0222826440596212,0.0008));
#4808=CARTESIAN_POINT('',(-0.0397247507078444,-0.0222826440596212,0.));
#4809=CARTESIAN_POINT('',(-0.0400962486334417,-0.0238831225441127,0.0008));
#4810=CARTESIAN_POINT('',(-0.0400962486334417,-0.0238831225441127,0.));
#4811=CARTESIAN_POINT('',(-0.0408392444846363,-0.0248036897308128,0.0008));
#4812=CARTESIAN_POINT('',(-0.0408392444846363,-0.0248036897308128,0.));
#4813=CARTESIAN_POINT('',(-0.0397247507078444,-0.0200022542773384,0.0008));
#4814=CARTESIAN_POINT('',(-0.0397247507078444,-0.0200022542773384,0.0008));
#4815=CARTESIAN_POINT('',(-0.0397247507078444,-0.0200022542773384,0.0008));
#4816=CARTESIAN_POINT('',(-0.0397247507078444,-0.0234228389507625,0.0008));
#4817=CARTESIAN_POINT('',(-0.0408392444846363,-0.0248036897308128,0.0008));
#4818=CARTESIAN_POINT('',(-0.0397247507078444,-0.00504420572593033,0.0008));
#4819=CARTESIAN_POINT('',(-0.0397247507078444,0.00991384282547773,0.0008));
#4820=CARTESIAN_POINT('',(-0.0397247507078444,0.00991384282547773,0.0008));
#4821=CARTESIAN_POINT('',(-0.0397247507078444,-0.00504420572593033,0.0008));
#4822=CARTESIAN_POINT('',(-0.0441056224719635,0.00991384282547773,0.0008));
#4823=CARTESIAN_POINT('',(-0.0484864942360825,0.00991384282547773,0.0008));
#4824=CARTESIAN_POINT('',(-0.0484864942360825,0.00991384282547773,0.0008));
#4825=CARTESIAN_POINT('',(-0.0441056224719635,0.00991384282547773,0.0008));
#4826=CARTESIAN_POINT('',(-0.0484864942360825,0.0127806853079172,0.0008));
#4827=CARTESIAN_POINT('',(-0.0484864942360825,0.0156475277903568,0.0008));
#4828=CARTESIAN_POINT('',(-0.0484864942360825,0.0156475277903568,0.0008));
#4829=CARTESIAN_POINT('',(-0.0484864942360825,0.0127806853079172,0.0008));
#4830=CARTESIAN_POINT('',(-0.0441056224719635,0.0156475277903568,0.0008));
#4831=CARTESIAN_POINT('',(-0.0397247507078444,0.0156475277903568,0.0008));
#4832=CARTESIAN_POINT('',(-0.0397247507078444,0.0156475277903568,0.0008));
#4833=CARTESIAN_POINT('',(-0.0441056224719635,0.0156475277903568,0.0008));
#4834=CARTESIAN_POINT('',(-0.0397247507078444,0.0209536396710577,0.0008));
#4835=CARTESIAN_POINT('',(-0.0397247507078444,0.0262597515517587,0.0008));
#4836=CARTESIAN_POINT('',(-0.0397247507078444,0.0262597515517587,0.0008));
#4837=CARTESIAN_POINT('',(-0.0397247507078444,0.0209536396710577,0.0008));
#4838=CARTESIAN_POINT('',(-0.0370962276493729,0.0262597515517587,0.0008));
#4839=CARTESIAN_POINT('',(-0.0344677045909016,0.0262597515517587,0.0008));
#4840=CARTESIAN_POINT('',(-0.0344677045909016,0.0262597515517587,0.0008));
#4841=CARTESIAN_POINT('',(-0.0370962276493729,0.0262597515517587,0.0008));
#4842=CARTESIAN_POINT('',(-0.0333041450503515,0.0209536396710577,0.0008));
#4843=CARTESIAN_POINT('',(-0.0321405855098015,0.0156475277903568,0.0008));
#4844=CARTESIAN_POINT('',(-0.0321405855098015,0.0156475277903568,0.0008));
#4845=CARTESIAN_POINT('',(-0.0333041450503515,0.0209536396710577,0.0008));
#4846=CARTESIAN_POINT('',(-0.0292527148428943,0.0156475277903568,0.0008));
#4847=CARTESIAN_POINT('',(-0.026364844175987,0.0156475277903568,0.0008));
#4848=CARTESIAN_POINT('',(-0.026364844175987,0.0156475277903568,0.0008));
#4849=CARTESIAN_POINT('',(-0.0292527148428943,0.0156475277903568,0.0008));
#4850=CARTESIAN_POINT('',(-0.026364844175987,0.0127806853079172,0.0008));
#4851=CARTESIAN_POINT('',(-0.026364844175987,0.00991384282547773,0.0008));
#4852=CARTESIAN_POINT('',(-0.026364844175987,0.00991384282547773,0.0008));
#4853=CARTESIAN_POINT('',(-0.026364844175987,0.0127806853079172,0.0008));
#4854=CARTESIAN_POINT('',(-0.0291055175516199,0.00991384282547773,0.0008));
#4855=CARTESIAN_POINT('',(-0.0318461909272527,0.00991384282547773,0.0008));
#4856=CARTESIAN_POINT('',(-0.0318461909272527,0.00991384282547773,0.0008));
#4857=CARTESIAN_POINT('',(-0.0291055175516199,0.00991384282547773,0.0008));
#4858=CARTESIAN_POINT('',(-0.0318461909272527,-0.00589935189428636,0.0008));
#4859=CARTESIAN_POINT('',(-0.0318461909272527,-0.00589935189428636,0.0008));
#4860=CARTESIAN_POINT('',(2.77555756156289E-17,0.,0.0008));
#4861=CARTESIAN_POINT('',(-0.0155667811092103,-0.0317499999903008,0.0008));
#4862=CARTESIAN_POINT('',(-0.0155667811092103,-0.0317499999903008,0.));
#4863=CARTESIAN_POINT('',(-0.0143079107235714,-0.0313733415240867,0.0008));
#4864=CARTESIAN_POINT('',(-0.0143079107235714,-0.0313733415240867,0.));
#4865=CARTESIAN_POINT('',(-0.0133020926807217,-0.0307518418530501,0.0008));
#4866=CARTESIAN_POINT('',(-0.0133020926807217,-0.0307518418530501,0.));
#4867=CARTESIAN_POINT('',(-0.0125493269806612,-0.029885500977191,0.0008));
#4868=CARTESIAN_POINT('',(-0.0125493269806612,-0.029885500977191,0.));
#4869=CARTESIAN_POINT('',(-0.0155667811092103,-0.0317499999903008,0.0008));
#4870=CARTESIAN_POINT('',(-0.0155667811092103,-0.0317499999903008,0.0008));
#4871=CARTESIAN_POINT('',(-0.0155667811092103,-0.0317499999903008,0.0008));
#4872=CARTESIAN_POINT('',(-0.013678475530752,-0.0311850122909797,0.0008));
#4873=CARTESIAN_POINT('',(-0.0125493269806612,-0.029885500977191,0.0008));
#4874=CARTESIAN_POINT('',(-0.0125493269806612,-0.029885500977191,0.0008));
#4875=CARTESIAN_POINT('',(-0.0125493269806612,-0.029885500977191,0.0008));
#4876=CARTESIAN_POINT('',(-0.019650891864909,-0.03175,0.0008));
#4877=CARTESIAN_POINT('',(-0.0237350026206078,-0.03175,0.0008));
#4878=CARTESIAN_POINT('',(-0.0237350026206078,-0.03175,0.0008));
#4879=CARTESIAN_POINT('',(-0.019650891864909,-0.03175,0.0008));
#4880=CARTESIAN_POINT('',(-0.0190216524917314,-0.00611539020246799,0.0008));
#4881=CARTESIAN_POINT('',(-0.0250050215804044,-0.0314836429967415,0.0008));
#4882=CARTESIAN_POINT('',(-0.0250050215804044,-0.0314836429967415,0.0008));
#4883=CARTESIAN_POINT('',(-0.0190215090026254,-0.00611458148372164,0.000800000000000027));
#4884=CARTESIAN_POINT('',(-0.0250050215804044,-0.0290303548088349,0.0008));
#4885=CARTESIAN_POINT('',(-0.0250050215804044,-0.0265770666209282,0.0008));
#4886=CARTESIAN_POINT('',(-0.0250050215804044,-0.0265770666209282,0.0008));
#4887=CARTESIAN_POINT('',(-0.0250050215804044,-0.0290303548088349,0.0008));
#4888=CARTESIAN_POINT('',(-0.0224255642856911,-0.0268854799931222,0.0008));
#4889=CARTESIAN_POINT('',(-0.0224255642856911,-0.0268854799931222,0.));
#4890=CARTESIAN_POINT('',(-0.0231825789265309,-0.0268854799931222,0.0008));
#4891=CARTESIAN_POINT('',(-0.0231825789265309,-0.0268854799931222,0.));
#4892=CARTESIAN_POINT('',(-0.0240423980247687,-0.0267826755357242,0.0008));
#4893=CARTESIAN_POINT('',(-0.0240423980247687,-0.0267826755357242,0.));
#4894=CARTESIAN_POINT('',(-0.0250050215804044,-0.0265770666209282,0.0008));
#4895=CARTESIAN_POINT('',(-0.0250050215804044,-0.0265770666209282,0.));
#4896=CARTESIAN_POINT('',(-0.0224255642856911,-0.0268854799931222,0.0008));
#4897=CARTESIAN_POINT('',(-0.0224255642856911,-0.0268854799931222,0.0008));
#4898=CARTESIAN_POINT('',(-0.0224255642856911,-0.0268854799931222,0.0008));
#4899=CARTESIAN_POINT('',(-0.0235610862469508,-0.0268854799931222,0.0008));
#4900=CARTESIAN_POINT('',(-0.0250050215804044,-0.0265770666209282,0.0008));
#4901=CARTESIAN_POINT('',(-0.0189208668743959,-0.0251121031030069,0.0008));
#4902=CARTESIAN_POINT('',(-0.0189208668743959,-0.0251121031030069,0.));
#4903=CARTESIAN_POINT('',(-0.0195376936187839,-0.0262943543630837,0.0008));
#4904=CARTESIAN_POINT('',(-0.0195376936187839,-0.0262943543630837,0.));
#4905=CARTESIAN_POINT('',(-0.0207059260892156,-0.0268854799931222,0.0008));
#4906=CARTESIAN_POINT('',(-0.0207059260892156,-0.0268854799931222,0.));
#4907=CARTESIAN_POINT('',(-0.0224255642856911,-0.0268854799931222,0.0008));
#4908=CARTESIAN_POINT('',(-0.0224255642856911,-0.0268854799931222,0.));
#4909=CARTESIAN_POINT('',(-0.0189208668743959,-0.0251121031030069,0.0008));
#4910=CARTESIAN_POINT('',(-0.0189208668743959,-0.0251121031030069,0.0008));
#4911=CARTESIAN_POINT('',(-0.0189208668743959,-0.0251121031030069,0.0008));
#4912=CARTESIAN_POINT('',(-0.0198461069909779,-0.0268854799931222,0.0008));
#4913=CARTESIAN_POINT('',(-0.0224255642856911,-0.0268854799931222,0.0008));
#4914=CARTESIAN_POINT('',(-0.017995626757814,-0.0198340288015962,0.0008));
#4915=CARTESIAN_POINT('',(-0.017995626757814,-0.0198340288015962,0.));
#4916=CARTESIAN_POINT('',(-0.017995626757814,-0.0221704937424597,0.0008));
#4917=CARTESIAN_POINT('',(-0.017995626757814,-0.0221704937424597,0.));
#4918=CARTESIAN_POINT('',(-0.0183040401300079,-0.0239298518429299,0.0008));
#4919=CARTESIAN_POINT('',(-0.0183040401300079,-0.0239298518429299,0.));
#4920=CARTESIAN_POINT('',(-0.0189208668743959,-0.0251121031030069,0.0008));
#4921=CARTESIAN_POINT('',(-0.0189208668743959,-0.0251121031030069,0.));
#4922=CARTESIAN_POINT('',(-0.017995626757814,-0.0198340288015962,0.0008));
#4923=CARTESIAN_POINT('',(-0.017995626757814,-0.0198340288015962,0.0008));
#4924=CARTESIAN_POINT('',(-0.017995626757814,-0.0198340288015962,0.0008));
#4925=CARTESIAN_POINT('',(-0.017995626757814,-0.0233387262128914,0.0008));
#4926=CARTESIAN_POINT('',(-0.0189208668743959,-0.0251121031030069,0.0008));
#4927=CARTESIAN_POINT('',(-0.017995626757814,-0.00962834993990449,0.0008));
#4928=CARTESIAN_POINT('',(-0.017995626757814,0.000577328921787228,0.0008));
#4929=CARTESIAN_POINT('',(-0.017995626757814,0.000577328921787228,0.0008));
#4930=CARTESIAN_POINT('',(-0.017995626757814,-0.00962834993990449,0.0008));
#4931=CARTESIAN_POINT('',(-0.0134885858868883,0.0124302155667877,0.0008));
#4932=CARTESIAN_POINT('',(-0.0134885858868883,0.0124302155667877,0.));
#4933=CARTESIAN_POINT('',(-0.0164932798008387,0.00969655158597743,0.0008));
#4934=CARTESIAN_POINT('',(-0.0164932798008387,0.00969655158597743,0.));
#4935=CARTESIAN_POINT('',(-0.017995626757814,0.00574558937097727,0.0008));
#4936=CARTESIAN_POINT('',(-0.017995626757814,0.00574558937097727,0.));
#4937=CARTESIAN_POINT('',(-0.017995626757814,0.000577328921787232,0.0008));
#4938=CARTESIAN_POINT('',(-0.017995626757814,0.000577328921787232,0.));
#4939=CARTESIAN_POINT('',(-0.0134885858868883,0.0124302155667877,0.0008));
#4940=CARTESIAN_POINT('',(-0.0134885858868883,0.0124302155667877,0.0008));
#4941=CARTESIAN_POINT('',(-0.0134885858868883,0.0124302155667877,0.0008));
#4942=CARTESIAN_POINT('',(-0.017995626757814,0.00832971959557229,0.0008));
#4943=CARTESIAN_POINT('',(-0.017995626757814,0.000577328921787232,0.0008));
#4944=CARTESIAN_POINT('',(-3.75572223371701E-5,0.0165307115380031,0.0008));
#4945=CARTESIAN_POINT('',(-3.75572223371701E-5,0.0165307115380031,0.));
#4946=CARTESIAN_POINT('',(-0.0060002157514208,0.0165307115380031,0.0008));
#4947=CARTESIAN_POINT('',(-0.0060002157514208,0.0165307115380031,0.));
#4948=CARTESIAN_POINT('',(-0.0104838919729378,0.015163879547598,0.0008));
#4949=CARTESIAN_POINT('',(-0.0104838919729378,0.015163879547598,0.));
#4950=CARTESIAN_POINT('',(-0.0134885858868883,0.0124302155667877,0.0008));
#4951=CARTESIAN_POINT('',(-0.0134885858868883,0.0124302155667877,0.));
#4952=CARTESIAN_POINT('',(-3.75572223371701E-5,0.0165307115380031,0.0008));
#4953=CARTESIAN_POINT('',(-3.75572223371701E-5,0.0165307115380031,0.0008));
#4954=CARTESIAN_POINT('',(-3.75572223371701E-5,0.0165307115380031,0.0008));
#4955=CARTESIAN_POINT('',(-0.00898154501596261,0.0165307115380031,0.0008));
#4956=CARTESIAN_POINT('',(-0.0134885858868883,0.0124302155667877,0.0008));
#4957=CARTESIAN_POINT('',(0.0189719215365282,0.00373155659195294,0.0008));
#4958=CARTESIAN_POINT('',(0.0189719215365282,0.00373155659195294,0.));
#4959=CARTESIAN_POINT('',(0.0176261177305908,0.0122643265559864,0.0008));
#4960=CARTESIAN_POINT('',(0.0176261177305908,0.0122643265559864,0.));
#4961=CARTESIAN_POINT('',(0.011289624810969,0.0165307115380031,0.0008));
#4962=CARTESIAN_POINT('',(0.011289624810969,0.0165307115380031,0.));
#4963=CARTESIAN_POINT('',(-3.75572223371701E-5,0.0165307115380031,0.0008));
#4964=CARTESIAN_POINT('',(-3.75572223371701E-5,0.0165307115380031,0.));
#4965=CARTESIAN_POINT('',(0.0189719215365282,0.00373155659195294,0.0008));
#4966=CARTESIAN_POINT('',(0.0189719215365282,0.00373155659195294,0.0008));
#4967=CARTESIAN_POINT('',(0.0189719215365282,0.00373155659195294,0.0008));
#4968=CARTESIAN_POINT('',(0.0169532158276221,0.0165307115380031,0.0008));
#4969=CARTESIAN_POINT('',(-3.75572223371701E-5,0.0165307115380031,0.0008));
#4970=CARTESIAN_POINT('',(0.0148574067756676,0.00336005866635565,0.0008));
#4971=CARTESIAN_POINT('',(0.010742892014807,0.00298856074075836,0.0008));
#4972=CARTESIAN_POINT('',(0.010742892014807,0.00298856074075836,0.0008));
#4973=CARTESIAN_POINT('',(0.0148574067756676,0.00336005866635565,0.0008));
#4974=CARTESIAN_POINT('',(0.00784100255825451,0.00872925510045994,0.0008));
#4975=CARTESIAN_POINT('',(0.00784100255825451,0.00872925510045994,0.));
#4976=CARTESIAN_POINT('',(0.00944849043756858,0.00752831212085611,0.0008));
#4977=CARTESIAN_POINT('',(0.00944849043756858,0.00752831212085611,0.));
#4978=CARTESIAN_POINT('',(0.0104157869230861,0.00561474733428891,0.0008));
#4979=CARTESIAN_POINT('',(0.0104157869230861,0.00561474733428891,0.));
#4980=CARTESIAN_POINT('',(0.010742892014807,0.00298856074075835,0.0008));
#4981=CARTESIAN_POINT('',(0.010742892014807,0.00298856074075835,0.));
#4982=CARTESIAN_POINT('',(0.00784100255825451,0.00872925510045994,0.0008));
#4983=CARTESIAN_POINT('',(0.00784100255825451,0.00872925510045994,0.0008));
#4984=CARTESIAN_POINT('',(0.00784100255825451,0.00872925510045994,0.0008));
#4985=CARTESIAN_POINT('',(0.0102522343772256,0.00692784063105419,0.0008));
#4986=CARTESIAN_POINT('',(0.010742892014807,0.00298856074075835,0.0008));
#4987=CARTESIAN_POINT('',(0.000130668253404992,0.0105306695698657,0.0008));
#4988=CARTESIAN_POINT('',(0.000130668253404992,0.0105306695698657,0.));
#4989=CARTESIAN_POINT('',(0.00366340324399059,0.0105306695698657,0.0008));
#4990=CARTESIAN_POINT('',(0.00366340324399059,0.0105306695698657,0.));
#4991=CARTESIAN_POINT('',(0.00623351467894043,0.00993019808006378,0.0008));
#4992=CARTESIAN_POINT('',(0.00623351467894043,0.00993019808006378,0.));
#4993=CARTESIAN_POINT('',(0.00784100255825451,0.00872925510045994,0.0008));
#4994=CARTESIAN_POINT('',(0.00784100255825451,0.00872925510045994,0.));
#4995=CARTESIAN_POINT('',(0.000130668253404992,0.0105306695698657,0.0008));
#4996=CARTESIAN_POINT('',(0.000130668253404992,0.0105306695698657,0.0008));
#4997=CARTESIAN_POINT('',(0.000130668253404992,0.0105306695698657,0.0008));
#4998=CARTESIAN_POINT('',(0.00542977073928339,0.0105306695698657,0.0008));
#4999=CARTESIAN_POINT('',(0.00784100255825451,0.00872925510045994,0.0008));
#5000=CARTESIAN_POINT('',(-0.00757966605144451,0.0080283156182009,0.0008));
#5001=CARTESIAN_POINT('',(-0.00757966605144451,0.0080283156182009,0.));
#5002=CARTESIAN_POINT('',(-0.00594414059284007,0.00969655158597743,0.0008));
#5003=CARTESIAN_POINT('',(-0.00594414059284007,0.00969655158597743,0.));
#5004=CARTESIAN_POINT('',(-0.00337402915789024,0.0105306695698657,0.0008));
#5005=CARTESIAN_POINT('',(-0.00337402915789024,0.0105306695698657,0.));
#5006=CARTESIAN_POINT('',(0.000130668253404992,0.0105306695698657,0.0008));
#5007=CARTESIAN_POINT('',(0.000130668253404992,0.0105306695698657,0.));
#5008=CARTESIAN_POINT('',(-0.00757966605144451,0.0080283156182009,0.0008));
#5009=CARTESIAN_POINT('',(-0.00757966605144451,0.0080283156182009,0.0008));
#5010=CARTESIAN_POINT('',(-0.00757966605144451,0.0080283156182009,0.0008));
#5011=CARTESIAN_POINT('',(-0.00512637786353785,0.0105306695698657,0.0008));
#5012=CARTESIAN_POINT('',(0.000130668253404992,0.0105306695698657,0.0008));
#5013=CARTESIAN_POINT('',(-0.0100329542393512,-0.000249779667278439,0.0008));
#5014=CARTESIAN_POINT('',(-0.0100329542393512,-0.000249779667278439,0.));
#5015=CARTESIAN_POINT('',(-0.0100329542393512,0.00360071455526459,0.0008));
#5016=CARTESIAN_POINT('',(-0.0100329542393512,0.00360071455526459,0.));
#5017=CARTESIAN_POINT('',(-0.00921519151004896,0.00636007965042437,0.0008));
#5018=CARTESIAN_POINT('',(-0.00921519151004896,0.00636007965042437,0.));
#5019=CARTESIAN_POINT('',(-0.00757966605144451,0.0080283156182009,0.0008));
#5020=CARTESIAN_POINT('',(-0.00757966605144451,0.0080283156182009,0.));
#5021=CARTESIAN_POINT('',(-0.0100329542393512,-0.000249779667278439,0.0008));
#5022=CARTESIAN_POINT('',(-0.0100329542393512,-0.000249779667278439,0.0008));
#5023=CARTESIAN_POINT('',(-0.0100329542393512,-0.000249779667278439,0.0008));
#5024=CARTESIAN_POINT('',(-0.0100329542393512,0.0055259616665361,0.0008));
#5025=CARTESIAN_POINT('',(-0.00757966605144451,0.0080283156182009,0.0008));
#5026=CARTESIAN_POINT('',(-0.0100329542393512,-0.00153950831463509,0.0008));
#5027=CARTESIAN_POINT('',(-0.0100329542393512,-0.00282923696199173,0.0008));
#5028=CARTESIAN_POINT('',(-0.0100329542393512,-0.00282923696199173,0.0008));
#5029=CARTESIAN_POINT('',(-0.0100329542393512,-0.00153950831463509,0.0008));
#5030=CARTESIAN_POINT('',(-0.00470581417418242,-0.00292035909468541,0.0008));
#5031=CARTESIAN_POINT('',(0.000621325890986338,-0.00301148122737909,0.0008));
#5032=CARTESIAN_POINT('',(0.000621325890986338,-0.00301148122737909,0.0008));
#5033=CARTESIAN_POINT('',(-0.00470581417418242,-0.00292035909468541,0.0008));
#5034=CARTESIAN_POINT('',(0.0162312481608953,-0.00721711812093336,0.0008));
#5035=CARTESIAN_POINT('',(0.0162312481608953,-0.00721711812093336,0.));
#5036=CARTESIAN_POINT('',(0.013002253612622,-0.0045909315274028,0.0008));
#5037=CARTESIAN_POINT('',(0.013002253612622,-0.0045909315274028,0.));
#5038=CARTESIAN_POINT('',(0.00779894618931896,-0.00318905256288471,0.0008));
#5039=CARTESIAN_POINT('',(0.00779894618931896,-0.00318905256288471,0.));
#5040=CARTESIAN_POINT('',(0.000621325890986332,-0.00301148122737909,0.0008));
#5041=CARTESIAN_POINT('',(0.000621325890986332,-0.00301148122737909,0.));
#5042=CARTESIAN_POINT('',(0.0162312481608953,-0.00721711812093336,0.0008));
#5043=CARTESIAN_POINT('',(0.0162312481608953,-0.00721711812093336,0.0008));
#5044=CARTESIAN_POINT('',(0.0162312481608953,-0.00721711812093336,0.0008));
#5045=CARTESIAN_POINT('',(0.0113877563384853,-0.00327783823063753,0.0008));
#5046=CARTESIAN_POINT('',(0.000621325890986332,-0.00301148122737909,0.0008));
#5047=CARTESIAN_POINT('',(0.0210747399833053,-0.0185162625749492,0.0008));
#5048=CARTESIAN_POINT('',(0.0210747399833053,-0.0185162625749492,0.));
#5049=CARTESIAN_POINT('',(0.0210747399833053,-0.0136096861991359,0.0008));
#5050=CARTESIAN_POINT('',(0.0210747399833053,-0.0136096861991359,0.));
#5051=CARTESIAN_POINT('',(0.0194602427091686,-0.00984330471446392,0.0008));
#5052=CARTESIAN_POINT('',(0.0194602427091686,-0.00984330471446392,0.));
#5053=CARTESIAN_POINT('',(0.0162312481608953,-0.00721711812093336,0.0008));
#5054=CARTESIAN_POINT('',(0.0162312481608953,-0.00721711812093336,0.));
#5055=CARTESIAN_POINT('',(0.0210747399833053,-0.0185162625749492,0.0008));
#5056=CARTESIAN_POINT('',(0.0210747399833053,-0.0185162625749492,0.0008));
#5057=CARTESIAN_POINT('',(0.0210747399833053,-0.0185162625749492,0.0008));
#5058=CARTESIAN_POINT('',(0.0210747399833053,-0.0111563980112292,0.0008));
#5059=CARTESIAN_POINT('',(0.0162312481608953,-0.00721711812093336,0.0008));
#5060=CARTESIAN_POINT('',(0.017485929834139,-0.0288621293330928,0.0008));
#5061=CARTESIAN_POINT('',(0.017485929834139,-0.0288621293330928,0.));
#5062=CARTESIAN_POINT('',(0.0198784699335832,-0.0263480930567236,0.0008));
#5063=CARTESIAN_POINT('',(0.0198784699335832,-0.0263480930567236,0.));
#5064=CARTESIAN_POINT('',(0.0210747399833053,-0.0228994708040091,0.0008));
#5065=CARTESIAN_POINT('',(0.0210747399833053,-0.0228994708040091,0.));
#5066=CARTESIAN_POINT('',(0.0210747399833053,-0.0185162625749492,0.0008));
#5067=CARTESIAN_POINT('',(0.0210747399833053,-0.0185162625749492,0.));
#5068=CARTESIAN_POINT('',(0.017485929834139,-0.0288621293330928,0.0008));
#5069=CARTESIAN_POINT('',(0.017485929834139,-0.0288621293330928,0.0008));
#5070=CARTESIAN_POINT('',(0.017485929834139,-0.0288621293330928,0.0008));
#5071=CARTESIAN_POINT('',(0.0210747399833053,-0.025091074918539,0.0008));
#5072=CARTESIAN_POINT('',(0.0210747399833053,-0.0185162625749492,0.0008));
#5073=CARTESIAN_POINT('',(0.0128335811416747,-0.0317500000078099,0.0008));
#5074=CARTESIAN_POINT('',(0.0128335811416747,-0.0317500000078099,0.));
#5075=CARTESIAN_POINT('',(0.0147004596583977,-0.0311221391329338,0.0008));
#5076=CARTESIAN_POINT('',(0.0147004596583977,-0.0311221391329338,0.));
#5077=CARTESIAN_POINT('',(0.0162512425558858,-0.0301595155746948,0.0008));
#5078=CARTESIAN_POINT('',(0.0162512425558858,-0.0301595155746948,0.));
#5079=CARTESIAN_POINT('',(0.017485929834139,-0.0288621293330928,0.0008));
#5080=CARTESIAN_POINT('',(0.017485929834139,-0.0288621293330928,0.));
#5081=CARTESIAN_POINT('',(0.0128335811416747,-0.0317500000078099,0.0008));
#5082=CARTESIAN_POINT('',(0.0128335811416747,-0.0317500000078099,0.0008));
#5083=CARTESIAN_POINT('',(0.0128335811416747,-0.0317500000078099,0.0008));
#5084=CARTESIAN_POINT('',(0.0156338989167592,-0.0308082086954958,0.0008));
#5085=CARTESIAN_POINT('',(0.017485929834139,-0.0288621293330928,0.0008));
#5086=CARTESIAN_POINT('',(0.0067475369659304,-0.0326331837476464,0.0008));
#5087=CARTESIAN_POINT('',(0.0067475369659304,-0.0326331837476464,1.0842021724855E-19));
#5088=CARTESIAN_POINT('',(0.00905419688314687,-0.0326331837476464,0.0008));
#5089=CARTESIAN_POINT('',(0.00905419688314687,-0.0326331837476464,1.0842021724855E-19));
#5090=CARTESIAN_POINT('',(0.0110828782750616,-0.0323387891677009,0.0008));
#5091=CARTESIAN_POINT('',(0.0110828782750616,-0.0323387891677009,1.0842021724855E-19));
#5092=CARTESIAN_POINT('',(0.0128335811416747,-0.03175000000781,0.0008));
#5093=CARTESIAN_POINT('',(0.0128335811416747,-0.03175000000781,1.0842021724855E-19));
#5094=CARTESIAN_POINT('',(0.0067475369659304,-0.0326331837476464,0.0008));
#5095=CARTESIAN_POINT('',(0.0067475369659304,-0.0326331837476464,0.0008));
#5096=CARTESIAN_POINT('',(0.0067475369659304,-0.0326331837476464,0.0008));
#5097=CARTESIAN_POINT('',(0.0102075268417551,-0.0326331837476464,0.0008));
#5098=CARTESIAN_POINT('',(0.0128335811416747,-0.0317500000078099,0.0008));
#5099=CARTESIAN_POINT('',(0.000248931644098365,-0.0317500000007453,0.0008));
#5100=CARTESIAN_POINT('',(0.000248931644098365,-0.0317500000007453,0.));
#5101=CARTESIAN_POINT('',(0.00219022327131599,-0.032338789165346,0.0008));
#5102=CARTESIAN_POINT('',(0.00219022327131599,-0.032338789165346,0.));
#5103=CARTESIAN_POINT('',(0.00435642504526,-0.0326331837476464,0.0008));
#5104=CARTESIAN_POINT('',(0.00435642504526,-0.0326331837476464,0.));
#5105=CARTESIAN_POINT('',(0.0067475369659304,-0.0326331837476464,0.0008));
#5106=CARTESIAN_POINT('',(0.0067475369659304,-0.0326331837476464,0.));
#5107=CARTESIAN_POINT('',(0.000248931644098365,-0.0317500000007453,0.0008));
#5108=CARTESIAN_POINT('',(0.000248931644098365,-0.0317500000007453,0.0008));
#5109=CARTESIAN_POINT('',(0.000248931644098365,-0.0317500000007453,0.0008));
#5110=CARTESIAN_POINT('',(0.0031608690849248,-0.0326331837476464,0.0008));
#5111=CARTESIAN_POINT('',(0.0067475369659304,-0.0326331837476464,0.0008));
#5112=CARTESIAN_POINT('',(0.00487487652397419,-0.0162858687869989,0.0008));
#5113=CARTESIAN_POINT('',(-0.00299552183747036,-0.0303761586147723,0.0008));
#5114=CARTESIAN_POINT('',(-0.00299552183747036,-0.0303761586147723,0.0008));
#5115=CARTESIAN_POINT('',(0.00487487652397419,-0.0162858687869989,0.0008));
#5116=CARTESIAN_POINT('',(-0.0100329542393512,-0.022679843099568,0.0008));
#5117=CARTESIAN_POINT('',(-0.0100329542393512,-0.022679843099568,0.));
#5118=CARTESIAN_POINT('',(-0.00801424853044512,-0.0263060366877881,0.0008));
#5119=CARTESIAN_POINT('',(-0.00801424853044512,-0.0263060366877881,0.));
#5120=CARTESIAN_POINT('',(-0.00566843772981818,-0.0288714751928562,0.0008));
#5121=CARTESIAN_POINT('',(-0.00566843772981818,-0.0288714751928562,0.));
#5122=CARTESIAN_POINT('',(-0.00299552183747036,-0.0303761586147723,0.0008));
#5123=CARTESIAN_POINT('',(-0.00299552183747036,-0.0303761586147723,0.));
#5124=CARTESIAN_POINT('',(-0.0100329542393512,-0.022679843099568,0.0008));
#5125=CARTESIAN_POINT('',(-0.0100329542393512,-0.022679843099568,0.0008));
#5126=CARTESIAN_POINT('',(-0.0100329542393512,-0.022679843099568,0.0008));
#5127=CARTESIAN_POINT('',(-0.00700489567599209,-0.0281191334818982,0.0008));
#5128=CARTESIAN_POINT('',(-0.00299552183747036,-0.0303761586147723,0.0008));
#5129=CARTESIAN_POINT('',(-0.0101591233461578,-0.022679843099568,0.0008));
#5130=CARTESIAN_POINT('',(-0.0102852924529644,-0.022679843099568,0.0008));
#5131=CARTESIAN_POINT('',(-0.0102852924529644,-0.022679843099568,0.0008));
#5132=CARTESIAN_POINT('',(-0.0101591233461578,-0.022679843099568,0.0008));
#5133=CARTESIAN_POINT('',(0.00495313189134723,-0.02671725451738,0.0008));
#5134=CARTESIAN_POINT('',(0.00495313189134723,-0.02671725451738,0.));
#5135=CARTESIAN_POINT('',(0.00206526122443996,-0.02671725451738,0.0008));
#5136=CARTESIAN_POINT('',(0.00206526122443996,-0.02671725451738,0.));
#5137=CARTESIAN_POINT('',(-0.000504850210509871,-0.0260583714040565,0.0008));
#5138=CARTESIAN_POINT('',(-0.000504850210509871,-0.0260583714040565,0.));
#5139=CARTESIAN_POINT('',(-0.00275720241350227,-0.0247406051774096,0.0008));
#5140=CARTESIAN_POINT('',(-0.00275720241350227,-0.0247406051774096,0.));
#5141=CARTESIAN_POINT('',(0.00495313189134723,-0.02671725451738,0.));
#5142=CARTESIAN_POINT('',(0.000621325890986332,-0.02671725451738,0.));
#5143=CARTESIAN_POINT('',(-0.00275720241350227,-0.0247406051774096,0.));
#5144=CARTESIAN_POINT('',(0.00495313189134723,-0.02671725451738,0.));
#5145=CARTESIAN_POINT('',(-0.00275720241350227,-0.0247406051774096,0.));
#5146=CARTESIAN_POINT('',(0.00495313189134723,-0.02671725451738,0.0008));
#5147=CARTESIAN_POINT('',(0.00495313189134723,-0.02671725451738,0.0008));
#5148=CARTESIAN_POINT('',(0.00495313189134723,-0.02671725451738,0.0008));
#5149=CARTESIAN_POINT('',(0.000621325890986332,-0.02671725451738,0.0008));
#5150=CARTESIAN_POINT('',(-0.00275720241350227,-0.0247406051774096,0.0008));
#5151=CARTESIAN_POINT('',(-0.00275720241350227,-0.0247406051774096,0.0008));
#5152=CARTESIAN_POINT('',(-0.00275720241350227,-0.0247406051774096,0.0008));
#5153=CARTESIAN_POINT('',(0.0108900893060814,-0.0246144360706029,0.0008));
#5154=CARTESIAN_POINT('',(0.0108900893060814,-0.0246144360706029,0.));
#5155=CARTESIAN_POINT('',(0.00950222913120845,-0.026016315035121,0.0008));
#5156=CARTESIAN_POINT('',(0.00950222913120845,-0.026016315035121,0.));
#5157=CARTESIAN_POINT('',(0.00752324332629707,-0.02671725451738,0.0008));
#5158=CARTESIAN_POINT('',(0.00752324332629707,-0.02671725451738,0.));
#5159=CARTESIAN_POINT('',(0.00495313189134723,-0.02671725451738,0.0008));
#5160=CARTESIAN_POINT('',(0.00495313189134723,-0.02671725451738,0.));
#5161=CARTESIAN_POINT('',(0.0108900893060814,-0.0246144360706029,0.));
#5162=CARTESIAN_POINT('',(0.00880829904377199,-0.02671725451738,0.));
#5163=CARTESIAN_POINT('',(0.00495313189134723,-0.02671725451738,0.));
#5164=CARTESIAN_POINT('',(0.0108900893060814,-0.0246144360706029,0.));
#5165=CARTESIAN_POINT('',(0.0108900893060814,-0.0246144360706029,0.0008));
#5166=CARTESIAN_POINT('',(0.0108900893060814,-0.0246144360706029,0.0008));
#5167=CARTESIAN_POINT('',(0.0108900893060814,-0.0246144360706029,0.0008));
#5168=CARTESIAN_POINT('',(0.00880829904377199,-0.02671725451738,0.0008));
#5169=CARTESIAN_POINT('',(0.00495313189134723,-0.02671725451738,0.0008));
#5170=CARTESIAN_POINT('',(0.0129718795683907,-0.018656450471401,0.0008));
#5171=CARTESIAN_POINT('',(0.0129718795683907,-0.018656450471401,0.));
#5172=CARTESIAN_POINT('',(0.0129718795683907,-0.0212265619063508,0.0008));
#5173=CARTESIAN_POINT('',(0.0129718795683907,-0.0212265619063508,0.));
#5174=CARTESIAN_POINT('',(0.0122779494809543,-0.0232125571060848,0.0008));
#5175=CARTESIAN_POINT('',(0.0122779494809543,-0.0232125571060848,0.));
#5176=CARTESIAN_POINT('',(0.0108900893060814,-0.0246144360706029,0.0008));
#5177=CARTESIAN_POINT('',(0.0108900893060814,-0.0246144360706029,0.));
#5178=CARTESIAN_POINT('',(0.0129718795683907,-0.018656450471401,0.));
#5179=CARTESIAN_POINT('',(0.0129718795683907,-0.0225116176238257,0.));
#5180=CARTESIAN_POINT('',(0.0108900893060814,-0.0246144360706029,0.));
#5181=CARTESIAN_POINT('',(0.0129718795683907,-0.018656450471401,0.));
#5182=CARTESIAN_POINT('',(0.0129718795683907,-0.018656450471401,0.0008));
#5183=CARTESIAN_POINT('',(0.0129718795683907,-0.018656450471401,0.0008));
#5184=CARTESIAN_POINT('',(0.0129718795683907,-0.018656450471401,0.0008));
#5185=CARTESIAN_POINT('',(0.0129718795683907,-0.0225116176238257,0.0008));
#5186=CARTESIAN_POINT('',(0.0108900893060814,-0.0246144360706029,0.0008));
#5187=CARTESIAN_POINT('',(0.0114368221022434,-0.0129087467168768,0.0008));
#5188=CARTESIAN_POINT('',(0.0114368221022434,-0.0129087467168768,0.));
#5189=CARTESIAN_POINT('',(0.0124601937463416,-0.0143667008399756,0.0008));
#5190=CARTESIAN_POINT('',(0.0124601937463416,-0.0143667008399756,0.));
#5191=CARTESIAN_POINT('',(0.0129718795683907,-0.0162826020914837,0.0008));
#5192=CARTESIAN_POINT('',(0.0129718795683907,-0.0162826020914837,0.));
#5193=CARTESIAN_POINT('',(0.0129718795683907,-0.018656450471401,0.0008));
#5194=CARTESIAN_POINT('',(0.0129718795683907,-0.018656450471401,0.));
#5195=CARTESIAN_POINT('',(0.0114368221022434,-0.0129087467168768,0.));
#5196=CARTESIAN_POINT('',(0.0129718795683907,-0.015095677901525,0.));
#5197=CARTESIAN_POINT('',(0.0129718795683907,-0.018656450471401,0.));
#5198=CARTESIAN_POINT('',(0.0114368221022434,-0.0129087467168768,0.));
#5199=CARTESIAN_POINT('',(0.0114368221022434,-0.0129087467168768,0.0008));
#5200=CARTESIAN_POINT('',(0.0114368221022434,-0.0129087467168768,0.0008));
#5201=CARTESIAN_POINT('',(0.0114368221022434,-0.0129087467168768,0.0008));
#5202=CARTESIAN_POINT('',(0.0129718795683907,-0.015095677901525,0.0008));
#5203=CARTESIAN_POINT('',(0.0129718795683907,-0.018656450471401,0.0008));
#5204=CARTESIAN_POINT('',(0.0070349221536566,-0.00967040630884003,0.0008));
#5205=CARTESIAN_POINT('',(0.0070349221536566,-0.00967040630884003,0.));
#5206=CARTESIAN_POINT('',(0.00894615047528294,-0.0103713457910991,0.0008));
#5207=CARTESIAN_POINT('',(0.00894615047528294,-0.0103713457910991,0.));
#5208=CARTESIAN_POINT('',(0.0104134504581452,-0.011450792593778,0.0008));
#5209=CARTESIAN_POINT('',(0.0104134504581452,-0.011450792593778,0.));
#5210=CARTESIAN_POINT('',(0.0114368221022434,-0.0129087467168768,0.0008));
#5211=CARTESIAN_POINT('',(0.0114368221022434,-0.0129087467168768,0.));
#5212=CARTESIAN_POINT('',(0.0070349221536566,-0.00967040630884003,0.));
#5213=CARTESIAN_POINT('',(0.00990176463609611,-0.0107218155322286,0.));
#5214=CARTESIAN_POINT('',(0.0114368221022434,-0.0129087467168768,0.));
#5215=CARTESIAN_POINT('',(0.0070349221536566,-0.00967040630884003,0.));
#5216=CARTESIAN_POINT('',(0.0070349221536566,-0.00967040630884003,0.0008));
#5217=CARTESIAN_POINT('',(0.0070349221536566,-0.00967040630884003,0.0008));
#5218=CARTESIAN_POINT('',(0.0070349221536566,-0.00967040630884003,0.0008));
#5219=CARTESIAN_POINT('',(0.00990176463609611,-0.0107218155322286,0.0008));
#5220=CARTESIAN_POINT('',(0.0114368221022434,-0.0129087467168768,0.0008));
#5221=CARTESIAN_POINT('',(-0.00139737981791972,-0.00853488434758037,0.0008));
#5222=CARTESIAN_POINT('',(-0.00139737981791972,-0.00853488434758037,0.));
#5223=CARTESIAN_POINT('',(0.00231292650817149,-0.0085909595061611,0.0008));
#5224=CARTESIAN_POINT('',(0.00231292650817149,-0.0085909595061611,0.));
#5225=CARTESIAN_POINT('',(0.00512369383203027,-0.00896946682658098,0.0008));
#5226=CARTESIAN_POINT('',(0.00512369383203027,-0.00896946682658098,0.));
#5227=CARTESIAN_POINT('',(0.0070349221536566,-0.00967040630884003,0.0008));
#5228=CARTESIAN_POINT('',(0.0070349221536566,-0.00967040630884003,0.));
#5229=CARTESIAN_POINT('',(-0.00139737981791972,-0.00853488434758037,0.));
#5230=CARTESIAN_POINT('',(0.0041680796712171,-0.00861899708545146,0.));
#5231=CARTESIAN_POINT('',(0.0070349221536566,-0.00967040630884003,0.));
#5232=CARTESIAN_POINT('',(-0.00139737981791972,-0.00853488434758037,0.));
#5233=CARTESIAN_POINT('',(-0.00139737981791972,-0.00853488434758037,0.0008));
#5234=CARTESIAN_POINT('',(-0.00139737981791972,-0.00853488434758037,0.0008));
#5235=CARTESIAN_POINT('',(-0.00139737981791972,-0.00853488434758037,0.0008));
#5236=CARTESIAN_POINT('',(0.0041680796712171,-0.00861899708545146,0.0008));
#5237=CARTESIAN_POINT('',(0.0070349221536566,-0.00967040630884003,0.0008));
#5238=CARTESIAN_POINT('',(-0.00571516702863545,-0.0084437622148867,0.0008));
#5239=CARTESIAN_POINT('',(-0.00571516702863545,-0.0084437622148867,0.));
#5240=CARTESIAN_POINT('',(-0.0100329542393512,-0.00835264008219302,0.));
#5241=CARTESIAN_POINT('',(-0.0100329542393512,-0.00835264008219302,0.0008));
#5242=CARTESIAN_POINT('',(-0.0100329542393512,-0.00835264008219302,0.0008));
#5243=CARTESIAN_POINT('',(-0.00571516702863545,-0.0084437622148867,0.0008));
#5244=CARTESIAN_POINT('',(-0.0100329542393512,-0.0103012518428732,0.0008));
#5245=CARTESIAN_POINT('',(-0.0100329542393512,-0.0103012518428732,0.));
#5246=CARTESIAN_POINT('',(-0.0100329542393512,-0.0122498636035533,0.));
#5247=CARTESIAN_POINT('',(-0.0100329542393512,-0.0122498636035533,0.0008));
#5248=CARTESIAN_POINT('',(-0.0100329542393512,-0.0122498636035533,0.0008));
#5249=CARTESIAN_POINT('',(-0.0100329542393512,-0.0103012518428732,0.0008));
#5250=CARTESIAN_POINT('',(-0.00808434247867103,-0.0193293523743697,0.0008));
#5251=CARTESIAN_POINT('',(-0.00808434247867103,-0.0193293523743697,0.));
#5252=CARTESIAN_POINT('',(-0.00938341698579113,-0.0170396167323235,0.0008));
#5253=CARTESIAN_POINT('',(-0.00938341698579113,-0.0170396167323235,0.));
#5254=CARTESIAN_POINT('',(-0.0100329542393512,-0.0146797871420513,0.0008));
#5255=CARTESIAN_POINT('',(-0.0100329542393512,-0.0146797871420513,0.));
#5256=CARTESIAN_POINT('',(-0.0100329542393512,-0.0122498636035533,0.0008));
#5257=CARTESIAN_POINT('',(-0.0100329542393512,-0.0122498636035533,0.));
#5258=CARTESIAN_POINT('',(-0.00808434247867103,-0.0193293523743697,0.));
#5259=CARTESIAN_POINT('',(-0.0100329542393512,-0.0158947489113003,0.));
#5260=CARTESIAN_POINT('',(-0.0100329542393512,-0.0122498636035533,0.));
#5261=CARTESIAN_POINT('',(-0.00808434247867103,-0.0193293523743697,0.));
#5262=CARTESIAN_POINT('',(-0.00808434247867103,-0.0193293523743697,0.0008));
#5263=CARTESIAN_POINT('',(-0.00808434247867103,-0.0193293523743697,0.0008));
#5264=CARTESIAN_POINT('',(-0.00808434247867103,-0.0193293523743697,0.0008));
#5265=CARTESIAN_POINT('',(-0.0100329542393512,-0.0158947489113003,0.0008));
#5266=CARTESIAN_POINT('',(-0.0100329542393512,-0.0122498636035533,0.0008));
#5267=CARTESIAN_POINT('',(-0.00275720241350227,-0.0247406051774096,0.0008));
#5268=CARTESIAN_POINT('',(-0.00275720241350227,-0.0247406051774096,0.));
#5269=CARTESIAN_POINT('',(-0.00500955461649468,-0.0234228389507625,0.0008));
#5270=CARTESIAN_POINT('',(-0.00500955461649468,-0.0234228389507625,0.));
#5271=CARTESIAN_POINT('',(-0.00678526797155093,-0.0216190880164159,0.0008));
#5272=CARTESIAN_POINT('',(-0.00678526797155093,-0.0216190880164159,0.));
#5273=CARTESIAN_POINT('',(-0.00808434247867103,-0.0193293523743697,0.0008));
#5274=CARTESIAN_POINT('',(-0.00808434247867103,-0.0193293523743697,0.));
#5275=CARTESIAN_POINT('',(-0.00275720241350227,-0.0247406051774096,0.));
#5276=CARTESIAN_POINT('',(-0.00613573071799088,-0.022763955837439,0.));
#5277=CARTESIAN_POINT('',(-0.00808434247867103,-0.0193293523743697,0.));
#5278=CARTESIAN_POINT('',(-0.00275720241350227,-0.0247406051774096,0.0008));
#5279=CARTESIAN_POINT('',(-0.00613573071799088,-0.022763955837439,0.0008));
#5280=CARTESIAN_POINT('',(-0.00808434247867103,-0.0193293523743697,0.0008));
#5281=CARTESIAN_POINT('',(-0.0125493269806612,-0.029885500977191,0.0008));
#5282=CARTESIAN_POINT('',(-0.0125493269806612,-0.029885500977191,0.));
#5283=CARTESIAN_POINT('',(-0.011217541964369,-0.0283527799759845,0.0008));
#5284=CARTESIAN_POINT('',(-0.011217541964369,-0.0283527799759845,0.));
#5285=CARTESIAN_POINT('',(-0.0104628637884701,-0.0259508940167768,0.0008));
#5286=CARTESIAN_POINT('',(-0.0104628637884701,-0.0259508940167768,0.));
#5287=CARTESIAN_POINT('',(-0.0102852924529644,-0.022679843099568,0.0008));
#5288=CARTESIAN_POINT('',(-0.0102852924529644,-0.022679843099568,0.));
#5289=CARTESIAN_POINT('',(-0.0125493269806612,-0.029885500977191,0.0008));
#5290=CARTESIAN_POINT('',(-0.0105516494562229,-0.0275864194753812,0.0008));
#5291=CARTESIAN_POINT('',(-0.0102852924529644,-0.022679843099568,0.0008));
#5292=CARTESIAN_POINT('',(2.77555756156289E-17,0.,0.0008));
#5293=CARTESIAN_POINT('',(0.,-6.93889390390723E-18,0.));
#5294=CARTESIAN_POINT('',(0.0387804713051689,-6.93889390390723E-18,0.0008));
#5295=CARTESIAN_POINT('',(0.0387804713051689,-0.03175,0.0008));
#5296=CARTESIAN_POINT('',(0.0387804713051689,-0.03175,0.0008));
#5297=CARTESIAN_POINT('',(0.0387804713051689,-6.93889390390723E-18,0.0008));
#5298=CARTESIAN_POINT('',(0.0387804713051689,0.03175,0.0008));
#5299=CARTESIAN_POINT('',(0.0387804713051689,0.03175,0.0008));
#5300=CARTESIAN_POINT('',(0.0348341820200504,-0.03175,0.0008));
#5301=CARTESIAN_POINT('',(0.0308878927349319,-0.03175,0.0008));
#5302=CARTESIAN_POINT('',(0.0308878927349319,-0.03175,0.0008));
#5303=CARTESIAN_POINT('',(0.0348341820200504,-0.03175,0.0008));
#5304=CARTESIAN_POINT('',(0.0308878927349319,0.,0.0008));
#5305=CARTESIAN_POINT('',(0.0308878927349319,0.03175,0.0008));
#5306=CARTESIAN_POINT('',(0.0308878927349319,0.03175,0.0008));
#5307=CARTESIAN_POINT('',(0.0308878927349319,0.,0.0008));
#5308=CARTESIAN_POINT('',(0.0348341820200504,0.03175,0.0008));
#5309=CARTESIAN_POINT('',(0.0348341820200504,0.03175,0.0008));
#5310=CARTESIAN_POINT('',(2.77555756156289E-17,0.,0.0008));
#5311=CARTESIAN_POINT('',(0.0649353419684106,-0.0317499999902719,0.0008));
#5312=CARTESIAN_POINT('',(0.0649353419684106,-0.0317499999902719,0.));
#5313=CARTESIAN_POINT('',(0.0677621850939,-0.0323387891618549,0.0008));
#5314=CARTESIAN_POINT('',(0.0677621850939,-0.0323387891618549,0.));
#5315=CARTESIAN_POINT('',(0.0709318284919328,-0.0326331837476464,0.0008));
#5316=CARTESIAN_POINT('',(0.0709318284919328,-0.0326331837476464,0.));
#5317=CARTESIAN_POINT('',(0.0744442721625091,-0.0326331837476464,0.0008));
#5318=CARTESIAN_POINT('',(0.0744442721625091,-0.0326331837476464,0.));
#5319=CARTESIAN_POINT('',(0.0649353419684106,-0.03175,0.0008));
#5320=CARTESIAN_POINT('',(0.0649353419684106,-0.03175,0.0008));
#5321=CARTESIAN_POINT('',(0.0649353419684106,-0.0317499999902719,0.0008));
#5322=CARTESIAN_POINT('',(0.0691756066566447,-0.0326331837476464,0.0008));
#5323=CARTESIAN_POINT('',(0.0744442721625091,-0.0326331837476464,0.0008));
#5324=CARTESIAN_POINT('',(0.0744442721625091,-0.0326331837476464,0.0008));
#5325=CARTESIAN_POINT('',(0.0744442721625091,-0.0326331837476464,0.0008));
#5326=CARTESIAN_POINT('',(0.0556240470638537,-0.0279438986113334,0.0008));
#5327=CARTESIAN_POINT('',(0.0556240470638537,-0.0279438986113334,0.));
#5328=CARTESIAN_POINT('',(0.0581446940344079,-0.0297133769149018,0.0008));
#5329=CARTESIAN_POINT('',(0.0581446940344079,-0.0297133769149018,0.));
#5330=CARTESIAN_POINT('',(0.0612484590025935,-0.030982077374548,0.0008));
#5331=CARTESIAN_POINT('',(0.0612484590025935,-0.030982077374548,0.));
#5332=CARTESIAN_POINT('',(0.0649353419684106,-0.0317499999902719,0.0008));
#5333=CARTESIAN_POINT('',(0.0649353419684106,-0.0317499999902719,0.));
#5334=CARTESIAN_POINT('',(0.0556240470638537,-0.0279438986113334,0.0008));
#5335=CARTESIAN_POINT('',(0.0556240470638537,-0.0279438986113334,0.0008));
#5336=CARTESIAN_POINT('',(0.0556240470638537,-0.0279438986113334,0.0008));
#5337=CARTESIAN_POINT('',(0.059405017519685,-0.0305981160666861,0.0008));
#5338=CARTESIAN_POINT('',(0.0649353419684106,-0.0317499999902719,0.0008));
#5339=CARTESIAN_POINT('',(0.048944093797925,-0.01470315179146,0.0008));
#5340=CARTESIAN_POINT('',(0.048944093797925,-0.01470315179146,0.));
#5341=CARTESIAN_POINT('',(0.048944093797925,-0.0204041262471669,0.0008));
#5342=CARTESIAN_POINT('',(0.048944093797925,-0.0204041262471669,0.));
#5343=CARTESIAN_POINT('',(0.0511707448865679,-0.024817708520458,0.0008));
#5344=CARTESIAN_POINT('',(0.0511707448865679,-0.024817708520458,0.));
#5345=CARTESIAN_POINT('',(0.0556240470638537,-0.0279438986113334,0.0008));
#5346=CARTESIAN_POINT('',(0.0556240470638537,-0.0279438986113334,0.));
#5347=CARTESIAN_POINT('',(0.048944093797925,-0.01470315179146,0.0008));
#5348=CARTESIAN_POINT('',(0.048944093797925,-0.01470315179146,0.0008));
#5349=CARTESIAN_POINT('',(0.048944093797925,-0.01470315179146,0.0008));
#5350=CARTESIAN_POINT('',(0.048944093797925,-0.0232546134750203,0.0008));
#5351=CARTESIAN_POINT('',(0.0556240470638537,-0.0279438986113334,0.0008));
#5352=CARTESIAN_POINT('',(0.0498833527041521,-0.00883628832495176,0.0008));
#5353=CARTESIAN_POINT('',(0.0498833527041521,-0.00883628832495176,0.));
#5354=CARTESIAN_POINT('',(0.0492571801000007,-0.0105045242927283,0.0008));
#5355=CARTESIAN_POINT('',(0.0492571801000007,-0.0105045242927283,0.));
#5356=CARTESIAN_POINT('',(0.048944093797925,-0.012460145448231,0.0008));
#5357=CARTESIAN_POINT('',(0.048944093797925,-0.012460145448231,0.));
#5358=CARTESIAN_POINT('',(0.048944093797925,-0.01470315179146,0.0008));
#5359=CARTESIAN_POINT('',(0.048944093797925,-0.01470315179146,0.));
#5360=CARTESIAN_POINT('',(0.0498833527041521,-0.00883628832495176,0.0008));
#5361=CARTESIAN_POINT('',(0.0498833527041521,-0.00883628832495176,0.0008));
#5362=CARTESIAN_POINT('',(0.0498833527041521,-0.00883628832495176,0.0008));
#5363=CARTESIAN_POINT('',(0.048944093797925,-0.0113386422766166,0.0008));
#5364=CARTESIAN_POINT('',(0.048944093797925,-0.01470315179146,0.0008));
#5365=CARTESIAN_POINT('',(0.0524908475781558,-0.00449747292976826,0.0008));
#5366=CARTESIAN_POINT('',(0.0524908475781558,-0.00449747292976826,0.));
#5367=CARTESIAN_POINT('',(0.0513786902663048,-0.00572178055878073,0.0008));
#5368=CARTESIAN_POINT('',(0.0513786902663048,-0.00572178055878073,0.));
#5369=CARTESIAN_POINT('',(0.0505095253083036,-0.00716805235717523,0.0008));
#5370=CARTESIAN_POINT('',(0.0505095253083036,-0.00716805235717523,0.));
#5371=CARTESIAN_POINT('',(0.0498833527041521,-0.00883628832495176,0.0008));
#5372=CARTESIAN_POINT('',(0.0498833527041521,-0.00883628832495176,0.));
#5373=CARTESIAN_POINT('',(0.0524908475781558,-0.00449747292976826,0.0008));
#5374=CARTESIAN_POINT('',(0.0524908475781558,-0.00449747292976826,0.0008));
#5375=CARTESIAN_POINT('',(0.0524908475781558,-0.00449747292976826,0.0008));
#5376=CARTESIAN_POINT('',(0.0508226116103793,-0.00633393437328696,0.0008));
#5377=CARTESIAN_POINT('',(0.0498833527041521,-0.00883628832495176,0.0008));
#5378=CARTESIAN_POINT('',(0.0564161086788064,-0.00139231102336068,0.0008));
#5379=CARTESIAN_POINT('',(0.0564161086788064,-0.00139231102336068,0.));
#5380=CARTESIAN_POINT('',(0.0549114252568903,-0.00223811133195326,0.0008));
#5381=CARTESIAN_POINT('',(0.0549114252568903,-0.00223811133195326,0.));
#5382=CARTESIAN_POINT('',(0.0536030048900068,-0.00327316530075579,0.0008));
#5383=CARTESIAN_POINT('',(0.0536030048900068,-0.00327316530075579,0.));
#5384=CARTESIAN_POINT('',(0.0524908475781558,-0.00449747292976826,0.0008));
#5385=CARTESIAN_POINT('',(0.0524908475781558,-0.00449747292976826,0.));
#5386=CARTESIAN_POINT('',(0.0564161086788064,-0.00139231102336068,0.0008));
#5387=CARTESIAN_POINT('',(0.0564161086788064,-0.00139231102336068,0.0008));
#5388=CARTESIAN_POINT('',(0.0564161086788064,-0.00139231102336068,0.0008));
#5389=CARTESIAN_POINT('',(0.0541590835459323,-0.00266101148624955,0.0008));
#5390=CARTESIAN_POINT('',(0.0524908475781558,-0.00449747292976826,0.0008));
#5391=CARTESIAN_POINT('',(0.0612525911063939,0.000822657740577909,0.0008));
#5392=CARTESIAN_POINT('',(0.0612525911063939,0.000822657740577909,0.));
#5393=CARTESIAN_POINT('',(0.0595329529099184,0.000191812206544767,0.0008));
#5394=CARTESIAN_POINT('',(0.0595329529099184,0.000191812206544767,0.));
#5395=CARTESIAN_POINT('',(0.0579207921007225,-0.000546510714768097,0.0008));
#5396=CARTESIAN_POINT('',(0.0579207921007225,-0.000546510714768097,0.));
#5397=CARTESIAN_POINT('',(0.0564161086788064,-0.00139231102336068,0.0008));
#5398=CARTESIAN_POINT('',(0.0564161086788064,-0.00139231102336068,0.));
#5399=CARTESIAN_POINT('',(0.0612525911063939,0.000822657740577909,0.0008));
#5400=CARTESIAN_POINT('',(0.0612525911063939,0.000822657740577909,0.0008));
#5401=CARTESIAN_POINT('',(0.0612525911063939,0.000822657740577909,0.0008));
#5402=CARTESIAN_POINT('',(0.0586731338116806,-0.000123610560471804,0.0008));
#5403=CARTESIAN_POINT('',(0.0564161086788064,-0.00139231102336068,0.0008));
#5404=CARTESIAN_POINT('',(0.0779536112771553,-0.0449837339221096,0.0008));
#5405=CARTESIAN_POINT('',(0.0666638439094337,0.00244883733941889,0.0008));
#5406=CARTESIAN_POINT('',(0.0666639377763257,0.00244844296269131,0.0008));
#5407=CARTESIAN_POINT('',(0.0779536112771553,-0.0449837339221096,0.0008));
#5408=CARTESIAN_POINT('',(0.17299109072459,-0.440412790716362,0.0008));
#5409=CARTESIAN_POINT('',(0.072341453715732,0.00377361296088849,0.0008));
#5410=CARTESIAN_POINT('',(0.072341453715732,0.00377361296088849,0.0008));
#5411=CARTESIAN_POINT('',(0.172991750788318,-0.440413497602996,0.000799999999999669));
#5412=CARTESIAN_POINT('',(0.0836826545386834,0.00695587821034457,0.0008));
#5413=CARTESIAN_POINT('',(0.0836826545386834,0.00695587821034457,0.));
#5414=CARTESIAN_POINT('',(0.0817854450067022,0.0060960591121068,0.0008));
#5415=CARTESIAN_POINT('',(0.0817854450067022,0.0060960591121068,0.));
#5416=CARTESIAN_POINT('',(0.0780050447323851,0.00503530402895478,0.0008));
#5417=CARTESIAN_POINT('',(0.0780050447323851,0.00503530402895478,0.));
#5418=CARTESIAN_POINT('',(0.072341453715732,0.00377361296088849,0.0008));
#5419=CARTESIAN_POINT('',(0.072341453715732,0.00377361296088849,0.));
#5420=CARTESIAN_POINT('',(0.0836826545386834,0.00695587821034457,0.0008));
#5421=CARTESIAN_POINT('',(0.0836826545386834,0.00695587821034457,0.0008));
#5422=CARTESIAN_POINT('',(0.0836826545386834,0.00695587821034457,0.0008));
#5423=CARTESIAN_POINT('',(0.0808368402407116,0.00566614956298792,0.0008));
#5424=CARTESIAN_POINT('',(0.072341453715732,0.00377361296088849,0.0008));
#5425=CARTESIAN_POINT('',(0.0880424981183346,0.0101101058805103,0.0008));
#5426=CARTESIAN_POINT('',(0.0880424981183346,0.0101101058805103,0.));
#5427=CARTESIAN_POINT('',(0.0870331452638816,0.00886710653197091,0.0008));
#5428=CARTESIAN_POINT('',(0.0870331452638816,0.00886710653197091,0.));
#5429=CARTESIAN_POINT('',(0.0855798640706645,0.00781569730858234,0.0008));
#5430=CARTESIAN_POINT('',(0.0855798640706645,0.00781569730858234,0.));
#5431=CARTESIAN_POINT('',(0.0836826545386834,0.00695587821034457,0.0008));
#5432=CARTESIAN_POINT('',(0.0836826545386834,0.00695587821034457,0.));
#5433=CARTESIAN_POINT('',(0.0880424981183346,0.0101101058805103,0.0008));
#5434=CARTESIAN_POINT('',(0.0880424981183346,0.0101101058805103,0.0008));
#5435=CARTESIAN_POINT('',(0.0880424981183346,0.0101101058805103,0.0008));
#5436=CARTESIAN_POINT('',(0.0865284688366551,0.00824560685770122,0.0008));
#5437=CARTESIAN_POINT('',(0.0836826545386834,0.00695587821034457,0.0008));
#5438=CARTESIAN_POINT('',(0.0895565274000142,0.0148204192012911,0.0008));
#5439=CARTESIAN_POINT('',(0.0895565274000142,0.0148204192012911,0.));
#5440=CARTESIAN_POINT('',(0.0895565274000142,0.0129232096693099,0.0008));
#5441=CARTESIAN_POINT('',(0.0895565274000142,0.0129232096693099,0.));
#5442=CARTESIAN_POINT('',(0.0890518509727877,0.0113531052290497,0.0008));
#5443=CARTESIAN_POINT('',(0.0890518509727877,0.0113531052290497,0.));
#5444=CARTESIAN_POINT('',(0.0880424981183346,0.0101101058805103,0.0008));
#5445=CARTESIAN_POINT('',(0.0880424981183346,0.0101101058805103,0.));
#5446=CARTESIAN_POINT('',(0.0895565274000142,0.0148204192012911,0.0008));
#5447=CARTESIAN_POINT('',(0.0895565274000142,0.0148204192012911,0.0008));
#5448=CARTESIAN_POINT('',(0.0895565274000142,0.0148204192012911,0.0008));
#5449=CARTESIAN_POINT('',(0.0895565274000142,0.0119746049033193,0.0008));
#5450=CARTESIAN_POINT('',(0.0880424981183346,0.0101101058805103,0.0008));
#5451=CARTESIAN_POINT('',(0.0856593038786539,0.0221382273960755,0.0008));
#5452=CARTESIAN_POINT('',(0.0856593038786539,0.0221382273960755,0.));
#5453=CARTESIAN_POINT('',(0.0882574528928941,0.0205027019374711,0.0008));
#5454=CARTESIAN_POINT('',(0.0882574528928941,0.0205027019374711,0.));
#5455=CARTESIAN_POINT('',(0.0895565274000142,0.0180634325392096,0.0008));
#5456=CARTESIAN_POINT('',(0.0895565274000142,0.0180634325392096,0.));
#5457=CARTESIAN_POINT('',(0.0895565274000142,0.0148204192012911,0.0008));
#5458=CARTESIAN_POINT('',(0.0895565274000142,0.0148204192012911,0.));
#5459=CARTESIAN_POINT('',(0.0856593038786539,0.0221382273960755,0.0008));
#5460=CARTESIAN_POINT('',(0.0856593038786539,0.0221382273960755,0.0008));
#5461=CARTESIAN_POINT('',(0.0856593038786539,0.0221382273960755,0.0008));
#5462=CARTESIAN_POINT('',(0.0895565274000142,0.0196849392081689,0.0008));
#5463=CARTESIAN_POINT('',(0.0895565274000142,0.0148204192012911,0.0008));
#5464=CARTESIAN_POINT('',(0.0743461406349929,0.0245915155839822,0.0008));
#5465=CARTESIAN_POINT('',(0.0743461406349929,0.0245915155839822,0.));
#5466=CARTESIAN_POINT('',(0.07929010044986,0.0245915155839822,0.0008));
#5467=CARTESIAN_POINT('',(0.07929010044986,0.0245915155839822,0.));
#5468=CARTESIAN_POINT('',(0.0830611548644137,0.02377375285468,0.0008));
#5469=CARTESIAN_POINT('',(0.0830611548644137,0.02377375285468,0.));
#5470=CARTESIAN_POINT('',(0.0856593038786539,0.0221382273960755,0.0008));
#5471=CARTESIAN_POINT('',(0.0856593038786539,0.0221382273960755,0.));
#5472=CARTESIAN_POINT('',(0.0743461406349929,0.0245915155839822,0.0008));
#5473=CARTESIAN_POINT('',(0.0743461406349929,0.0245915155839822,0.0008));
#5474=CARTESIAN_POINT('',(0.0743461406349929,0.0245915155839822,0.0008));
#5475=CARTESIAN_POINT('',(0.0817620803572936,0.0245915155839822,0.0008));
#5476=CARTESIAN_POINT('',(0.0856593038786539,0.0221382273960755,0.0008));
#5477=CARTESIAN_POINT('',(0.0637899920321716,0.0223765468200436,0.0008));
#5478=CARTESIAN_POINT('',(0.0637899920321716,0.0223765468200436,0.));
#5479=CARTESIAN_POINT('',(0.0663320658878311,0.0238531926626693,0.0008));
#5480=CARTESIAN_POINT('',(0.0663320658878311,0.0238531926626693,0.));
#5481=CARTESIAN_POINT('',(0.0698507820887715,0.0245915155839822,0.0008));
#5482=CARTESIAN_POINT('',(0.0698507820887715,0.0245915155839822,0.));
#5483=CARTESIAN_POINT('',(0.0743461406349929,0.0245915155839822,0.0008));
#5484=CARTESIAN_POINT('',(0.0743461406349929,0.0245915155839822,0.));
#5485=CARTESIAN_POINT('',(0.0637899920321716,0.0223765468200436,0.0008));
#5486=CARTESIAN_POINT('',(0.0637899920321716,0.0223765468200436,0.0008));
#5487=CARTESIAN_POINT('',(0.0637899920321716,0.0223765468200436,0.0008));
#5488=CARTESIAN_POINT('',(0.0676031028156608,0.0245915155839822,0.0008));
#5489=CARTESIAN_POINT('',(0.0743461406349929,0.0245915155839822,0.0008));
#5490=CARTESIAN_POINT('',(0.058631077442745,0.0152550016802917,0.0008));
#5491=CARTESIAN_POINT('',(0.058631077442745,0.0152550016802917,0.));
#5492=CARTESIAN_POINT('',(0.0595282799800366,0.0185260525975006,0.0008));
#5493=CARTESIAN_POINT('',(0.0595282799800366,0.0185260525975006,0.));
#5494=CARTESIAN_POINT('',(0.0612479181765121,0.0208999009774179,0.0008));
#5495=CARTESIAN_POINT('',(0.0612479181765121,0.0208999009774179,0.));
#5496=CARTESIAN_POINT('',(0.0637899920321716,0.0223765468200436,0.0008));
#5497=CARTESIAN_POINT('',(0.0637899920321716,0.0223765468200436,0.));
#5498=CARTESIAN_POINT('',(0.058631077442745,0.0152550016802917,0.0008));
#5499=CARTESIAN_POINT('',(0.058631077442745,0.0152550016802917,0.0008));
#5500=CARTESIAN_POINT('',(0.058631077442745,0.0152550016802917,0.0008));
#5501=CARTESIAN_POINT('',(0.0599768812486824,0.020161578056105,0.0008));
#5502=CARTESIAN_POINT('',(0.0637899920321716,0.0223765468200436,0.0008));
#5503=CARTESIAN_POINT('',(0.0545095532870618,0.0159769693470185,0.0008));
#5504=CARTESIAN_POINT('',(0.0503880291313786,0.0166989370137453,0.0008));
#5505=CARTESIAN_POINT('',(0.0503880291313786,0.0166989370137453,0.0008));
#5506=CARTESIAN_POINT('',(0.0545095532870618,0.0159769693470185,0.0008));
#5507=CARTESIAN_POINT('',(0.0581824761740992,0.027675649305922,0.0008));
#5508=CARTESIAN_POINT('',(0.0581824761740992,0.027675649305922,0.));
#5509=CARTESIAN_POINT('',(0.054472169848008,0.0255261015603276,0.0008));
#5510=CARTESIAN_POINT('',(0.054472169848008,0.0255261015603276,0.));
#5511=CARTESIAN_POINT('',(0.0518740208337678,0.0218671974629353,0.0008));
#5512=CARTESIAN_POINT('',(0.0518740208337678,0.0218671974629353,0.));
#5513=CARTESIAN_POINT('',(0.0503880291313786,0.0166989370137453,0.0008));
#5514=CARTESIAN_POINT('',(0.0503880291313786,0.0166989370137453,0.));
#5515=CARTESIAN_POINT('',(0.0581824761740992,0.027675649305922,0.0008));
#5516=CARTESIAN_POINT('',(0.0581824761740992,0.027675649305922,0.0008));
#5517=CARTESIAN_POINT('',(0.0581824761740992,0.027675649305922,0.0008));
#5518=CARTESIAN_POINT('',(0.0526170166849624,0.0244513276875304,0.0008));
#5519=CARTESIAN_POINT('',(0.0503880291313786,0.0166989370137453,0.0008));
#5520=CARTESIAN_POINT('',(0.0742620278971218,0.0308999709243136,0.0008));
#5521=CARTESIAN_POINT('',(0.0742620278971218,0.0308999709243136,0.));
#5522=CARTESIAN_POINT('',(0.0672526330745313,0.0308999709243136,0.0008));
#5523=CARTESIAN_POINT('',(0.0672526330745313,0.0308999709243136,0.));
#5524=CARTESIAN_POINT('',(0.0618927825001905,0.0298251970515164,0.0008));
#5525=CARTESIAN_POINT('',(0.0618927825001905,0.0298251970515164,0.));
#5526=CARTESIAN_POINT('',(0.0581824761740992,0.027675649305922,0.0008));
#5527=CARTESIAN_POINT('',(0.0581824761740992,0.027675649305922,0.));
#5528=CARTESIAN_POINT('',(0.0742620278971218,0.0308999709243136,0.0008));
#5529=CARTESIAN_POINT('',(0.0742620278971218,0.0308999709243136,0.0008));
#5530=CARTESIAN_POINT('',(0.0742620278971218,0.0308999709243136,0.0008));
#5531=CARTESIAN_POINT('',(0.0637479356632361,0.0308999709243136,0.0008));
#5532=CARTESIAN_POINT('',(0.0581824761740992,0.027675649305922,0.0008));
#5533=CARTESIAN_POINT('',(0.0916313082675009,0.0266032118980656,0.0008));
#5534=CARTESIAN_POINT('',(0.0916313082675009,0.0266032118980656,0.));
#5535=CARTESIAN_POINT('',(0.0875845509899254,0.0294677179155643,0.0008));
#5536=CARTESIAN_POINT('',(0.0875845509899254,0.0294677179155643,0.));
#5537=CARTESIAN_POINT('',(0.0817947908664657,0.0308999709243136,0.0008));
#5538=CARTESIAN_POINT('',(0.0817947908664657,0.0308999709243136,0.));
#5539=CARTESIAN_POINT('',(0.0742620278971218,0.0308999709243136,0.0008));
#5540=CARTESIAN_POINT('',(0.0742620278971218,0.0308999709243136,0.));
#5541=CARTESIAN_POINT('',(0.0916313082675009,0.0266032118980656,0.0008));
#5542=CARTESIAN_POINT('',(0.0916313082675009,0.0266032118980656,0.0008));
#5543=CARTESIAN_POINT('',(0.0916313082675009,0.0266032118980656,0.0008));
#5544=CARTESIAN_POINT('',(0.0855611723511376,0.0308999709243136,0.0008));
#5545=CARTESIAN_POINT('',(0.0742620278971218,0.0308999709243136,0.0008));
#5546=CARTESIAN_POINT('',(0.0977014441838643,0.0143858367222905,0.0008));
#5547=CARTESIAN_POINT('',(0.0977014441838643,0.0143858367222905,0.));
#5548=CARTESIAN_POINT('',(0.0977014441838643,0.019666247488642,0.0008));
#5549=CARTESIAN_POINT('',(0.0977014441838643,0.019666247488642,0.));
#5550=CARTESIAN_POINT('',(0.0956780655450765,0.023738705880567,0.0008));
#5551=CARTESIAN_POINT('',(0.0956780655450765,0.023738705880567,0.));
#5552=CARTESIAN_POINT('',(0.0916313082675009,0.0266032118980656,0.0008));
#5553=CARTESIAN_POINT('',(0.0916313082675009,0.0266032118980656,0.));
#5554=CARTESIAN_POINT('',(0.0977014441838643,0.0143858367222905,0.0008));
#5555=CARTESIAN_POINT('',(0.0977014441838643,0.0143858367222905,0.0008));
#5556=CARTESIAN_POINT('',(0.0977014441838643,0.0143858367222905,0.0008));
#5557=CARTESIAN_POINT('',(0.0977014441838643,0.0223064528718177,0.0008));
#5558=CARTESIAN_POINT('',(0.0916313082675009,0.0266032118980656,0.0008));
#5559=CARTESIAN_POINT('',(0.0965378846433143,0.00825261625252381,0.0008));
#5560=CARTESIAN_POINT('',(0.0965378846433143,0.00825261625252381,0.));
#5561=CARTESIAN_POINT('',(0.097313591003681,0.0100330025374618,0.0008));
#5562=CARTESIAN_POINT('',(0.097313591003681,0.0100330025374618,0.));
#5563=CARTESIAN_POINT('',(0.0977014441838643,0.0120774093607173,0.0008));
#5564=CARTESIAN_POINT('',(0.0977014441838643,0.0120774093607173,0.));
#5565=CARTESIAN_POINT('',(0.0977014441838643,0.0143858367222905,0.0008));
#5566=CARTESIAN_POINT('',(0.0977014441838643,0.0143858367222905,0.));
#5567=CARTESIAN_POINT('',(0.0965378846433143,0.00825261625252381,0.0008));
#5568=CARTESIAN_POINT('',(0.0965378846433143,0.00825261625252381,0.0008));
#5569=CARTESIAN_POINT('',(0.0965378846433143,0.00825261625252381,0.0008));
#5570=CARTESIAN_POINT('',(0.0977014441838643,0.0109231956799308,0.0008));
#5571=CARTESIAN_POINT('',(0.0977014441838643,0.0143858367222905,0.0008));
#5572=CARTESIAN_POINT('',(0.093187393918116,0.00358435930067856,0.0008));
#5573=CARTESIAN_POINT('',(0.093187393918116,0.00358435930067856,0.));
#5574=CARTESIAN_POINT('',(0.0946453480412149,0.00491614431697074,0.0008));
#5575=CARTESIAN_POINT('',(0.0946453480412149,0.00491614431697074,0.));
#5576=CARTESIAN_POINT('',(0.0957621782829476,0.00647222996758583,0.0008));
#5577=CARTESIAN_POINT('',(0.0957621782829476,0.00647222996758583,0.));
#5578=CARTESIAN_POINT('',(0.0965378846433143,0.00825261625252381,0.0008));
#5579=CARTESIAN_POINT('',(0.0965378846433143,0.00825261625252381,0.));
#5580=CARTESIAN_POINT('',(0.093187393918116,0.00358435930067856,0.0008));
#5581=CARTESIAN_POINT('',(0.093187393918116,0.00358435930067856,0.0008));
#5582=CARTESIAN_POINT('',(0.093187393918116,0.00358435930067856,0.0008));
#5583=CARTESIAN_POINT('',(0.0953743251027643,0.00558203682511684,0.0008));
#5584=CARTESIAN_POINT('',(0.0965378846433143,0.00825261625252381,0.0008));
#5585=CARTESIAN_POINT('',(0.0872083801344464,-3.24884277781226E-5,0.0008));
#5586=CARTESIAN_POINT('',(0.0872083801344464,-3.24884277781226E-5,0.));
#5587=CARTESIAN_POINT('',(0.0897364352004607,0.00104695837490081,0.0008));
#5588=CARTESIAN_POINT('',(0.0897364352004607,0.00104695837490081,0.));
#5589=CARTESIAN_POINT('',(0.0917294397950172,0.00225257428438637,0.0008));
#5590=CARTESIAN_POINT('',(0.0917294397950172,0.00225257428438637,0.));
#5591=CARTESIAN_POINT('',(0.093187393918116,0.00358435930067856,0.0008));
#5592=CARTESIAN_POINT('',(0.093187393918116,0.00358435930067856,0.));
#5593=CARTESIAN_POINT('',(0.0872083801344464,-3.24884277781226E-5,0.0008));
#5594=CARTESIAN_POINT('',(0.0872083801344464,-3.24884277781226E-5,0.0008));
#5595=CARTESIAN_POINT('',(0.0872083801344464,-3.24884277781226E-5,0.0008));
#5596=CARTESIAN_POINT('',(0.0910004627334678,0.00158668177624028,0.0008));
#5597=CARTESIAN_POINT('',(0.093187393918116,0.00358435930067856,0.0008));
#5598=CARTESIAN_POINT('',(0.0760984893406405,-0.00327783823063752,0.0008));
#5599=CARTESIAN_POINT('',(0.0760984893406405,-0.00327783823063752,0.));
#5600=CARTESIAN_POINT('',(0.0809770281371634,-0.00219371849807686,0.0008));
#5601=CARTESIAN_POINT('',(0.0809770281371634,-0.00219371849807686,0.));
#5602=CARTESIAN_POINT('',(0.0846803250684321,-0.00111193523045706,0.0008));
#5603=CARTESIAN_POINT('',(0.0846803250684321,-0.00111193523045706,0.));
#5604=CARTESIAN_POINT('',(0.0872083801344464,-3.24884277781226E-5,0.0008));
#5605=CARTESIAN_POINT('',(0.0872083801344464,-3.24884277781226E-5,0.));
#5606=CARTESIAN_POINT('',(0.0760984893406405,-0.00327783823063752,0.0008));
#5607=CARTESIAN_POINT('',(0.0760984893406405,-0.00327783823063752,0.0008));
#5608=CARTESIAN_POINT('',(0.0760984893406405,-0.00327783823063752,0.0008));
#5609=CARTESIAN_POINT('',(0.0834162975354249,-0.00165165863179652,0.0008));
#5610=CARTESIAN_POINT('',(0.0872083801344464,-3.24884277781226E-5,0.0008));
#5611=CARTESIAN_POINT('',(0.201762645337197,-0.559504665305941,0.0008));
#5612=CARTESIAN_POINT('',(0.0684372207995491,-0.00506523391039808,0.0008));
#5613=CARTESIAN_POINT('',(0.0684372207995491,-0.00506523391039808,0.0008));
#5614=CARTESIAN_POINT('',(0.201762645337197,-0.559504665305941,0.0008));
#5615=CARTESIAN_POINT('',(0.0624792352003472,-0.00712599598823968,0.0008));
#5616=CARTESIAN_POINT('',(0.0624792352003472,-0.00712599598823968,0.));
#5617=CARTESIAN_POINT('',(0.0641474711681237,-0.00630823325893746,0.0008));
#5618=CARTESIAN_POINT('',(0.0641474711681237,-0.00630823325893746,0.));
#5619=CARTESIAN_POINT('',(0.0661334663678577,-0.00562131256632359,0.0008));
#5620=CARTESIAN_POINT('',(0.0661334663678577,-0.00562131256632359,0.));
#5621=CARTESIAN_POINT('',(0.0684372207995491,-0.00506523391039808,0.0008));
#5622=CARTESIAN_POINT('',(0.0684372207995491,-0.00506523391039808,0.));
#5623=CARTESIAN_POINT('',(0.0624792352003472,-0.00712599598823968,0.0008));
#5624=CARTESIAN_POINT('',(0.0624792352003472,-0.00712599598823968,0.0008));
#5625=CARTESIAN_POINT('',(0.0624792352003472,-0.00712599598823968,0.0008));
#5626=CARTESIAN_POINT('',(0.064981589152012,-0.00589935189428635,0.0008));
#5627=CARTESIAN_POINT('',(0.0684372207995491,-0.00506523391039808,0.0008));
#5628=CARTESIAN_POINT('',(0.0586030398634547,-0.0102381672894698,0.0008));
#5629=CARTESIAN_POINT('',(0.0586030398634547,-0.0102381672894698,0.));
#5630=CARTESIAN_POINT('',(0.0595189341202732,-0.00898114915128529,0.0008));
#5631=CARTESIAN_POINT('',(0.0595189341202732,-0.00898114915128529,0.));
#5632=CARTESIAN_POINT('',(0.0608109992325707,-0.0079437587175419,0.0008));
#5633=CARTESIAN_POINT('',(0.0608109992325707,-0.0079437587175419,0.));
#5634=CARTESIAN_POINT('',(0.0624792352003472,-0.00712599598823968,0.0008));
#5635=CARTESIAN_POINT('',(0.0624792352003472,-0.00712599598823968,0.));
#5636=CARTESIAN_POINT('',(0.0586030398634547,-0.0102381672894698,0.0008));
#5637=CARTESIAN_POINT('',(0.0586030398634547,-0.0102381672894698,0.0008));
#5638=CARTESIAN_POINT('',(0.0586030398634547,-0.0102381672894698,0.0008));
#5639=CARTESIAN_POINT('',(0.0599768812486824,-0.00835264008219301,0.0008));
#5640=CARTESIAN_POINT('',(0.0624792352003472,-0.00712599598823968,0.0008));
#5641=CARTESIAN_POINT('',(0.0572291984782269,-0.0151517530601058,0.0008));
#5642=CARTESIAN_POINT('',(0.0572291984782269,-0.0151517530601058,0.));
#5643=CARTESIAN_POINT('',(0.0572291984782269,-0.0131330473511997,0.0008));
#5644=CARTESIAN_POINT('',(0.0572291984782269,-0.0131330473511997,0.));
#5645=CARTESIAN_POINT('',(0.0576871456066362,-0.0114951854276544,0.0008));
#5646=CARTESIAN_POINT('',(0.0576871456066362,-0.0114951854276544,0.));
#5647=CARTESIAN_POINT('',(0.0586030398634547,-0.0102381672894698,0.0008));
#5648=CARTESIAN_POINT('',(0.0586030398634547,-0.0102381672894698,0.));
#5649=CARTESIAN_POINT('',(0.0572291984782269,-0.0151517530601058,0.0008));
#5650=CARTESIAN_POINT('',(0.0572291984782269,-0.0151517530601058,0.0008));
#5651=CARTESIAN_POINT('',(0.0572291984782269,-0.0151517530601058,0.0008));
#5652=CARTESIAN_POINT('',(0.0572291984782269,-0.0121236944967467,0.0008));
#5653=CARTESIAN_POINT('',(0.0586030398634547,-0.0102381672894698,0.0008));
#5654=CARTESIAN_POINT('',(0.0616310984268138,-0.0233176980284237,0.0008));
#5655=CARTESIAN_POINT('',(0.0616310984268138,-0.0233176980284237,0.));
#5656=CARTESIAN_POINT('',(0.0586964984610892,-0.021462544865378,0.0008));
#5657=CARTESIAN_POINT('',(0.0586964984610892,-0.021462544865378,0.));
#5658=CARTESIAN_POINT('',(0.0572291984782269,-0.0187405632092721,0.0008));
#5659=CARTESIAN_POINT('',(0.0572291984782269,-0.0187405632092721,0.));
#5660=CARTESIAN_POINT('',(0.0572291984782269,-0.0151517530601058,0.0008));
#5661=CARTESIAN_POINT('',(0.0572291984782269,-0.0151517530601058,0.));
#5662=CARTESIAN_POINT('',(0.0616310984268138,-0.0233176980284237,0.0008));
#5663=CARTESIAN_POINT('',(0.0616310984268138,-0.0233176980284237,0.0008));
#5664=CARTESIAN_POINT('',(0.0616310984268138,-0.0233176980284237,0.0008));
#5665=CARTESIAN_POINT('',(0.0572291984782269,-0.0205349682838552,0.0008));
#5666=CARTESIAN_POINT('',(0.0572291984782269,-0.0151517530601058,0.0008));
#5667=CARTESIAN_POINT('',(0.0741358587903152,-0.0261004277729921,0.0008));
#5668=CARTESIAN_POINT('',(0.0741358587903152,-0.0261004277729921,0.));
#5669=CARTESIAN_POINT('',(0.0687339518470388,-0.0261004277729921,0.0008));
#5670=CARTESIAN_POINT('',(0.0687339518470388,-0.0261004277729921,0.));
#5671=CARTESIAN_POINT('',(0.0645656983925383,-0.0251728511914693,0.0008));
#5672=CARTESIAN_POINT('',(0.0645656983925383,-0.0251728511914693,0.));
#5673=CARTESIAN_POINT('',(0.0616310984268138,-0.0233176980284237,0.0008));
#5674=CARTESIAN_POINT('',(0.0616310984268138,-0.0233176980284237,0.));
#5675=CARTESIAN_POINT('',(0.0741358587903152,-0.0261004277729921,0.0008));
#5676=CARTESIAN_POINT('',(0.0741358587903152,-0.0261004277729921,0.0008));
#5677=CARTESIAN_POINT('',(0.0741358587903152,-0.0261004277729921,0.0008));
#5678=CARTESIAN_POINT('',(0.0660329983754006,-0.0261004277729921,0.0008));
#5679=CARTESIAN_POINT('',(0.0616310984268138,-0.0233176980284237,0.0008));
#5680=CARTESIAN_POINT('',(0.0865284688366551,-0.0234929328989884,0.0008));
#5681=CARTESIAN_POINT('',(0.0865284688366551,-0.0234929328989884,0.));
#5682=CARTESIAN_POINT('',(0.0834910644135326,-0.0252312628149909,0.0008));
#5683=CARTESIAN_POINT('',(0.0834910644135326,-0.0252312628149909,0.));
#5684=CARTESIAN_POINT('',(0.0793601943980859,-0.0261004277729921,0.0008));
#5685=CARTESIAN_POINT('',(0.0793601943980859,-0.0261004277729921,0.));
#5686=CARTESIAN_POINT('',(0.0741358587903152,-0.0261004277729921,0.0008));
#5687=CARTESIAN_POINT('',(0.0741358587903152,-0.0261004277729921,0.));
#5688=CARTESIAN_POINT('',(0.0865284688366551,-0.0234929328989884,0.0008));
#5689=CARTESIAN_POINT('',(0.0865284688366551,-0.0234929328989884,0.0008));
#5690=CARTESIAN_POINT('',(0.0865284688366551,-0.0234929328989884,0.0008));
#5691=CARTESIAN_POINT('',(0.0819723622019713,-0.0261004277729921,0.0008));
#5692=CARTESIAN_POINT('',(0.0741358587903152,-0.0261004277729921,0.0008));
#5693=CARTESIAN_POINT('',(0.092486454435857,-0.015319978535848,0.0008));
#5694=CARTESIAN_POINT('',(0.092486454435857,-0.015319978535848,0.));
#5695=CARTESIAN_POINT('',(0.0915518684595116,-0.0190302848619392,0.0008));
#5696=CARTESIAN_POINT('',(0.0915518684595116,-0.0190302848619392,0.));
#5697=CARTESIAN_POINT('',(0.0895658732597776,-0.021754602982986,0.0008));
#5698=CARTESIAN_POINT('',(0.0895658732597776,-0.021754602982986,0.));
#5699=CARTESIAN_POINT('',(0.0865284688366551,-0.0234929328989884,0.0008));
#5700=CARTESIAN_POINT('',(0.0865284688366551,-0.0234929328989884,0.));
#5701=CARTESIAN_POINT('',(0.092486454435857,-0.015319978535848,0.0008));
#5702=CARTESIAN_POINT('',(0.092486454435857,-0.015319978535848,0.0008));
#5703=CARTESIAN_POINT('',(0.092486454435857,-0.015319978535848,0.0008));
#5704=CARTESIAN_POINT('',(0.0910845754713389,-0.0208854380249847,0.0008));
#5705=CARTESIAN_POINT('',(0.0865284688366551,-0.0234929328989884,0.0008));
#5706=CARTESIAN_POINT('',(0.0965378846433143,-0.0161330683352684,0.0008));
#5707=CARTESIAN_POINT('',(0.100589314850772,-0.016946158134689,0.0008));
#5708=CARTESIAN_POINT('',(0.100589314850772,-0.016946158134689,0.0008));
#5709=CARTESIAN_POINT('',(0.0965378846433143,-0.0161330683352684,0.0008));
#5710=CARTESIAN_POINT('',(0.084080541436267,-0.0317500000000315,0.0008));
#5711=CARTESIAN_POINT('',(0.084080541436267,-0.0317500000000315,1.0842021724855E-19));
#5712=CARTESIAN_POINT('',(0.0932615444793865,-0.0298573445974972,0.0008));
#5713=CARTESIAN_POINT('',(0.0932615444793865,-0.0298573445974972,1.0842021724855E-19));
#5714=CARTESIAN_POINT('',(0.0987644689508881,-0.024922730642383,0.0008));
#5715=CARTESIAN_POINT('',(0.0987644689508881,-0.024922730642383,1.0842021724855E-19));
#5716=CARTESIAN_POINT('',(0.100589314850772,-0.0169461581346889,0.0008));
#5717=CARTESIAN_POINT('',(0.100589314850772,-0.0169461581346889,1.0842021724855E-19));
#5718=CARTESIAN_POINT('',(0.084080541436267,-0.0317500000000314,0.0008));
#5719=CARTESIAN_POINT('',(0.084080541436267,-0.0317500000000314,0.0008));
#5720=CARTESIAN_POINT('',(0.084080541436267,-0.0317500000000314,0.0008));
#5721=CARTESIAN_POINT('',(0.0978520460009463,-0.02891101689623,0.0008));
#5722=CARTESIAN_POINT('',(0.100589314850772,-0.0169461581346889,0.0008));
#5723=CARTESIAN_POINT('',(0.0744442721625091,-0.0326331837476464,0.0008));
#5724=CARTESIAN_POINT('',(0.0744442721625091,-0.0326331837476464,0.));
#5725=CARTESIAN_POINT('',(0.0780123189089667,-0.0326331837476464,0.0008));
#5726=CARTESIAN_POINT('',(0.0780123189089667,-0.0326331837476464,1.0842021724855E-19));
#5727=CARTESIAN_POINT('',(0.081224408666886,-0.0323387891651081,0.0008));
#5728=CARTESIAN_POINT('',(0.081224408666886,-0.0323387891651081,1.0842021724855E-19));
#5729=CARTESIAN_POINT('',(0.084080541436267,-0.0317500000000314,0.0008));
#5730=CARTESIAN_POINT('',(0.084080541436267,-0.0317500000000314,0.));
#5731=CARTESIAN_POINT('',(0.0744442721625091,-0.0326331837476464,0.0008));
#5732=CARTESIAN_POINT('',(0.0797963422821955,-0.0326331837476464,0.0008));
#5733=CARTESIAN_POINT('',(0.084080541436267,-0.0317500000000314,0.0008));
#5734=CARTESIAN_POINT('',(2.77555756156289E-17,0.,0.0008));
#5735=MECHANICAL_DESIGN_GEOMETRIC_PRESENTATION_REPRESENTATION('',(#3206),
#5736);
#5736=(
GEOMETRIC_REPRESENTATION_CONTEXT(3)
GLOBAL_UNCERTAINTY_ASSIGNED_CONTEXT((#5737))
GLOBAL_UNIT_ASSIGNED_CONTEXT((#5740,#5739,#5738))
REPRESENTATION_CONTEXT('Keyboard Case','TOP_LEVEL_ASSEMBLY_PART')
);
#5737=UNCERTAINTY_MEASURE_WITH_UNIT(LENGTH_MEASURE(2.E-5),#5740,
'DISTANCE_ACCURACY_VALUE','Maximum Tolerance applied to model');
#5738=(
NAMED_UNIT(*)
SI_UNIT($,.STERADIAN.)
SOLID_ANGLE_UNIT()
);
#5739=(
NAMED_UNIT(*)
PLANE_ANGLE_UNIT()
SI_UNIT($,.RADIAN.)
);
#5740=(
LENGTH_UNIT()
NAMED_UNIT(*)
SI_UNIT($,.METRE.)
);
#5741=PRODUCT_DEFINITION_SHAPE('','',#5742);
#5742=PRODUCT_DEFINITION('','',#5744,#5743);
#5743=PRODUCT_DEFINITION_CONTEXT('',#5750,'design');
#5744=PRODUCT_DEFINITION_FORMATION_WITH_SPECIFIED_SOURCE('','',#5746,
 .NOT_KNOWN.);
#5745=PRODUCT_RELATED_PRODUCT_CATEGORY('','',(#5746));
#5746=PRODUCT('Keyboard Case','Keyboard Case','Keyboard Case',(#5748));
#5747=PRODUCT_CATEGORY('','');
#5748=PRODUCT_CONTEXT('',#5750,'mechanical');
#5749=APPLICATION_PROTOCOL_DEFINITION('international standard',
'ap242_managed_model_based_3d_engineering',2020,#5750);
#5750=APPLICATION_CONTEXT('managed model based 3d engineering');
ENDSEC;
END-ISO-10303-21;
